verse_A,verse_B,lang_A,lang_B,poet_A,poet_B,alignment
sanskrit_0036,tamil_0103,sanskrit,tamil,Upanishad,Thiruvalluvar,0.7879
sanskrit_0036,tamil_0097,sanskrit,tamil,Upanishad,Thiruvalluvar,0.7869
sanskrit_0036,tamil_0100,sanskrit,tamil,Upanishad,Thiruvalluvar,0.786
sanskrit_0039,tamil_0103,sanskrit,tamil,Upanishad,Thiruvalluvar,0.7827
sanskrit_0039,tamil_0097,sanskrit,tamil,Upanishad,Thiruvalluvar,0.7817
sanskrit_0039,tamil_0100,sanskrit,tamil,Upanishad,Thiruvalluvar,0.7814
sanskrit_0036,tamil_0091,sanskrit,tamil,Upanishad,Thiruvalluvar,0.7806
urdu_0000,tamil_0103,urdu,tamil,Ghalib,Thiruvalluvar,0.7804
urdu_0000,tamil_0100,urdu,tamil,Ghalib,Thiruvalluvar,0.7799
urdu_0000,tamil_0094,urdu,tamil,Ghalib,Thiruvalluvar,0.7792
sanskrit_0042,tamil_0103,sanskrit,tamil,Upanishad,Thiruvalluvar,0.7789
sanskrit_0042,tamil_0097,sanskrit,tamil,Upanishad,Thiruvalluvar,0.7789
urdu_0000,tamil_0097,urdu,tamil,Ghalib,Thiruvalluvar,0.7778
urdu_0003,tamil_0100,urdu,tamil,Ghalib,Thiruvalluvar,0.7776
urdu_0003,tamil_0103,urdu,tamil,Ghalib,Thiruvalluvar,0.7775
urdu_0012,tamil_0100,urdu,tamil,Ghalib,Thiruvalluvar,0.7764
sanskrit_0042,tamil_0100,sanskrit,tamil,Upanishad,Thiruvalluvar,0.7762
urdu_0012,tamil_0103,urdu,tamil,Ghalib,Thiruvalluvar,0.7762
urdu_0003,tamil_0094,urdu,tamil,Ghalib,Thiruvalluvar,0.7756
sanskrit_0039,tamil_0091,sanskrit,tamil,Upanishad,Thiruvalluvar,0.7755
urdu_0003,tamil_0097,urdu,tamil,Ghalib,Thiruvalluvar,0.7751
urdu_0009,tamil_0100,urdu,tamil,Ghalib,Thiruvalluvar,0.7744
urdu_0012,tamil_0094,urdu,tamil,Ghalib,Thiruvalluvar,0.7742
sanskrit_0045,tamil_0103,sanskrit,tamil,Upanishad,Thiruvalluvar,0.774
urdu_0012,tamil_0097,urdu,tamil,Ghalib,Thiruvalluvar,0.7739
urdu_0009,tamil_0103,urdu,tamil,Ghalib,Thiruvalluvar,0.7737
urdu_0015,tamil_0103,urdu,tamil,Ghalib,Thiruvalluvar,0.7735
urdu_0000,tamil_0091,urdu,tamil,Ghalib,Thiruvalluvar,0.7735
sanskrit_0045,tamil_0097,sanskrit,tamil,Upanishad,Thiruvalluvar,0.7725
urdu_0015,tamil_0100,urdu,tamil,Ghalib,Thiruvalluvar,0.7724
urdu_0015,tamil_0097,urdu,tamil,Ghalib,Thiruvalluvar,0.7719
urdu_0009,tamil_0094,urdu,tamil,Ghalib,Thiruvalluvar,0.7718
urdu_0009,tamil_0097,urdu,tamil,Ghalib,Thiruvalluvar,0.7716
sanskrit_0042,tamil_0091,sanskrit,tamil,Upanishad,Thiruvalluvar,0.7716
urdu_0015,tamil_0094,urdu,tamil,Ghalib,Thiruvalluvar,0.7712
sanskrit_0036,tamil_0094,sanskrit,tamil,Upanishad,Thiruvalluvar,0.7711
urdu_0006,tamil_0100,urdu,tamil,Ghalib,Thiruvalluvar,0.7709
urdu_0003,tamil_0091,urdu,tamil,Ghalib,Thiruvalluvar,0.7704
urdu_0012,tamil_0091,urdu,tamil,Ghalib,Thiruvalluvar,0.7693
urdu_0000,tamil_0105,urdu,tamil,Ghalib,Kaniyan Pungundranar,0.7687
urdu_0006,tamil_0103,urdu,tamil,Ghalib,Thiruvalluvar,0.7682
sanskrit_0045,tamil_0100,sanskrit,tamil,Upanishad,Thiruvalluvar,0.768
urdu_0006,tamil_0097,urdu,tamil,Ghalib,Thiruvalluvar,0.7679
sanskrit_0045,tamil_0091,sanskrit,tamil,Upanishad,Thiruvalluvar,0.7675
urdu_0006,tamil_0094,urdu,tamil,Ghalib,Thiruvalluvar,0.7673
urdu_0015,tamil_0091,urdu,tamil,Ghalib,Thiruvalluvar,0.7663
urdu_0009,tamil_0091,urdu,tamil,Ghalib,Thiruvalluvar,0.7662
sanskrit_0051,tamil_0103,sanskrit,tamil,Upanishad,Thiruvalluvar,0.7656
sanskrit_0048,tamil_0103,sanskrit,tamil,Upanishad,Thiruvalluvar,0.7656
urdu_0000,tamil_0102,urdu,tamil,Ghalib,Kaniyan Pungundranar,0.7648
sanskrit_0048,tamil_0097,sanskrit,tamil,Upanishad,Thiruvalluvar,0.7642
sanskrit_0051,tamil_0097,sanskrit,tamil,Upanishad,Thiruvalluvar,0.7635
urdu_0003,tamil_0105,urdu,tamil,Ghalib,Kaniyan Pungundranar,0.7634
sanskrit_0039,tamil_0094,sanskrit,tamil,Upanishad,Thiruvalluvar,0.7633
urdu_0000,tamil_0090,urdu,tamil,Ghalib,Kaniyan Pungundranar,0.7633
urdu_0012,tamil_0105,urdu,tamil,Ghalib,Kaniyan Pungundranar,0.763
urdu_0009,tamil_0105,urdu,tamil,Ghalib,Kaniyan Pungundranar,0.761
urdu_0006,tamil_0091,urdu,tamil,Ghalib,Thiruvalluvar,0.7609
sanskrit_0048,tamil_0100,sanskrit,tamil,Upanishad,Thiruvalluvar,0.7605
sanskrit_0051,tamil_0100,sanskrit,tamil,Upanishad,Thiruvalluvar,0.7604
urdu_0003,tamil_0102,urdu,tamil,Ghalib,Kaniyan Pungundranar,0.7599
sanskrit_0042,tamil_0094,sanskrit,tamil,Upanishad,Thiruvalluvar,0.7598
sanskrit_0051,tamil_0091,sanskrit,tamil,Upanishad,Thiruvalluvar,0.7591
urdu_0012,tamil_0102,urdu,tamil,Ghalib,Kaniyan Pungundranar,0.7588
hindi_0030,tamil_0090,hindi,tamil,Kabir,Kaniyan Pungundranar,0.7588
hindi_0018,tamil_0090,hindi,tamil,Kabir,Kaniyan Pungundranar,0.7583
sanskrit_0048,tamil_0091,sanskrit,tamil,Upanishad,Thiruvalluvar,0.7579
urdu_0003,tamil_0090,urdu,tamil,Ghalib,Kaniyan Pungundranar,0.7577
urdu_0009,tamil_0102,urdu,tamil,Ghalib,Kaniyan Pungundranar,0.7575
urdu_0012,tamil_0090,urdu,tamil,Ghalib,Kaniyan Pungundranar,0.7573
sanskrit_0045,tamil_0094,sanskrit,tamil,Upanishad,Thiruvalluvar,0.7554
urdu_0009,tamil_0090,urdu,tamil,Ghalib,Kaniyan Pungundranar,0.7552
urdu_0000,tamil_0093,urdu,tamil,Ghalib,Kaniyan Pungundranar,0.7534
hindi_0027,tamil_0099,hindi,tamil,Kabir,Kaniyan Pungundranar,0.7527
hindi_0030,tamil_0093,hindi,tamil,Kabir,Kaniyan Pungundranar,0.7526
hindi_0018,tamil_0093,hindi,tamil,Kabir,Kaniyan Pungundranar,0.7525
urdu_0006,tamil_0105,urdu,tamil,Ghalib,Kaniyan Pungundranar,0.7517
hindi_0027,tamil_0090,hindi,tamil,Kabir,Kaniyan Pungundranar,0.7516
urdu_0015,tamil_0105,urdu,tamil,Ghalib,Kaniyan Pungundranar,0.7489
hindi_0027,tamil_0093,hindi,tamil,Kabir,Kaniyan Pungundranar,0.7486
hindi_0024,tamil_0090,hindi,tamil,Kabir,Kaniyan Pungundranar,0.7481
urdu_0003,tamil_0093,urdu,tamil,Ghalib,Kaniyan Pungundranar,0.7477
urdu_0006,tamil_0102,urdu,tamil,Ghalib,Kaniyan Pungundranar,0.7476
urdu_0012,tamil_0093,urdu,tamil,Ghalib,Kaniyan Pungundranar,0.747
urdu_0015,tamil_0102,urdu,tamil,Ghalib,Kaniyan Pungundranar,0.7468
urdu_0006,tamil_0090,urdu,tamil,Ghalib,Kaniyan Pungundranar,0.7455
sanskrit_0048,tamil_0094,sanskrit,tamil,Upanishad,Thiruvalluvar,0.7452
urdu_0009,tamil_0093,urdu,tamil,Ghalib,Kaniyan Pungundranar,0.745
urdu_0000,tamil_0096,urdu,tamil,Ghalib,Kaniyan Pungundranar,0.7448
sanskrit_0051,tamil_0094,sanskrit,tamil,Upanishad,Thiruvalluvar,0.7446
hindi_0024,tamil_0093,hindi,tamil,Kabir,Kaniyan Pungundranar,0.7446
hindi_0024,tamil_0099,hindi,tamil,Kabir,Kaniyan Pungundranar,0.7436
sanskrit_0049,tamil_0090,sanskrit,tamil,Chandogya Upanishad,Kaniyan Pungundranar,0.7427
urdu_0015,tamil_0090,urdu,tamil,Ghalib,Kaniyan Pungundranar,0.7427
sanskrit_0046,tamil_0090,sanskrit,tamil,Chandogya Upanishad,Kaniyan Pungundranar,0.7408
hindi_0018,tamil_0096,hindi,tamil,Kabir,Kaniyan Pungundranar,0.7406
hindi_0030,tamil_0096,hindi,tamil,Kabir,Kaniyan Pungundranar,0.7404
hindi_0033,tamil_0090,hindi,tamil,Kabir,Kaniyan Pungundranar,0.7403
sanskrit_0049,tamil_0093,sanskrit,tamil,Chandogya Upanishad,Kaniyan Pungundranar,0.7398
hindi_0021,tamil_0099,hindi,tamil,Kabir,Kaniyan Pungundranar,0.7393
sanskrit_0040,tamil_0090,sanskrit,tamil,Chandogya Upanishad,Kaniyan Pungundranar,0.7391
urdu_0003,tamil_0096,urdu,tamil,Ghalib,Kaniyan Pungundranar,0.739
hindi_0030,tamil_0099,hindi,tamil,Kabir,Kaniyan Pungundranar,0.7386
sanskrit_0046,tamil_0093,sanskrit,tamil,Chandogya Upanishad,Kaniyan Pungundranar,0.7385
sanskrit_0052,tamil_0090,sanskrit,tamil,Chandogya Upanishad,Kaniyan Pungundranar,0.7382
sanskrit_0037,tamil_0090,sanskrit,tamil,Chandogya Upanishad,Kaniyan Pungundranar,0.738
urdu_0012,tamil_0096,urdu,tamil,Ghalib,Kaniyan Pungundranar,0.7379
hindi_0033,tamil_0093,hindi,tamil,Kabir,Kaniyan Pungundranar,0.7377
hindi_0018,tamil_0100,hindi,tamil,Kabir,Thiruvalluvar,0.7367
hindi_0033,tamil_0099,hindi,tamil,Kabir,Kaniyan Pungundranar,0.736
hindi_0018,tamil_0099,hindi,tamil,Kabir,Kaniyan Pungundranar,0.7357
urdu_0009,tamil_0096,urdu,tamil,Ghalib,Kaniyan Pungundranar,0.7355
urdu_0006,tamil_0093,urdu,tamil,Ghalib,Kaniyan Pungundranar,0.7354
hindi_0030,tamil_0105,hindi,tamil,Kabir,Kaniyan Pungundranar,0.7346
sanskrit_0052,tamil_0093,sanskrit,tamil,Chandogya Upanishad,Kaniyan Pungundranar,0.7345
sanskrit_0040,tamil_0093,sanskrit,tamil,Chandogya Upanishad,Kaniyan Pungundranar,0.7343
sanskrit_0043,tamil_0090,sanskrit,tamil,Chandogya Upanishad,Kaniyan Pungundranar,0.7342
hindi_0030,tamil_0100,hindi,tamil,Kabir,Thiruvalluvar,0.7339
hindi_0018,tamil_0105,hindi,tamil,Kabir,Kaniyan Pungundranar,0.7338
sanskrit_0037,tamil_0093,sanskrit,tamil,Chandogya Upanishad,Kaniyan Pungundranar,0.7332
sanskrit_0043,tamil_0093,sanskrit,tamil,Chandogya Upanishad,Kaniyan Pungundranar,0.7328
hindi_0027,tamil_0096,hindi,tamil,Kabir,Kaniyan Pungundranar,0.7319
urdu_0015,tamil_0093,urdu,tamil,Ghalib,Kaniyan Pungundranar,0.7316
hindi_0021,tamil_0090,hindi,tamil,Kabir,Kaniyan Pungundranar,0.7315
hindi_0030,tamil_0102,hindi,tamil,Kabir,Kaniyan Pungundranar,0.7301
hindi_0018,tamil_0102,hindi,tamil,Kabir,Kaniyan Pungundranar,0.7293
hindi_0021,tamil_0093,hindi,tamil,Kabir,Kaniyan Pungundranar,0.7292
hindi_0024,tamil_0096,hindi,tamil,Kabir,Kaniyan Pungundranar,0.7291
sanskrit_0036,tamil_0090,sanskrit,tamil,Upanishad,Kaniyan Pungundranar,0.726
hindi_0027,tamil_0105,hindi,tamil,Kabir,Kaniyan Pungundranar,0.7259
sanskrit_0049,tamil_0105,sanskrit,tamil,Chandogya Upanishad,Kaniyan Pungundranar,0.7252
urdu_0015,tamil_0096,urdu,tamil,Ghalib,Kaniyan Pungundranar,0.7246
urdu_0006,tamil_0096,urdu,tamil,Ghalib,Kaniyan Pungundranar,0.7245
sanskrit_0046,tamil_0105,sanskrit,tamil,Chandogya Upanishad,Kaniyan Pungundranar,0.7238
hindi_0018,tamil_0091,hindi,tamil,Kabir,Thiruvalluvar,0.7227
sanskrit_0040,tamil_0105,sanskrit,tamil,Chandogya Upanishad,Kaniyan Pungundranar,0.7225
hindi_0024,tamil_0105,hindi,tamil,Kabir,Kaniyan Pungundranar,0.7224
sanskrit_0052,tamil_0105,sanskrit,tamil,Chandogya Upanishad,Kaniyan Pungundranar,0.7219
sanskrit_0037,tamil_0105,sanskrit,tamil,Chandogya Upanishad,Kaniyan Pungundranar,0.7217
sanskrit_0036,tamil_0105,sanskrit,tamil,Upanishad,Kaniyan Pungundranar,0.7213
hindi_0030,tamil_0091,hindi,tamil,Kabir,Thiruvalluvar,0.72
hindi_0033,tamil_0096,hindi,tamil,Kabir,Kaniyan Pungundranar,0.7197
sanskrit_0039,tamil_0090,sanskrit,tamil,Upanishad,Kaniyan Pungundranar,0.7196
hindi_0027,tamil_0102,hindi,tamil,Kabir,Kaniyan Pungundranar,0.7195
sanskrit_0042,tamil_0090,sanskrit,tamil,Upanishad,Kaniyan Pungundranar,0.7183
hindi_0018,tamil_0094,hindi,tamil,Kabir,Thiruvalluvar,0.7176
hindi_0024,tamil_0102,hindi,tamil,Kabir,Kaniyan Pungundranar,0.7168
urdu_0003,hindi_0022,urdu,hindi,Ghalib,Kabir,0.7163
urdu_0003,hindi_0028,urdu,hindi,Ghalib,Kabir,0.7163
sanskrit_0048,tamil_0090,sanskrit,tamil,Upanishad,Kaniyan Pungundranar,0.7159
hindi_0030,tamil_0094,hindi,tamil,Kabir,Thiruvalluvar,0.7157
sanskrit_0043,tamil_0105,sanskrit,tamil,Chandogya Upanishad,Kaniyan Pungundranar,0.7156
hindi_0018,tamil_0097,hindi,tamil,Kabir,Thiruvalluvar,0.7153
sanskrit_0036,tamil_0093,sanskrit,tamil,Upanishad,Kaniyan Pungundranar,0.7152
hindi_0018,tamil_0103,hindi,tamil,Kabir,Thiruvalluvar,0.7149
urdu_0009,hindi_0028,urdu,hindi,Ghalib,Kabir,0.7149
urdu_0009,hindi_0022,urdu,hindi,Ghalib,Kabir,0.7144
hindi_0033,tamil_0105,hindi,tamil,Kabir,Kaniyan Pungundranar,0.7143
sanskrit_0039,tamil_0105,sanskrit,tamil,Upanishad,Kaniyan Pungundranar,0.7143
urdu_0012,hindi_0028,urdu,hindi,Ghalib,Kabir,0.7135
urdu_0012,hindi_0022,urdu,hindi,Ghalib,Kabir,0.7135
sanskrit_0036,tamil_0102,sanskrit,tamil,Upanishad,Kaniyan Pungundranar,0.7135
sanskrit_0042,tamil_0105,sanskrit,tamil,Upanishad,Kaniyan Pungundranar,0.7133
urdu_0006,hindi_0028,urdu,hindi,Ghalib,Kabir,0.7132
urdu_0015,hindi_0028,urdu,hindi,Ghalib,Kabir,0.713
urdu_0015,hindi_0022,urdu,hindi,Ghalib,Kabir,0.7129
hindi_0030,tamil_0097,hindi,tamil,Kabir,Thiruvalluvar,0.7125
urdu_0000,hindi_0022,urdu,hindi,Ghalib,Kabir,0.7123
urdu_0006,hindi_0022,urdu,hindi,Ghalib,Kabir,0.7122
urdu_0000,hindi_0028,urdu,hindi,Ghalib,Kabir,0.712
hindi_0030,tamil_0103,hindi,tamil,Kabir,Thiruvalluvar,0.712
urdu_0003,hindi_0031,urdu,hindi,Ghalib,Kabir,0.7114
urdu_0010,tamil_0097,urdu,tamil,Ghalib,Thiruvalluvar,0.7112
hindi_0028,tamil_0100,hindi,tamil,Kabir,Thiruvalluvar,0.7112
sanskrit_0045,tamil_0090,sanskrit,tamil,Upanishad,Kaniyan Pungundranar,0.7105
urdu_0016,tamil_0097,urdu,tamil,Ghalib,Thiruvalluvar,0.7105
urdu_0001,tamil_0097,urdu,tamil,Ghalib,Thiruvalluvar,0.7103
sanskrit_0046,tamil_0102,sanskrit,tamil,Chandogya Upanishad,Kaniyan Pungundranar,0.7103
urdu_0009,hindi_0031,urdu,hindi,Ghalib,Kabir,0.7102
sanskrit_0049,tamil_0102,sanskrit,tamil,Chandogya Upanishad,Kaniyan Pungundranar,0.71
hindi_0021,tamil_0096,hindi,tamil,Kabir,Kaniyan Pungundranar,0.7098
urdu_0007,tamil_0097,urdu,tamil,Ghalib,Thiruvalluvar,0.7097
sanskrit_0048,tamil_0105,sanskrit,tamil,Upanishad,Kaniyan Pungundranar,0.7095
urdu_0004,tamil_0097,urdu,tamil,Ghalib,Thiruvalluvar,0.7095
arabic_0070,tamil_0091,arabic,tamil,Imru al-Qays,Thiruvalluvar,0.7094
arabic_0070,tamil_0097,arabic,tamil,Imru al-Qays,Thiruvalluvar,0.7094
arabic_0070,tamil_0103,arabic,tamil,Imru al-Qays,Thiruvalluvar,0.7094
sanskrit_0049,tamil_0096,sanskrit,tamil,Chandogya Upanishad,Kaniyan Pungundranar,0.7091
sanskrit_0039,tamil_0093,sanskrit,tamil,Upanishad,Kaniyan Pungundranar,0.709
sanskrit_0046,tamil_0096,sanskrit,tamil,Chandogya Upanishad,Kaniyan Pungundranar,0.7087
urdu_0006,hindi_0031,urdu,hindi,Ghalib,Kabir,0.7085
hindi_0033,tamil_0102,hindi,tamil,Kabir,Kaniyan Pungundranar,0.7085
urdu_0012,hindi_0031,urdu,hindi,Ghalib,Kabir,0.7084
urdu_0015,hindi_0031,urdu,hindi,Ghalib,Kabir,0.7076
urdu_0003,sanskrit_0039,urdu,sanskrit,Ghalib,Upanishad,0.7074
sanskrit_0040,tamil_0102,sanskrit,tamil,Chandogya Upanishad,Kaniyan Pungundranar,0.7073
hindi_0033,tamil_0100,hindi,tamil,Kabir,Thiruvalluvar,0.7071
urdu_0010,tamil_0103,urdu,tamil,Ghalib,Thiruvalluvar,0.707
sanskrit_0037,tamil_0102,sanskrit,tamil,Chandogya Upanishad,Kaniyan Pungundranar,0.7068
urdu_0000,hindi_0031,urdu,hindi,Ghalib,Kabir,0.7067
sanskrit_0039,tamil_0102,sanskrit,tamil,Upanishad,Kaniyan Pungundranar,0.7067
arabic_0070,tamil_0094,arabic,tamil,Imru al-Qays,Thiruvalluvar,0.7066
sanskrit_0045,tamil_0105,sanskrit,tamil,Upanishad,Kaniyan Pungundranar,0.7066
sanskrit_0051,tamil_0090,sanskrit,tamil,Upanishad,Kaniyan Pungundranar,0.7065
sanskrit_0042,tamil_0093,sanskrit,tamil,Upanishad,Kaniyan Pungundranar,0.7063
sanskrit_0042,tamil_0102,sanskrit,tamil,Upanishad,Kaniyan Pungundranar,0.7062
urdu_0001,tamil_0103,urdu,tamil,Ghalib,Thiruvalluvar,0.7062
sanskrit_0040,tamil_0096,sanskrit,tamil,Chandogya Upanishad,Kaniyan Pungundranar,0.706
urdu_0003,sanskrit_0036,urdu,sanskrit,Ghalib,Upanishad,0.706
urdu_0016,tamil_0100,urdu,tamil,Ghalib,Thiruvalluvar,0.706
urdu_0007,tamil_0100,urdu,tamil,Ghalib,Thiruvalluvar,0.706
urdu_0009,sanskrit_0039,urdu,sanskrit,Ghalib,Upanishad,0.7059
urdu_0016,tamil_0103,urdu,tamil,Ghalib,Thiruvalluvar,0.7059
sanskrit_0052,tamil_0102,sanskrit,tamil,Chandogya Upanishad,Kaniyan Pungundranar,0.7059
urdu_0001,tamil_0100,urdu,tamil,Ghalib,Thiruvalluvar,0.7058
urdu_0015,sanskrit_0039,urdu,sanskrit,Ghalib,Upanishad,0.7057
hindi_0031,tamil_0100,hindi,tamil,Kabir,Thiruvalluvar,0.7057
hindi_0027,tamil_0100,hindi,tamil,Kabir,Thiruvalluvar,0.7055
sanskrit_0043,tamil_0096,sanskrit,tamil,Chandogya Upanishad,Kaniyan Pungundranar,0.7054
urdu_0010,tamil_0100,urdu,tamil,Ghalib,Thiruvalluvar,0.7053
urdu_0004,tamil_0103,urdu,tamil,Ghalib,Thiruvalluvar,0.7052
hindi_0028,tamil_0097,hindi,tamil,Kabir,Thiruvalluvar,0.7052
sanskrit_0048,tamil_0102,sanskrit,tamil,Upanishad,Kaniyan Pungundranar,0.7049
sanskrit_0037,tamil_0096,sanskrit,tamil,Chandogya Upanishad,Kaniyan Pungundranar,0.7047
urdu_0013,tamil_0097,urdu,tamil,Ghalib,Thiruvalluvar,0.7046
urdu_0004,tamil_0100,urdu,tamil,Ghalib,Thiruvalluvar,0.7045
urdu_0015,sanskrit_0036,urdu,sanskrit,Ghalib,Upanishad,0.7044
sanskrit_0043,tamil_0102,sanskrit,tamil,Chandogya Upanishad,Kaniyan Pungundranar,0.7044
urdu_0007,tamil_0103,urdu,tamil,Ghalib,Thiruvalluvar,0.7043
sanskrit_0052,tamil_0096,sanskrit,tamil,Chandogya Upanishad,Kaniyan Pungundranar,0.7042
arabic_0067,tamil_0103,arabic,tamil,Imru al-Qays,Thiruvalluvar,0.7041
urdu_0009,sanskrit_0036,urdu,sanskrit,Ghalib,Upanishad,0.7039
urdu_0000,sanskrit_0036,urdu,sanskrit,Ghalib,Upanishad,0.7039
hindi_0022,tamil_0100,hindi,tamil,Kabir,Thiruvalluvar,0.7036
arabic_0067,tamil_0091,arabic,tamil,Imru al-Qays,Thiruvalluvar,0.7036
urdu_0003,hindi_0019,urdu,hindi,Ghalib,Kabir,0.7034
hindi_0024,tamil_0100,hindi,tamil,Kabir,Thiruvalluvar,0.7031
urdu_0000,sanskrit_0039,urdu,sanskrit,Ghalib,Upanishad,0.7029
arabic_0067,tamil_0097,arabic,tamil,Imru al-Qays,Thiruvalluvar,0.7028
urdu_0009,hindi_0019,urdu,hindi,Ghalib,Kabir,0.7021
hindi_0021,tamil_0105,hindi,tamil,Kabir,Kaniyan Pungundranar,0.7021
sanskrit_0048,tamil_0093,sanskrit,tamil,Upanishad,Kaniyan Pungundranar,0.702
hindi_0028,tamil_0105,hindi,tamil,Kabir,Kaniyan Pungundranar,0.7018
urdu_0015,hindi_0019,urdu,hindi,Ghalib,Kabir,0.7018
urdu_0003,hindi_0025,urdu,hindi,Ghalib,Kabir,0.7015
arabic_0067,tamil_0094,arabic,tamil,Imru al-Qays,Thiruvalluvar,0.7013
sanskrit_0045,tamil_0102,sanskrit,tamil,Upanishad,Kaniyan Pungundranar,0.7012
urdu_0012,hindi_0019,urdu,hindi,Ghalib,Kabir,0.7009
urdu_0012,sanskrit_0036,urdu,sanskrit,Ghalib,Upanishad,0.7008
hindi_0031,tamil_0097,hindi,tamil,Kabir,Thiruvalluvar,0.7005
urdu_0000,hindi_0019,urdu,hindi,Ghalib,Kabir,0.7001
urdu_0012,sanskrit_0039,urdu,sanskrit,Ghalib,Upanishad,0.7001
urdu_0013,tamil_0100,urdu,tamil,Ghalib,Thiruvalluvar,0.7001
sanskrit_0051,tamil_0105,sanskrit,tamil,Upanishad,Kaniyan Pungundranar,0.7
hindi_0028,tamil_0102,hindi,tamil,Kabir,Kaniyan Pungundranar,0.7
urdu_0006,sanskrit_0039,urdu,sanskrit,Ghalib,Upanishad,0.6999
urdu_0015,hindi_0025,urdu,hindi,Ghalib,Kabir,0.6996
urdu_0000,hindi_0025,urdu,hindi,Ghalib,Kabir,0.6995
urdu_0013,tamil_0103,urdu,tamil,Ghalib,Thiruvalluvar,0.6995
hindi_0033,tamil_0091,hindi,tamil,Kabir,Thiruvalluvar,0.6993
urdu_0012,hindi_0025,urdu,hindi,Ghalib,Kabir,0.6989
sanskrit_0045,tamil_0093,sanskrit,tamil,Upanishad,Kaniyan Pungundranar,0.6986
urdu_0006,hindi_0019,urdu,hindi,Ghalib,Kabir,0.6983
hindi_0024,tamil_0091,hindi,tamil,Kabir,Thiruvalluvar,0.6983
urdu_0009,hindi_0025,urdu,hindi,Ghalib,Kabir,0.6982
urdu_0006,sanskrit_0036,urdu,sanskrit,Ghalib,Upanishad,0.6981
hindi_0022,tamil_0097,hindi,tamil,Kabir,Thiruvalluvar,0.6975
urdu_0010,tamil_0091,urdu,tamil,Ghalib,Thiruvalluvar,0.697
hindi_0021,tamil_0102,hindi,tamil,Kabir,Kaniyan Pungundranar,0.697
hindi_0027,tamil_0091,hindi,tamil,Kabir,Thiruvalluvar,0.6961
hindi_0033,tamil_0094,hindi,tamil,Kabir,Thiruvalluvar,0.6961
hindi_0028,tamil_0090,hindi,tamil,Kabir,Kaniyan Pungundranar,0.6961
hindi_0027,tamil_0094,hindi,tamil,Kabir,Thiruvalluvar,0.696
hindi_0028,tamil_0091,hindi,tamil,Kabir,Thiruvalluvar,0.6959
hindi_0024,tamil_0094,hindi,tamil,Kabir,Thiruvalluvar,0.6958
urdu_0001,tamil_0091,urdu,tamil,Ghalib,Thiruvalluvar,0.6957
urdu_0016,tamil_0091,urdu,tamil,Ghalib,Thiruvalluvar,0.6954
sanskrit_0051,tamil_0102,sanskrit,tamil,Upanishad,Kaniyan Pungundranar,0.6952
arabic_0055,tamil_0091,arabic,tamil,Imru al-Qays,Thiruvalluvar,0.6943
arabic_0055,tamil_0097,arabic,tamil,Imru al-Qays,Thiruvalluvar,0.6942
hindi_0028,tamil_0103,hindi,tamil,Kabir,Thiruvalluvar,0.6942
urdu_0000,tamil_0099,urdu,tamil,Ghalib,Kaniyan Pungundranar,0.6941
urdu_0004,tamil_0091,urdu,tamil,Ghalib,Thiruvalluvar,0.6941
urdu_0007,tamil_0091,urdu,tamil,Ghalib,Thiruvalluvar,0.6941
arabic_0055,tamil_0103,arabic,tamil,Imru al-Qays,Thiruvalluvar,0.694
urdu_0003,sanskrit_0042,urdu,sanskrit,Ghalib,Upanishad,0.6938
urdu_0006,hindi_0025,urdu,hindi,Ghalib,Kabir,0.6932
hindi_0028,tamil_0094,hindi,tamil,Kabir,Thiruvalluvar,0.693
sanskrit_0051,tamil_0093,sanskrit,tamil,Upanishad,Kaniyan Pungundranar,0.6928
hindi_0022,tamil_0105,hindi,tamil,Kabir,Kaniyan Pungundranar,0.6927
urdu_0015,sanskrit_0042,urdu,sanskrit,Ghalib,Upanishad,0.6925
urdu_0009,sanskrit_0042,urdu,sanskrit,Ghalib,Upanishad,0.6925
arabic_0061,tamil_0091,arabic,tamil,Imru al-Qays,Thiruvalluvar,0.6921
hindi_0031,tamil_0105,hindi,tamil,Kabir,Kaniyan Pungundranar,0.692
hindi_0019,tamil_0100,hindi,tamil,Kabir,Thiruvalluvar,0.6914
hindi_0031,tamil_0091,hindi,tamil,Kabir,Thiruvalluvar,0.6912
arabic_0061,tamil_0094,arabic,tamil,Imru al-Qays,Thiruvalluvar,0.6907
arabic_0061,tamil_0103,arabic,tamil,Imru al-Qays,Thiruvalluvar,0.6907
urdu_0000,sanskrit_0042,urdu,sanskrit,Ghalib,Upanishad,0.6902
arabic_0055,tamil_0094,arabic,tamil,Imru al-Qays,Thiruvalluvar,0.6901
hindi_0022,tamil_0102,hindi,tamil,Kabir,Kaniyan Pungundranar,0.69
hindi_0031,tamil_0103,hindi,tamil,Kabir,Thiruvalluvar,0.6891
urdu_0013,tamil_0091,urdu,tamil,Ghalib,Thiruvalluvar,0.6891
arabic_0061,tamil_0097,arabic,tamil,Imru al-Qays,Thiruvalluvar,0.6888
hindi_0031,tamil_0094,hindi,tamil,Kabir,Thiruvalluvar,0.6887
urdu_0015,sanskrit_0045,urdu,sanskrit,Ghalib,Upanishad,0.6886
hindi_0022,tamil_0091,hindi,tamil,Kabir,Thiruvalluvar,0.6885
arabic_0070,tamil_0100,arabic,tamil,Imru al-Qays,Thiruvalluvar,0.6885
hindi_0031,tamil_0102,hindi,tamil,Kabir,Kaniyan Pungundranar,0.6885
hindi_0028,tamil_0093,hindi,tamil,Kabir,Kaniyan Pungundranar,0.6882
urdu_0003,sanskrit_0045,urdu,sanskrit,Ghalib,Upanishad,0.6881
urdu_0003,tamil_0099,urdu,tamil,Ghalib,Kaniyan Pungundranar,0.688
hindi_0022,tamil_0090,hindi,tamil,Kabir,Kaniyan Pungundranar,0.688
urdu_0009,sanskrit_0045,urdu,sanskrit,Ghalib,Upanishad,0.6878
urdu_0012,sanskrit_0042,urdu,sanskrit,Ghalib,Upanishad,0.6871
hindi_0025,tamil_0100,hindi,tamil,Kabir,Thiruvalluvar,0.6869
hindi_0022,tamil_0103,hindi,tamil,Kabir,Thiruvalluvar,0.6869
urdu_0010,tamil_0094,urdu,tamil,Ghalib,Thiruvalluvar,0.6867
hindi_0033,tamil_0097,hindi,tamil,Kabir,Thiruvalluvar,0.6866
hindi_0031,tamil_0090,hindi,tamil,Kabir,Kaniyan Pungundranar,0.6865
sanskrit_0043,tamil_0099,sanskrit,tamil,Chandogya Upanishad,Kaniyan Pungundranar,0.6864
urdu_0006,sanskrit_0042,urdu,sanskrit,Ghalib,Upanishad,0.6861
hindi_0019,tamil_0097,hindi,tamil,Kabir,Thiruvalluvar,0.6856
urdu_0001,tamil_0094,urdu,tamil,Ghalib,Thiruvalluvar,0.6856
hindi_0033,tamil_0103,hindi,tamil,Kabir,Thiruvalluvar,0.6853
urdu_0016,tamil_0094,urdu,tamil,Ghalib,Thiruvalluvar,0.6852
english_0081,tamil_0090,english,tamil,Keats,Kaniyan Pungundranar,0.6852
urdu_0012,tamil_0099,urdu,tamil,Ghalib,Kaniyan Pungundranar,0.6848
hindi_0022,tamil_0094,hindi,tamil,Kabir,Thiruvalluvar,0.6846
hindi_0024,tamil_0097,hindi,tamil,Kabir,Thiruvalluvar,0.6845
urdu_0007,tamil_0094,urdu,tamil,Ghalib,Thiruvalluvar,0.6843
arabic_0064,tamil_0094,arabic,tamil,Imru al-Qays,Thiruvalluvar,0.6842
sanskrit_0036,tamil_0096,sanskrit,tamil,Upanishad,Kaniyan Pungundranar,0.684
arabic_0064,tamil_0091,arabic,tamil,Imru al-Qays,Thiruvalluvar,0.684
urdu_0004,tamil_0094,urdu,tamil,Ghalib,Thiruvalluvar,0.6839
hindi_0024,tamil_0103,hindi,tamil,Kabir,Thiruvalluvar,0.6833
hindi_0027,tamil_0097,hindi,tamil,Kabir,Thiruvalluvar,0.6831
arabic_0067,tamil_0100,arabic,tamil,Imru al-Qays,Thiruvalluvar,0.6828
urdu_0009,tamil_0099,urdu,tamil,Ghalib,Kaniyan Pungundranar,0.6825
urdu_0006,sanskrit_0045,urdu,sanskrit,Ghalib,Upanishad,0.682
hindi_0022,tamil_0093,hindi,tamil,Kabir,Kaniyan Pungundranar,0.6816
urdu_0000,sanskrit_0045,urdu,sanskrit,Ghalib,Upanishad,0.6815
urdu_0003,sanskrit_0051,urdu,sanskrit,Ghalib,Upanishad,0.6806
hindi_0027,tamil_0103,hindi,tamil,Kabir,Thiruvalluvar,0.6803
urdu_0012,sanskrit_0045,urdu,sanskrit,Ghalib,Upanishad,0.6802
hindi_0025,tamil_0097,hindi,tamil,Kabir,Thiruvalluvar,0.6801
urdu_0009,sanskrit_0051,urdu,sanskrit,Ghalib,Upanishad,0.6798
arabic_0064,tamil_0097,arabic,tamil,Imru al-Qays,Thiruvalluvar,0.6798
urdu_0003,sanskrit_0048,urdu,sanskrit,Ghalib,Upanishad,0.6797
urdu_0015,sanskrit_0051,urdu,sanskrit,Ghalib,Upanishad,0.6793
hindi_0031,tamil_0093,hindi,tamil,Kabir,Kaniyan Pungundranar,0.6792
arabic_0064,tamil_0103,arabic,tamil,Imru al-Qays,Thiruvalluvar,0.6792
sanskrit_0052,tamil_0100,sanskrit,tamil,Chandogya Upanishad,Thiruvalluvar,0.6788
urdu_0009,sanskrit_0048,urdu,sanskrit,Ghalib,Upanishad,0.6787
sanskrit_0049,tamil_0100,sanskrit,tamil,Chandogya Upanishad,Thiruvalluvar,0.6782
urdu_0013,tamil_0094,urdu,tamil,Ghalib,Thiruvalluvar,0.6781
urdu_0015,sanskrit_0048,urdu,sanskrit,Ghalib,Upanishad,0.6776
urdu_0000,sanskrit_0048,urdu,sanskrit,Ghalib,Upanishad,0.6773
sanskrit_0040,tamil_0100,sanskrit,tamil,Chandogya Upanishad,Thiruvalluvar,0.6773
arabic_0055,tamil_0100,arabic,tamil,Imru al-Qays,Thiruvalluvar,0.6772
sanskrit_0042,tamil_0096,sanskrit,tamil,Upanishad,Kaniyan Pungundranar,0.6769
hindi_0019,tamil_0091,hindi,tamil,Kabir,Thiruvalluvar,0.6768
urdu_0000,sanskrit_0051,urdu,sanskrit,Ghalib,Upanishad,0.6764
sanskrit_0039,tamil_0096,sanskrit,tamil,Upanishad,Kaniyan Pungundranar,0.6764
hindi_0019,tamil_0103,hindi,tamil,Kabir,Thiruvalluvar,0.6755
urdu_0012,sanskrit_0051,urdu,sanskrit,Ghalib,Upanishad,0.6752
urdu_0012,sanskrit_0048,urdu,sanskrit,Ghalib,Upanishad,0.6751
hindi_0028,tamil_0096,hindi,tamil,Kabir,Kaniyan Pungundranar,0.6751
urdu_0006,sanskrit_0051,urdu,sanskrit,Ghalib,Upanishad,0.6748
sanskrit_0037,tamil_0100,sanskrit,tamil,Chandogya Upanishad,Thiruvalluvar,0.6745
english_0081,tamil_0095,english,tamil,Keats,Thiruvalluvar,0.6743
english_0081,tamil_0105,english,tamil,Keats,Kaniyan Pungundranar,0.6739
english_0081,tamil_0092,english,tamil,Keats,Thiruvalluvar,0.6739
sanskrit_0046,tamil_0100,sanskrit,tamil,Chandogya Upanishad,Thiruvalluvar,0.6738
urdu_0006,sanskrit_0048,urdu,sanskrit,Ghalib,Upanishad,0.6736
sanskrit_0049,tamil_0091,sanskrit,tamil,Chandogya Upanishad,Thiruvalluvar,0.6734
sanskrit_0048,tamil_0096,sanskrit,tamil,Upanishad,Kaniyan Pungundranar,0.6734
english_0081,tamil_0101,english,tamil,Keats,Thiruvalluvar,0.673
english_0081,tamil_0098,english,tamil,Keats,Thiruvalluvar,0.6728
sanskrit_0052,tamil_0091,sanskrit,tamil,Chandogya Upanishad,Thiruvalluvar,0.6727
sanskrit_0040,tamil_0091,sanskrit,tamil,Chandogya Upanishad,Thiruvalluvar,0.6727
arabic_0061,tamil_0100,arabic,tamil,Imru al-Qays,Thiruvalluvar,0.6724
hindi_0025,tamil_0091,hindi,tamil,Kabir,Thiruvalluvar,0.6719
urdu_0010,hindi_0028,urdu,hindi,Ghalib,Kabir,0.6716
sanskrit_0052,tamil_0097,sanskrit,tamil,Chandogya Upanishad,Thiruvalluvar,0.6715
hindi_0025,tamil_0102,hindi,tamil,Kabir,Kaniyan Pungundranar,0.6713
hindi_0021,tamil_0100,hindi,tamil,Kabir,Thiruvalluvar,0.6713
hindi_0025,tamil_0103,hindi,tamil,Kabir,Thiruvalluvar,0.6707
urdu_0015,tamil_0099,urdu,tamil,Ghalib,Kaniyan Pungundranar,0.6705
hindi_0025,tamil_0105,hindi,tamil,Kabir,Kaniyan Pungundranar,0.6703
urdu_0006,tamil_0099,urdu,tamil,Ghalib,Kaniyan Pungundranar,0.6699
sanskrit_0049,tamil_0097,sanskrit,tamil,Chandogya Upanishad,Thiruvalluvar,0.6698
hindi_0025,tamil_0090,hindi,tamil,Kabir,Kaniyan Pungundranar,0.6698
urdu_0016,hindi_0028,urdu,hindi,Ghalib,Kabir,0.6698
urdu_0001,hindi_0028,urdu,hindi,Ghalib,Kabir,0.6697
sanskrit_0040,tamil_0097,sanskrit,tamil,Chandogya Upanishad,Thiruvalluvar,0.6697
hindi_0021,tamil_0094,hindi,tamil,Kabir,Thiruvalluvar,0.6696
hindi_0019,tamil_0094,hindi,tamil,Kabir,Thiruvalluvar,0.6693
urdu_0007,hindi_0028,urdu,hindi,Ghalib,Kabir,0.6693
urdu_0010,hindi_0031,urdu,hindi,Ghalib,Kabir,0.669
sanskrit_0046,tamil_0091,sanskrit,tamil,Chandogya Upanishad,Thiruvalluvar,0.6689
english_0081,tamil_0093,english,tamil,Keats,Kaniyan Pungundranar,0.6687
urdu_0016,sanskrit_0039,urdu,sanskrit,Ghalib,Upanishad,0.6684
hindi_0019,tamil_0102,hindi,tamil,Kabir,Kaniyan Pungundranar,0.6684
hindi_0019,tamil_0105,hindi,tamil,Kabir,Kaniyan Pungundranar,0.6681
sanskrit_0045,tamil_0096,sanskrit,tamil,Upanishad,Kaniyan Pungundranar,0.6681
sanskrit_0046,tamil_0099,sanskrit,tamil,Chandogya Upanishad,Kaniyan Pungundranar,0.668
urdu_0000,tamil_0104,urdu,tamil,Ghalib,Thiruvalluvar,0.6679
sanskrit_0037,tamil_0091,sanskrit,tamil,Chandogya Upanishad,Thiruvalluvar,0.6678
urdu_0009,tamil_0104,urdu,tamil,Ghalib,Thiruvalluvar,0.6678
urdu_0016,hindi_0031,urdu,hindi,Ghalib,Kabir,0.6677
english_0081,tamil_0102,english,tamil,Keats,Kaniyan Pungundranar,0.6675
urdu_0010,sanskrit_0045,urdu,sanskrit,Ghalib,Upanishad,0.6674
urdu_0001,hindi_0031,urdu,hindi,Ghalib,Kabir,0.6673
sanskrit_0052,tamil_0094,sanskrit,tamil,Chandogya Upanishad,Thiruvalluvar,0.6671
urdu_0016,sanskrit_0045,urdu,sanskrit,Ghalib,Upanishad,0.6671
english_0081,tamil_0104,english,tamil,Keats,Thiruvalluvar,0.667
hindi_0022,tamil_0096,hindi,tamil,Kabir,Kaniyan Pungundranar,0.667
urdu_0010,sanskrit_0039,urdu,sanskrit,Ghalib,Upanishad,0.667
urdu_0007,hindi_0031,urdu,hindi,Ghalib,Kabir,0.6669
urdu_0007,sanskrit_0039,urdu,sanskrit,Ghalib,Upanishad,0.6668
urdu_0001,sanskrit_0039,urdu,sanskrit,Ghalib,Upanishad,0.6668
sanskrit_0049,tamil_0094,sanskrit,tamil,Chandogya Upanishad,Thiruvalluvar,0.6667
urdu_0003,tamil_0104,urdu,tamil,Ghalib,Thiruvalluvar,0.6661
sanskrit_0037,tamil_0097,sanskrit,tamil,Chandogya Upanishad,Thiruvalluvar,0.666
sanskrit_0040,tamil_0094,sanskrit,tamil,Chandogya Upanishad,Thiruvalluvar,0.666
arabic_0064,tamil_0100,arabic,tamil,Imru al-Qays,Thiruvalluvar,0.6659
urdu_0004,sanskrit_0039,urdu,sanskrit,Ghalib,Upanishad,0.6658
urdu_0001,sanskrit_0045,urdu,sanskrit,Ghalib,Upanishad,0.6656
hindi_0019,tamil_0090,hindi,tamil,Kabir,Kaniyan Pungundranar,0.6654
urdu_0004,hindi_0028,urdu,hindi,Ghalib,Kabir,0.6653
urdu_0007,sanskrit_0045,urdu,sanskrit,Ghalib,Upanishad,0.6653
hindi_0021,tamil_0091,hindi,tamil,Kabir,Thiruvalluvar,0.6651
sanskrit_0046,tamil_0097,sanskrit,tamil,Chandogya Upanishad,Thiruvalluvar,0.665
urdu_0013,sanskrit_0039,urdu,sanskrit,Ghalib,Upanishad,0.665
urdu_0013,sanskrit_0045,urdu,sanskrit,Ghalib,Upanishad,0.6644
urdu_0012,tamil_0104,urdu,tamil,Ghalib,Thiruvalluvar,0.6641
urdu_0004,sanskrit_0045,urdu,sanskrit,Ghalib,Upanishad,0.6641
urdu_0016,sanskrit_0036,urdu,sanskrit,Ghalib,Upanishad,0.6636
hindi_0031,tamil_0096,hindi,tamil,Kabir,Kaniyan Pungundranar,0.6636
sanskrit_0046,tamil_0094,sanskrit,tamil,Chandogya Upanishad,Thiruvalluvar,0.6632
sanskrit_0049,tamil_0103,sanskrit,tamil,Chandogya Upanishad,Thiruvalluvar,0.6632
sanskrit_0049,tamil_0099,sanskrit,tamil,Chandogya Upanishad,Kaniyan Pungundranar,0.6631
urdu_0004,hindi_0031,urdu,hindi,Ghalib,Kabir,0.6631
hindi_0025,tamil_0094,hindi,tamil,Kabir,Thiruvalluvar,0.6631
arabic_0058,tamil_0091,arabic,tamil,Imru al-Qays,Thiruvalluvar,0.6631
sanskrit_0052,tamil_0103,sanskrit,tamil,Chandogya Upanishad,Thiruvalluvar,0.6628
sanskrit_0051,tamil_0096,sanskrit,tamil,Upanishad,Kaniyan Pungundranar,0.6627
urdu_0010,sanskrit_0036,urdu,sanskrit,Ghalib,Upanishad,0.6622
sanskrit_0037,tamil_0094,sanskrit,tamil,Chandogya Upanishad,Thiruvalluvar,0.6622
urdu_0010,hindi_0022,urdu,hindi,Ghalib,Kabir,0.662
arabic_0058,tamil_0103,arabic,tamil,Imru al-Qays,Thiruvalluvar,0.662
sanskrit_0040,tamil_0103,sanskrit,tamil,Chandogya Upanishad,Thiruvalluvar,0.6619
urdu_0001,sanskrit_0036,urdu,sanskrit,Ghalib,Upanishad,0.6617
urdu_0007,sanskrit_0036,urdu,sanskrit,Ghalib,Upanishad,0.6611
arabic_0058,tamil_0097,arabic,tamil,Imru al-Qays,Thiruvalluvar,0.6604
english_0081,tamil_0096,english,tamil,Keats,Kaniyan Pungundranar,0.6601
urdu_0004,sanskrit_0036,urdu,sanskrit,Ghalib,Upanishad,0.6599
urdu_0001,hindi_0022,urdu,hindi,Ghalib,Kabir,0.6597
urdu_0013,hindi_0028,urdu,hindi,Ghalib,Kabir,0.6597
urdu_0016,hindi_0022,urdu,hindi,Ghalib,Kabir,0.6594
arabic_0058,tamil_0094,arabic,tamil,Imru al-Qays,Thiruvalluvar,0.6593
urdu_0006,tamil_0104,urdu,tamil,Ghalib,Thiruvalluvar,0.6591
urdu_0010,sanskrit_0048,urdu,sanskrit,Ghalib,Upanishad,0.659
sanskrit_0040,tamil_0099,sanskrit,tamil,Chandogya Upanishad,Kaniyan Pungundranar,0.6583
sanskrit_0046,tamil_0103,sanskrit,tamil,Chandogya Upanishad,Thiruvalluvar,0.6581
urdu_0013,sanskrit_0036,urdu,sanskrit,Ghalib,Upanishad,0.658
urdu_0007,hindi_0022,urdu,hindi,Ghalib,Kabir,0.6579
urdu_0016,sanskrit_0048,urdu,sanskrit,Ghalib,Upanishad,0.6576
urdu_0010,sanskrit_0042,urdu,sanskrit,Ghalib,Upanishad,0.6574
sanskrit_0037,tamil_0103,sanskrit,tamil,Chandogya Upanishad,Thiruvalluvar,0.6574
urdu_0013,hindi_0031,urdu,hindi,Ghalib,Kabir,0.6573
urdu_0001,sanskrit_0048,urdu,sanskrit,Ghalib,Upanishad,0.6571
arabic_0070,tamil_0104,arabic,tamil,Imru al-Qays,Thiruvalluvar,0.657
urdu_0016,sanskrit_0042,urdu,sanskrit,Ghalib,Upanishad,0.6569
urdu_0010,sanskrit_0051,urdu,sanskrit,Ghalib,Upanishad,0.6568
hindi_0034,tamil_0100,hindi,tamil,Kabir,Thiruvalluvar,0.6566
hindi_0028,arabic_0055,hindi,arabic,Kabir,Imru al-Qays,0.6566
hindi_0025,tamil_0093,hindi,tamil,Kabir,Kaniyan Pungundranar,0.6565
urdu_0001,sanskrit_0042,urdu,sanskrit,Ghalib,Upanishad,0.6564
arabic_0061,tamil_0104,arabic,tamil,Imru al-Qays,Thiruvalluvar,0.6561
urdu_0016,sanskrit_0051,urdu,sanskrit,Ghalib,Upanishad,0.656
urdu_0001,sanskrit_0051,urdu,sanskrit,Ghalib,Upanishad,0.6552
hindi_0019,tamil_0093,hindi,tamil,Kabir,Kaniyan Pungundranar,0.6552
sanskrit_0037,tamil_0099,sanskrit,tamil,Chandogya Upanishad,Kaniyan Pungundranar,0.6548
hindi_0030,tamil_0104,hindi,tamil,Kabir,Thiruvalluvar,0.6546
urdu_0007,sanskrit_0051,urdu,sanskrit,Ghalib,Upanishad,0.6544
hindi_0031,arabic_0055,hindi,arabic,Kabir,Imru al-Qays,0.6544
urdu_0004,hindi_0022,urdu,hindi,Ghalib,Kabir,0.6542
urdu_0007,sanskrit_0042,urdu,sanskrit,Ghalib,Upanishad,0.6542
urdu_0007,sanskrit_0048,urdu,sanskrit,Ghalib,Upanishad,0.6541
urdu_0004,sanskrit_0051,urdu,sanskrit,Ghalib,Upanishad,0.6537
urdu_0004,sanskrit_0048,urdu,sanskrit,Ghalib,Upanishad,0.6537
hindi_0030,tamil_0092,hindi,tamil,Kabir,Thiruvalluvar,0.6537
urdu_0004,sanskrit_0042,urdu,sanskrit,Ghalib,Upanishad,0.6534
sanskrit_0052,tamil_0099,sanskrit,tamil,Chandogya Upanishad,Kaniyan Pungundranar,0.6534
urdu_0013,sanskrit_0051,urdu,sanskrit,Ghalib,Upanishad,0.653
urdu_0013,sanskrit_0048,urdu,sanskrit,Ghalib,Upanishad,0.6526
sanskrit_0036,arabic_0055,sanskrit,arabic,Upanishad,Imru al-Qays,0.6524
arabic_0067,tamil_0104,arabic,tamil,Imru al-Qays,Thiruvalluvar,0.6523
hindi_0018,tamil_0104,hindi,tamil,Kabir,Thiruvalluvar,0.6521
sanskrit_0043,tamil_0100,sanskrit,tamil,Chandogya Upanishad,Thiruvalluvar,0.6514
urdu_0013,sanskrit_0042,urdu,sanskrit,Ghalib,Upanishad,0.6511
hindi_0018,tamil_0092,hindi,tamil,Kabir,Thiruvalluvar,0.6507
urdu_0010,tamil_0105,urdu,tamil,Ghalib,Kaniyan Pungundranar,0.6507
hindi_0030,tamil_0095,hindi,tamil,Kabir,Thiruvalluvar,0.6499
hindi_0021,tamil_0097,hindi,tamil,Kabir,Thiruvalluvar,0.6499
hindi_0022,arabic_0055,hindi,arabic,Kabir,Imru al-Qays,0.6498
hindi_0027,tamil_0092,hindi,tamil,Kabir,Thiruvalluvar,0.6497
hindi_0025,tamil_0096,hindi,tamil,Kabir,Kaniyan Pungundranar,0.6491
hindi_0030,tamil_0098,hindi,tamil,Kabir,Thiruvalluvar,0.649
hindi_0030,tamil_0101,hindi,tamil,Kabir,Thiruvalluvar,0.6489
sanskrit_0036,arabic_0070,sanskrit,arabic,Upanishad,Imru al-Qays,0.6489
sanskrit_0043,tamil_0104,sanskrit,tamil,Chandogya Upanishad,Thiruvalluvar,0.6486
urdu_0013,hindi_0022,urdu,hindi,Ghalib,Kabir,0.6485
sanskrit_0039,arabic_0055,sanskrit,arabic,Upanishad,Imru al-Qays,0.6476
hindi_0021,arabic_0056,hindi,arabic,Kabir,Arabic proverb,0.6474
hindi_0027,tamil_0098,hindi,tamil,Kabir,Thiruvalluvar,0.6469
hindi_0018,tamil_0095,hindi,tamil,Kabir,Thiruvalluvar,0.6468
sanskrit_0043,tamil_0091,sanskrit,tamil,Chandogya Upanishad,Thiruvalluvar,0.6468
urdu_0000,tamil_0095,urdu,tamil,Ghalib,Thiruvalluvar,0.6461
hindi_0027,tamil_0095,hindi,tamil,Kabir,Thiruvalluvar,0.6461
arabic_0070,tamil_0095,arabic,tamil,Imru al-Qays,Thiruvalluvar,0.6459
hindi_0028,arabic_0070,hindi,arabic,Kabir,Imru al-Qays,0.6459
hindi_0018,tamil_0101,hindi,tamil,Kabir,Thiruvalluvar,0.6459
urdu_0009,tamil_0095,urdu,tamil,Ghalib,Thiruvalluvar,0.6458
hindi_0021,tamil_0103,hindi,tamil,Kabir,Thiruvalluvar,0.6457
sanskrit_0043,tamil_0094,sanskrit,tamil,Chandogya Upanishad,Thiruvalluvar,0.6455
hindi_0018,tamil_0098,hindi,tamil,Kabir,Thiruvalluvar,0.6454
hindi_0027,tamil_0104,hindi,tamil,Kabir,Thiruvalluvar,0.6453
hindi_0028,arabic_0067,hindi,arabic,Kabir,Imru al-Qays,0.645
hindi_0019,tamil_0096,hindi,tamil,Kabir,Kaniyan Pungundranar,0.6445
urdu_0016,tamil_0105,urdu,tamil,Ghalib,Kaniyan Pungundranar,0.6444
hindi_0024,tamil_0092,hindi,tamil,Kabir,Thiruvalluvar,0.6444
urdu_0015,tamil_0104,urdu,tamil,Ghalib,Thiruvalluvar,0.6443
urdu_0003,tamil_0095,urdu,tamil,Ghalib,Thiruvalluvar,0.6442
hindi_0027,tamil_0101,hindi,tamil,Kabir,Thiruvalluvar,0.644
sanskrit_0039,arabic_0070,sanskrit,arabic,Upanishad,Imru al-Qays,0.6439
arabic_0058,tamil_0100,arabic,tamil,Imru al-Qays,Thiruvalluvar,0.6437
hindi_0031,arabic_0070,hindi,arabic,Kabir,Imru al-Qays,0.6435
hindi_0024,tamil_0098,hindi,tamil,Kabir,Thiruvalluvar,0.6433
urdu_0001,tamil_0105,urdu,tamil,Ghalib,Kaniyan Pungundranar,0.6432
sanskrit_0042,arabic_0055,sanskrit,arabic,Upanishad,Imru al-Qays,0.643
sanskrit_0043,tamil_0097,sanskrit,tamil,Chandogya Upanishad,Thiruvalluvar,0.6429
sanskrit_0036,arabic_0067,sanskrit,arabic,Upanishad,Imru al-Qays,0.6428
arabic_0061,tamil_0095,arabic,tamil,Imru al-Qays,Thiruvalluvar,0.6427
hindi_0031,arabic_0067,hindi,arabic,Kabir,Imru al-Qays,0.6427
hindi_0021,arabic_0071,hindi,arabic,Kabir,Arabic proverb,0.6425
urdu_0000,tamil_0092,urdu,tamil,Ghalib,Thiruvalluvar,0.6425
urdu_0000,tamil_0101,urdu,tamil,Ghalib,Thiruvalluvar,0.6424
urdu_0004,tamil_0105,urdu,tamil,Ghalib,Kaniyan Pungundranar,0.6424
urdu_0012,tamil_0095,urdu,tamil,Ghalib,Thiruvalluvar,0.6421
hindi_0019,arabic_0055,hindi,arabic,Kabir,Imru al-Qays,0.6421
hindi_0024,tamil_0095,hindi,tamil,Kabir,Thiruvalluvar,0.6419
arabic_0061,tamil_0092,arabic,tamil,Imru al-Qays,Thiruvalluvar,0.6418
arabic_0067,tamil_0095,arabic,tamil,Imru al-Qays,Thiruvalluvar,0.6417
english_0075,tamil_0090,english,tamil,Keats,Kaniyan Pungundranar,0.6412
hindi_0021,arabic_0059,hindi,arabic,Kabir,Arabic proverb,0.641
sanskrit_0042,arabic_0070,sanskrit,arabic,Upanishad,Imru al-Qays,0.6409
arabic_0070,tamil_0092,arabic,tamil,Imru al-Qays,Thiruvalluvar,0.6405
sanskrit_0043,tamil_0092,sanskrit,tamil,Chandogya Upanishad,Thiruvalluvar,0.6405
hindi_0028,tamil_0104,hindi,tamil,Kabir,Thiruvalluvar,0.64
urdu_0010,tamil_0102,urdu,tamil,Ghalib,Kaniyan Pungundranar,0.6397
hindi_0024,tamil_0104,hindi,tamil,Kabir,Thiruvalluvar,0.6394
arabic_0070,tamil_0101,arabic,tamil,Imru al-Qays,Thiruvalluvar,0.6394
urdu_0003,tamil_0101,urdu,tamil,Ghalib,Thiruvalluvar,0.6392
urdu_0009,tamil_0101,urdu,tamil,Ghalib,Thiruvalluvar,0.639
sanskrit_0043,tamil_0095,sanskrit,tamil,Chandogya Upanishad,Thiruvalluvar,0.6389
urdu_0009,tamil_0092,urdu,tamil,Ghalib,Thiruvalluvar,0.6389
urdu_0003,tamil_0092,urdu,tamil,Ghalib,Thiruvalluvar,0.6389
urdu_0007,tamil_0105,urdu,tamil,Ghalib,Kaniyan Pungundranar,0.6388
hindi_0022,arabic_0070,hindi,arabic,Kabir,Imru al-Qays,0.6387
hindi_0034,tamil_0097,hindi,tamil,Kabir,Thiruvalluvar,0.6387
hindi_0022,arabic_0067,hindi,arabic,Kabir,Imru al-Qays,0.6384
arabic_0055,tamil_0104,arabic,tamil,Imru al-Qays,Thiruvalluvar,0.6384
sanskrit_0039,arabic_0067,sanskrit,arabic,Upanishad,Imru al-Qays,0.6383
hindi_0028,tamil_0099,hindi,tamil,Kabir,Kaniyan Pungundranar,0.638
hindi_0024,tamil_0101,hindi,tamil,Kabir,Thiruvalluvar,0.6378
sanskrit_0036,tamil_0095,sanskrit,tamil,Upanishad,Thiruvalluvar,0.6376
sanskrit_0046,tamil_0104,sanskrit,tamil,Chandogya Upanishad,Thiruvalluvar,0.6375
urdu_0012,tamil_0092,urdu,tamil,Ghalib,Thiruvalluvar,0.6373
urdu_0012,tamil_0101,urdu,tamil,Ghalib,Thiruvalluvar,0.6372
urdu_0006,tamil_0095,urdu,tamil,Ghalib,Thiruvalluvar,0.637
sanskrit_0043,tamil_0098,sanskrit,tamil,Chandogya Upanishad,Thiruvalluvar,0.637
arabic_0064,tamil_0090,arabic,tamil,Imru al-Qays,Kaniyan Pungundranar,0.6369
arabic_0061,tamil_0090,arabic,tamil,Imru al-Qays,Kaniyan Pungundranar,0.6365
arabic_0061,tamil_0101,arabic,tamil,Imru al-Qays,Thiruvalluvar,0.6365
english_0075,tamil_0101,english,tamil,Keats,Thiruvalluvar,0.6363
english_0075,tamil_0092,english,tamil,Keats,Thiruvalluvar,0.6361
sanskrit_0036,tamil_0092,sanskrit,tamil,Upanishad,Thiruvalluvar,0.636
hindi_0024,arabic_0059,hindi,arabic,Kabir,Arabic proverb,0.6356
sanskrit_0048,arabic_0070,sanskrit,arabic,Upanishad,Imru al-Qays,0.6355
sanskrit_0048,arabic_0055,sanskrit,arabic,Upanishad,Imru al-Qays,0.6355
arabic_0070,tamil_0090,arabic,tamil,Imru al-Qays,Kaniyan Pungundranar,0.6355
sanskrit_0036,tamil_0101,sanskrit,tamil,Upanishad,Thiruvalluvar,0.635
sanskrit_0042,arabic_0067,sanskrit,arabic,Upanishad,Imru al-Qays,0.635
arabic_0064,tamil_0104,arabic,tamil,Imru al-Qays,Thiruvalluvar,0.6348
hindi_0025,arabic_0055,hindi,arabic,Kabir,Imru al-Qays,0.6348
sanskrit_0036,tamil_0098,sanskrit,tamil,Upanishad,Thiruvalluvar,0.6348
arabic_0070,tamil_0105,arabic,tamil,Imru al-Qays,Kaniyan Pungundranar,0.6346
hindi_0024,arabic_0056,hindi,arabic,Kabir,Arabic proverb,0.6344
sanskrit_0043,tamil_0103,sanskrit,tamil,Chandogya Upanishad,Thiruvalluvar,0.6343
arabic_0064,tamil_0105,arabic,tamil,Imru al-Qays,Kaniyan Pungundranar,0.6343
sanskrit_0039,tamil_0095,sanskrit,tamil,Upanishad,Thiruvalluvar,0.6342
sanskrit_0049,tamil_0104,sanskrit,tamil,Chandogya Upanishad,Thiruvalluvar,0.6341
arabic_0070,tamil_0098,arabic,tamil,Imru al-Qays,Thiruvalluvar,0.6335
arabic_0067,tamil_0092,arabic,tamil,Imru al-Qays,Thiruvalluvar,0.6334
sanskrit_0036,tamil_0104,sanskrit,tamil,Upanishad,Thiruvalluvar,0.6334
urdu_0001,tamil_0102,urdu,tamil,Ghalib,Kaniyan Pungundranar,0.6333
arabic_0061,tamil_0105,arabic,tamil,Imru al-Qays,Kaniyan Pungundranar,0.6332
arabic_0058,tamil_0104,arabic,tamil,Imru al-Qays,Thiruvalluvar,0.6331
english_0075,tamil_0095,english,tamil,Keats,Thiruvalluvar,0.6331
urdu_0013,tamil_0105,urdu,tamil,Ghalib,Kaniyan Pungundranar,0.633
english_0075,tamil_0098,english,tamil,Keats,Thiruvalluvar,0.6327
urdu_0010,hindi_0019,urdu,hindi,Ghalib,Kabir,0.6325
hindi_0031,tamil_0104,hindi,tamil,Kabir,Thiruvalluvar,0.6323
sanskrit_0039,tamil_0092,sanskrit,tamil,Upanishad,Thiruvalluvar,0.632
hindi_0022,tamil_0099,hindi,tamil,Kabir,Kaniyan Pungundranar,0.6318
sanskrit_0043,tamil_0101,sanskrit,tamil,Chandogya Upanishad,Thiruvalluvar,0.6318
sanskrit_0036,arabic_0064,sanskrit,arabic,Upanishad,Imru al-Qays,0.6317
urdu_0016,tamil_0102,urdu,tamil,Ghalib,Kaniyan Pungundranar,0.6315
arabic_0067,tamil_0101,arabic,tamil,Imru al-Qays,Thiruvalluvar,0.6312
urdu_0010,tamil_0090,urdu,tamil,Ghalib,Kaniyan Pungundranar,0.6309
hindi_0019,arabic_0070,hindi,arabic,Kabir,Imru al-Qays,0.6309
urdu_0004,tamil_0102,urdu,tamil,Ghalib,Kaniyan Pungundranar,0.6306
sanskrit_0039,tamil_0101,sanskrit,tamil,Upanishad,Thiruvalluvar,0.6306
english_0075,tamil_0105,english,tamil,Keats,Kaniyan Pungundranar,0.6306
sanskrit_0039,tamil_0104,sanskrit,tamil,Upanishad,Thiruvalluvar,0.6305
arabic_0064,tamil_0102,arabic,tamil,Imru al-Qays,Kaniyan Pungundranar,0.6304
urdu_0001,hindi_0019,urdu,hindi,Ghalib,Kabir,0.6304
urdu_0000,tamil_0098,urdu,tamil,Ghalib,Thiruvalluvar,0.6304
arabic_0064,tamil_0093,arabic,tamil,Imru al-Qays,Kaniyan Pungundranar,0.6302
hindi_0034,tamil_0091,hindi,tamil,Kabir,Thiruvalluvar,0.6302
sanskrit_0039,tamil_0098,sanskrit,tamil,Upanishad,Thiruvalluvar,0.6302
hindi_0019,arabic_0067,hindi,arabic,Kabir,Imru al-Qays,0.6301
hindi_0024,arabic_0071,hindi,arabic,Kabir,Arabic proverb,0.63
arabic_0070,tamil_0102,arabic,tamil,Imru al-Qays,Kaniyan Pungundranar,0.6295
arabic_0061,tamil_0098,arabic,tamil,Imru al-Qays,Thiruvalluvar,0.6295
hindi_0022,arabic_0064,hindi,arabic,Kabir,Imru al-Qays,0.6295
urdu_0016,hindi_0019,urdu,hindi,Ghalib,Kabir,0.6295
hindi_0028,arabic_0064,hindi,arabic,Kabir,Imru al-Qays,0.6294
hindi_0028,arabic_0061,hindi,arabic,Kabir,Imru al-Qays,0.6293
sanskrit_0048,arabic_0067,sanskrit,arabic,Upanishad,Imru al-Qays,0.6293
urdu_0009,tamil_0098,urdu,tamil,Ghalib,Thiruvalluvar,0.6292
arabic_0055,tamil_0095,arabic,tamil,Imru al-Qays,Thiruvalluvar,0.629
arabic_0061,tamil_0093,arabic,tamil,Imru al-Qays,Kaniyan Pungundranar,0.6289
hindi_0033,tamil_0092,hindi,tamil,Kabir,Thiruvalluvar,0.6287
hindi_0031,tamil_0099,hindi,tamil,Kabir,Kaniyan Pungundranar,0.6286
hindi_0028,tamil_0095,hindi,tamil,Kabir,Thiruvalluvar,0.6286
urdu_0006,tamil_0092,urdu,tamil,Ghalib,Thiruvalluvar,0.6285
sanskrit_0046,tamil_0092,sanskrit,tamil,Chandogya Upanishad,Thiruvalluvar,0.6285
arabic_0061,tamil_0102,arabic,tamil,Imru al-Qays,Kaniyan Pungundranar,0.6284
hindi_0019,arabic_0064,hindi,arabic,Kabir,Imru al-Qays,0.6283
urdu_0006,tamil_0101,urdu,tamil,Ghalib,Thiruvalluvar,0.6283
hindi_0022,tamil_0104,hindi,tamil,Kabir,Thiruvalluvar,0.6282
arabic_0070,tamil_0093,arabic,tamil,Imru al-Qays,Kaniyan Pungundranar,0.6281
urdu_0003,tamil_0098,urdu,tamil,Ghalib,Thiruvalluvar,0.6279
sanskrit_0045,arabic_0070,sanskrit,arabic,Upanishad,Imru al-Qays,0.6279
arabic_0067,tamil_0090,arabic,tamil,Imru al-Qays,Kaniyan Pungundranar,0.6278
urdu_0015,hindi_0034,urdu,hindi,Ghalib,Kabir,0.6278
arabic_0067,tamil_0098,arabic,tamil,Imru al-Qays,Thiruvalluvar,0.6276
sanskrit_0039,arabic_0064,sanskrit,arabic,Upanishad,Imru al-Qays,0.6274
arabic_0067,tamil_0105,arabic,tamil,Imru al-Qays,Kaniyan Pungundranar,0.6274
urdu_0007,hindi_0019,urdu,hindi,Ghalib,Kabir,0.6274
english_0075,tamil_0093,english,tamil,Keats,Kaniyan Pungundranar,0.6273
sanskrit_0045,arabic_0055,sanskrit,arabic,Upanishad,Imru al-Qays,0.6272
sanskrit_0046,tamil_0095,sanskrit,tamil,Chandogya Upanishad,Thiruvalluvar,0.627
hindi_0033,arabic_0059,hindi,arabic,Kabir,Arabic proverb,0.6265
arabic_0055,tamil_0092,arabic,tamil,Imru al-Qays,Thiruvalluvar,0.6263
english_0075,tamil_0104,english,tamil,Keats,Thiruvalluvar,0.6263
sanskrit_0046,tamil_0098,sanskrit,tamil,Chandogya Upanishad,Thiruvalluvar,0.6262
urdu_0007,tamil_0102,urdu,tamil,Ghalib,Kaniyan Pungundranar,0.6261
hindi_0033,arabic_0056,hindi,arabic,Kabir,Arabic proverb,0.626
urdu_0012,tamil_0098,urdu,tamil,Ghalib,Thiruvalluvar,0.6258
sanskrit_0036,tamil_0099,sanskrit,tamil,Upanishad,Kaniyan Pungundranar,0.6257
sanskrit_0042,tamil_0095,sanskrit,tamil,Upanishad,Thiruvalluvar,0.6254
sanskrit_0049,tamil_0092,sanskrit,tamil,Chandogya Upanishad,Thiruvalluvar,0.6253
hindi_0033,tamil_0098,hindi,tamil,Kabir,Thiruvalluvar,0.6252
hindi_0031,arabic_0061,hindi,arabic,Kabir,Imru al-Qays,0.6252
arabic_0055,tamil_0090,arabic,tamil,Imru al-Qays,Kaniyan Pungundranar,0.6248
sanskrit_0052,tamil_0104,sanskrit,tamil,Chandogya Upanishad,Thiruvalluvar,0.6248
urdu_0004,hindi_0019,urdu,hindi,Ghalib,Kabir,0.6247
hindi_0033,tamil_0095,hindi,tamil,Kabir,Thiruvalluvar,0.6243
sanskrit_0037,tamil_0104,sanskrit,tamil,Chandogya Upanishad,Thiruvalluvar,0.6241
hindi_0034,tamil_0103,hindi,tamil,Kabir,Thiruvalluvar,0.6238
hindi_0031,arabic_0064,hindi,arabic,Kabir,Imru al-Qays,0.6238
arabic_0055,tamil_0105,arabic,tamil,Imru al-Qays,Kaniyan Pungundranar,0.6237
hindi_0025,arabic_0070,hindi,arabic,Kabir,Imru al-Qays,0.6235
urdu_0016,tamil_0090,urdu,tamil,Ghalib,Kaniyan Pungundranar,0.6234
urdu_0001,tamil_0090,urdu,tamil,Ghalib,Kaniyan Pungundranar,0.6234
hindi_0025,arabic_0064,hindi,arabic,Kabir,Imru al-Qays,0.6233
sanskrit_0049,tamil_0095,sanskrit,tamil,Chandogya Upanishad,Thiruvalluvar,0.6233
urdu_0010,hindi_0025,urdu,hindi,Ghalib,Kabir,0.6232
english_0075,tamil_0102,english,tamil,Keats,Kaniyan Pungundranar,0.6231
hindi_0025,arabic_0067,hindi,arabic,Kabir,Imru al-Qays,0.623
sanskrit_0042,tamil_0092,sanskrit,tamil,Upanishad,Thiruvalluvar,0.6229
hindi_0028,arabic_0058,hindi,arabic,Kabir,Imru al-Qays,0.6228
sanskrit_0045,arabic_0067,sanskrit,arabic,Upanishad,Imru al-Qays,0.6228
arabic_0067,tamil_0102,arabic,tamil,Imru al-Qays,Kaniyan Pungundranar,0.6227
hindi_0022,arabic_0061,hindi,arabic,Kabir,Imru al-Qays,0.6227
sanskrit_0049,tamil_0098,sanskrit,tamil,Chandogya Upanishad,Thiruvalluvar,0.6227
urdu_0012,hindi_0034,urdu,hindi,Ghalib,Kabir,0.6226
urdu_0015,tamil_0095,urdu,tamil,Ghalib,Thiruvalluvar,0.6225
sanskrit_0042,tamil_0101,sanskrit,tamil,Upanishad,Thiruvalluvar,0.6223
sanskrit_0042,tamil_0098,sanskrit,tamil,Upanishad,Thiruvalluvar,0.622
urdu_0003,hindi_0034,urdu,hindi,Ghalib,Kabir,0.622
arabic_0055,tamil_0101,arabic,tamil,Imru al-Qays,Thiruvalluvar,0.622
sanskrit_0040,tamil_0104,sanskrit,tamil,Chandogya Upanishad,Thiruvalluvar,0.6219
sanskrit_0042,arabic_0064,sanskrit,arabic,Upanishad,Imru al-Qays,0.6219
hindi_0033,tamil_0101,hindi,tamil,Kabir,Thiruvalluvar,0.6218
sanskrit_0036,arabic_0061,sanskrit,arabic,Upanishad,Imru al-Qays,0.6216
hindi_0024,arabic_0068,hindi,arabic,Kabir,Arabic proverb,0.6214
hindi_0034,tamil_0094,hindi,tamil,Kabir,Thiruvalluvar,0.6213
hindi_0031,tamil_0095,hindi,tamil,Kabir,Thiruvalluvar,0.6212
arabic_0064,tamil_0095,arabic,tamil,Imru al-Qays,Thiruvalluvar,0.6212
sanskrit_0042,tamil_0104,sanskrit,tamil,Upanishad,Thiruvalluvar,0.6211
hindi_0027,arabic_0056,hindi,arabic,Kabir,Arabic proverb,0.6209
urdu_0001,hindi_0025,urdu,hindi,Ghalib,Kabir,0.6208
hindi_0033,arabic_0071,hindi,arabic,Kabir,Arabic proverb,0.6208
arabic_0064,tamil_0092,arabic,tamil,Imru al-Qays,Thiruvalluvar,0.6207
english_0075,tamil_0096,english,tamil,Keats,Kaniyan Pungundranar,0.6206
sanskrit_0051,arabic_0055,sanskrit,arabic,Upanishad,Imru al-Qays,0.6206
hindi_0030,arabic_0059,hindi,arabic,Kabir,Arabic proverb,0.6205
urdu_0004,tamil_0090,urdu,tamil,Ghalib,Kaniyan Pungundranar,0.6205
urdu_0013,tamil_0102,urdu,tamil,Ghalib,Kaniyan Pungundranar,0.6205
sanskrit_0046,tamil_0101,sanskrit,tamil,Chandogya Upanishad,Thiruvalluvar,0.6203
hindi_0033,tamil_0104,hindi,tamil,Kabir,Thiruvalluvar,0.6202
sanskrit_0051,arabic_0070,sanskrit,arabic,Upanishad,Imru al-Qays,0.6201
arabic_0058,tamil_0092,arabic,tamil,Imru al-Qays,Thiruvalluvar,0.62
arabic_0067,tamil_0093,arabic,tamil,Imru al-Qays,Kaniyan Pungundranar,0.62
arabic_0058,tamil_0095,arabic,tamil,Imru al-Qays,Thiruvalluvar,0.6199
sanskrit_0039,tamil_0099,sanskrit,tamil,Upanishad,Kaniyan Pungundranar,0.6195
hindi_0028,tamil_0098,hindi,tamil,Kabir,Thiruvalluvar,0.6194
urdu_0000,hindi_0034,urdu,hindi,Ghalib,Kabir,0.6191
hindi_0028,tamil_0092,hindi,tamil,Kabir,Thiruvalluvar,0.619
hindi_0031,arabic_0058,hindi,arabic,Kabir,Imru al-Qays,0.6189
urdu_0015,tamil_0101,urdu,tamil,Ghalib,Thiruvalluvar,0.6188
arabic_0055,tamil_0102,arabic,tamil,Imru al-Qays,Kaniyan Pungundranar,0.6186
hindi_0027,arabic_0059,hindi,arabic,Kabir,Arabic proverb,0.6186
urdu_0016,hindi_0025,urdu,hindi,Ghalib,Kabir,0.6184
hindi_0022,arabic_0058,hindi,arabic,Kabir,Imru al-Qays,0.6183
hindi_0028,tamil_0101,hindi,tamil,Kabir,Thiruvalluvar,0.6182
arabic_0058,tamil_0090,arabic,tamil,Imru al-Qays,Kaniyan Pungundranar,0.6182
sanskrit_0036,arabic_0058,sanskrit,arabic,Upanishad,Imru al-Qays,0.6181
sanskrit_0039,arabic_0061,sanskrit,arabic,Upanishad,Imru al-Qays,0.618
hindi_0022,tamil_0095,hindi,tamil,Kabir,Thiruvalluvar,0.6176
arabic_0064,tamil_0096,arabic,tamil,Imru al-Qays,Kaniyan Pungundranar,0.6175
urdu_0006,tamil_0098,urdu,tamil,Ghalib,Thiruvalluvar,0.6173
sanskrit_0049,tamil_0101,sanskrit,tamil,Chandogya Upanishad,Thiruvalluvar,0.6172
urdu_0015,tamil_0092,urdu,tamil,Ghalib,Thiruvalluvar,0.6171
urdu_0009,hindi_0034,urdu,hindi,Ghalib,Kabir,0.6171
arabic_0069,tamil_0090,arabic,tamil,Al-Hallaj,Kaniyan Pungundranar,0.6171
sanskrit_0048,tamil_0095,sanskrit,tamil,Upanishad,Thiruvalluvar,0.6169
urdu_0013,hindi_0019,urdu,hindi,Ghalib,Kabir,0.6168
hindi_0027,arabic_0071,hindi,arabic,Kabir,Arabic proverb,0.6167
arabic_0055,tamil_0093,arabic,tamil,Imru al-Qays,Kaniyan Pungundranar,0.6167
arabic_0055,tamil_0098,arabic,tamil,Imru al-Qays,Thiruvalluvar,0.6167
hindi_0018,arabic_0059,hindi,arabic,Kabir,Arabic proverb,0.6166
urdu_0007,tamil_0090,urdu,tamil,Ghalib,Kaniyan Pungundranar,0.6164
sanskrit_0037,tamil_0092,sanskrit,tamil,Chandogya Upanishad,Thiruvalluvar,0.6164
urdu_0007,hindi_0025,urdu,hindi,Ghalib,Kabir,0.6163
arabic_0064,tamil_0101,arabic,tamil,Imru al-Qays,Thiruvalluvar,0.616
sanskrit_0042,tamil_0099,sanskrit,tamil,Upanishad,Kaniyan Pungundranar,0.616
urdu_0015,sanskrit_0049,urdu,sanskrit,Ghalib,Chandogya Upanishad,0.6156
arabic_0058,tamil_0101,arabic,tamil,Imru al-Qays,Thiruvalluvar,0.6155
sanskrit_0052,tamil_0092,sanskrit,tamil,Chandogya Upanishad,Thiruvalluvar,0.6155
urdu_0006,hindi_0034,urdu,hindi,Ghalib,Kabir,0.6154
sanskrit_0037,tamil_0095,sanskrit,tamil,Chandogya Upanishad,Thiruvalluvar,0.6153
sanskrit_0052,tamil_0095,sanskrit,tamil,Chandogya Upanishad,Thiruvalluvar,0.6153
hindi_0019,arabic_0061,hindi,arabic,Kabir,Imru al-Qays,0.615
urdu_0004,hindi_0025,urdu,hindi,Ghalib,Kabir,0.6149
arabic_0058,tamil_0105,arabic,tamil,Imru al-Qays,Kaniyan Pungundranar,0.6148
sanskrit_0037,tamil_0098,sanskrit,tamil,Chandogya Upanishad,Thiruvalluvar,0.6148
urdu_0010,tamil_0093,urdu,tamil,Ghalib,Kaniyan Pungundranar,0.6147
sanskrit_0051,arabic_0067,sanskrit,arabic,Upanishad,Imru al-Qays,0.6144
sanskrit_0045,english_0081,sanskrit,english,Upanishad,Keats,0.6144
sanskrit_0048,tamil_0098,sanskrit,tamil,Upanishad,Thiruvalluvar,0.6142
sanskrit_0042,arabic_0061,sanskrit,arabic,Upanishad,Imru al-Qays,0.6141
sanskrit_0052,tamil_0098,sanskrit,tamil,Chandogya Upanishad,Thiruvalluvar,0.6138
sanskrit_0039,arabic_0058,sanskrit,arabic,Upanishad,Imru al-Qays,0.6137
arabic_0054,tamil_0090,arabic,tamil,Al-Hallaj,Kaniyan Pungundranar,0.6137
sanskrit_0045,tamil_0095,sanskrit,tamil,Upanishad,Thiruvalluvar,0.6133
sanskrit_0048,tamil_0101,sanskrit,tamil,Upanishad,Thiruvalluvar,0.613
sanskrit_0040,tamil_0092,sanskrit,tamil,Chandogya Upanishad,Thiruvalluvar,0.613
urdu_0015,hindi_0018,urdu,hindi,Ghalib,Kabir,0.613
sanskrit_0048,tamil_0092,sanskrit,tamil,Upanishad,Thiruvalluvar,0.613
sanskrit_0048,tamil_0104,sanskrit,tamil,Upanishad,Thiruvalluvar,0.6128
hindi_0019,arabic_0065,hindi,arabic,Kabir,Arabic proverb,0.6127
urdu_0003,sanskrit_0049,urdu,sanskrit,Ghalib,Chandogya Upanishad,0.6126
hindi_0031,tamil_0098,hindi,tamil,Kabir,Thiruvalluvar,0.6126
hindi_0030,arabic_0071,hindi,arabic,Kabir,Arabic proverb,0.6126
hindi_0021,tamil_0092,hindi,tamil,Kabir,Thiruvalluvar,0.6125
hindi_0025,tamil_0099,hindi,tamil,Kabir,Kaniyan Pungundranar,0.6125
hindi_0030,arabic_0068,hindi,arabic,Kabir,Arabic proverb,0.6123
arabic_0070,tamil_0096,arabic,tamil,Imru al-Qays,Kaniyan Pungundranar,0.6123
english_0081,tamil_0099,english,tamil,Keats,Kaniyan Pungundranar,0.6121
arabic_0061,tamil_0096,arabic,tamil,Imru al-Qays,Kaniyan Pungundranar,0.6121
hindi_0033,arabic_0068,hindi,arabic,Kabir,Arabic proverb,0.612
sanskrit_0040,tamil_0095,sanskrit,tamil,Chandogya Upanishad,Thiruvalluvar,0.6119
urdu_0000,sanskrit_0049,urdu,sanskrit,Ghalib,Chandogya Upanishad,0.6114
hindi_0018,arabic_0071,hindi,arabic,Kabir,Arabic proverb,0.6113
sanskrit_0048,arabic_0064,sanskrit,arabic,Upanishad,Imru al-Qays,0.6113
hindi_0031,tamil_0092,hindi,tamil,Kabir,Thiruvalluvar,0.6112
urdu_0013,tamil_0090,urdu,tamil,Ghalib,Kaniyan Pungundranar,0.6111
sanskrit_0040,tamil_0098,sanskrit,tamil,Chandogya Upanishad,Thiruvalluvar,0.6107
hindi_0031,tamil_0101,hindi,tamil,Kabir,Thiruvalluvar,0.6106
sanskrit_0045,tamil_0104,sanskrit,tamil,Upanishad,Thiruvalluvar,0.6104
hindi_0019,arabic_0058,hindi,arabic,Kabir,Imru al-Qays,0.6104
urdu_0009,sanskrit_0049,urdu,sanskrit,Ghalib,Chandogya Upanishad,0.6103
sanskrit_0042,arabic_0058,sanskrit,arabic,Upanishad,Imru al-Qays,0.6103
urdu_0003,hindi_0018,urdu,hindi,Ghalib,Kabir,0.6103
arabic_0058,tamil_0093,arabic,tamil,Imru al-Qays,Kaniyan Pungundranar,0.6102
sanskrit_0045,tamil_0099,sanskrit,tamil,Upanishad,Kaniyan Pungundranar,0.6101
hindi_0019,tamil_0099,hindi,tamil,Kabir,Kaniyan Pungundranar,0.6101
urdu_0000,hindi_0018,urdu,hindi,Ghalib,Kabir,0.6099
urdu_0015,hindi_0030,urdu,hindi,Ghalib,Kabir,0.6097
urdu_0016,tamil_0093,urdu,tamil,Ghalib,Kaniyan Pungundranar,0.6096
sanskrit_0045,tamil_0092,sanskrit,tamil,Upanishad,Thiruvalluvar,0.6096
sanskrit_0042,english_0081,sanskrit,english,Upanishad,Keats,0.6094
sanskrit_0051,english_0081,sanskrit,english,Upanishad,Keats,0.6094
arabic_0058,tamil_0102,arabic,tamil,Imru al-Qays,Kaniyan Pungundranar,0.6092
sanskrit_0045,tamil_0098,sanskrit,tamil,Upanishad,Thiruvalluvar,0.6089
urdu_0009,hindi_0018,urdu,hindi,Ghalib,Kabir,0.6085
sanskrit_0048,tamil_0099,sanskrit,tamil,Upanishad,Kaniyan Pungundranar,0.6085
hindi_0022,tamil_0098,hindi,tamil,Kabir,Thiruvalluvar,0.6085
sanskrit_0045,tamil_0101,sanskrit,tamil,Upanishad,Thiruvalluvar,0.6084
hindi_0025,arabic_0061,hindi,arabic,Kabir,Imru al-Qays,0.6083
hindi_0018,arabic_0068,hindi,arabic,Kabir,Arabic proverb,0.6078
urdu_0015,sanskrit_0046,urdu,sanskrit,Ghalib,Chandogya Upanishad,0.6078
sanskrit_0048,arabic_0061,sanskrit,arabic,Upanishad,Imru al-Qays,0.6078
hindi_0019,tamil_0104,hindi,tamil,Kabir,Thiruvalluvar,0.6077
hindi_0031,arabic_0065,hindi,arabic,Kabir,Arabic proverb,0.6075
sanskrit_0037,tamil_0101,sanskrit,tamil,Chandogya Upanishad,Thiruvalluvar,0.6073
urdu_0000,arabic_0055,urdu,arabic,Ghalib,Imru al-Qays,0.6072
hindi_0022,tamil_0092,hindi,tamil,Kabir,Thiruvalluvar,0.6072
hindi_0031,sanskrit_0039,hindi,sanskrit,Kabir,Upanishad,0.6071
hindi_0018,arabic_0056,hindi,arabic,Kabir,Arabic proverb,0.6071
hindi_0022,tamil_0101,hindi,tamil,Kabir,Thiruvalluvar,0.607
sanskrit_0036,english_0081,sanskrit,english,Upanishad,Keats,0.6069
urdu_0003,hindi_0030,urdu,hindi,Ghalib,Kabir,0.6068
sanskrit_0048,english_0081,sanskrit,english,Upanishad,Keats,0.6068
urdu_0003,sanskrit_0052,urdu,sanskrit,Ghalib,Chandogya Upanishad,0.6067
urdu_0013,hindi_0025,urdu,hindi,Ghalib,Kabir,0.6065
arabic_0058,tamil_0098,arabic,tamil,Imru al-Qays,Thiruvalluvar,0.6064
hindi_0021,arabic_0068,hindi,arabic,Kabir,Arabic proverb,0.6064
urdu_0000,hindi_0030,urdu,hindi,Ghalib,Kabir,0.6063
hindi_0022,sanskrit_0039,hindi,sanskrit,Kabir,Upanishad,0.6063
arabic_0064,tamil_0098,arabic,tamil,Imru al-Qays,Thiruvalluvar,0.6062
urdu_0004,tamil_0093,urdu,tamil,Ghalib,Kaniyan Pungundranar,0.6061
hindi_0028,sanskrit_0039,hindi,sanskrit,Kabir,Upanishad,0.606
urdu_0015,sanskrit_0052,urdu,sanskrit,Ghalib,Chandogya Upanishad,0.606
hindi_0030,arabic_0065,hindi,arabic,Kabir,Arabic proverb,0.606
urdu_0001,tamil_0093,urdu,tamil,Ghalib,Kaniyan Pungundranar,0.6057
hindi_0027,arabic_0068,hindi,arabic,Kabir,Arabic proverb,0.6056
sanskrit_0052,tamil_0101,sanskrit,tamil,Chandogya Upanishad,Thiruvalluvar,0.6055
urdu_0012,sanskrit_0049,urdu,sanskrit,Ghalib,Chandogya Upanishad,0.6054
sanskrit_0039,english_0081,sanskrit,english,Upanishad,Keats,0.6053
hindi_0021,tamil_0095,hindi,tamil,Kabir,Thiruvalluvar,0.6052
urdu_0009,hindi_0030,urdu,hindi,Ghalib,Kabir,0.6052
hindi_0021,tamil_0098,hindi,tamil,Kabir,Thiruvalluvar,0.6052
urdu_0012,hindi_0018,urdu,hindi,Ghalib,Kabir,0.6048
hindi_0021,tamil_0101,hindi,tamil,Kabir,Thiruvalluvar,0.6047
hindi_0030,arabic_0056,hindi,arabic,Kabir,Arabic proverb,0.6047
sanskrit_0045,arabic_0064,sanskrit,arabic,Upanishad,Imru al-Qays,0.6047
sanskrit_0048,arabic_0058,sanskrit,arabic,Upanishad,Imru al-Qays,0.6046
urdu_0000,arabic_0070,urdu,arabic,Ghalib,Imru al-Qays,0.6046
urdu_0009,sanskrit_0052,urdu,sanskrit,Ghalib,Chandogya Upanishad,0.6044
arabic_0067,tamil_0096,arabic,tamil,Imru al-Qays,Kaniyan Pungundranar,0.6039
urdu_0003,sanskrit_0046,urdu,sanskrit,Ghalib,Chandogya Upanishad,0.6037
sanskrit_0040,tamil_0101,sanskrit,tamil,Chandogya Upanishad,Thiruvalluvar,0.6035
hindi_0022,arabic_0065,hindi,arabic,Kabir,Arabic proverb,0.6034
urdu_0007,tamil_0093,urdu,tamil,Ghalib,Kaniyan Pungundranar,0.6034
urdu_0015,tamil_0098,urdu,tamil,Ghalib,Thiruvalluvar,0.6033
urdu_0000,sanskrit_0046,urdu,sanskrit,Ghalib,Chandogya Upanishad,0.6033
hindi_0025,arabic_0058,hindi,arabic,Kabir,Imru al-Qays,0.6033
urdu_0000,sanskrit_0052,urdu,sanskrit,Ghalib,Chandogya Upanishad,0.6033
urdu_0000,arabic_0067,urdu,arabic,Ghalib,Imru al-Qays,0.6032
hindi_0031,sanskrit_0036,hindi,sanskrit,Kabir,Upanishad,0.603
hindi_0034,tamil_0090,hindi,tamil,Kabir,Kaniyan Pungundranar,0.603
urdu_0003,arabic_0055,urdu,arabic,Ghalib,Imru al-Qays,0.6029
sanskrit_0051,tamil_0099,sanskrit,tamil,Upanishad,Kaniyan Pungundranar,0.6028
hindi_0022,sanskrit_0036,hindi,sanskrit,Kabir,Upanishad,0.6024
sanskrit_0045,arabic_0061,sanskrit,arabic,Upanishad,Imru al-Qays,0.6021
hindi_0028,sanskrit_0036,hindi,sanskrit,Kabir,Upanishad,0.602
arabic_0069,tamil_0093,arabic,tamil,Al-Hallaj,Kaniyan Pungundranar,0.6019
urdu_0006,sanskrit_0049,urdu,sanskrit,Ghalib,Chandogya Upanishad,0.6017
hindi_0025,tamil_0104,hindi,tamil,Kabir,Thiruvalluvar,0.6015
urdu_0015,sanskrit_0040,urdu,sanskrit,Ghalib,Chandogya Upanishad,0.6015
hindi_0021,tamil_0104,hindi,tamil,Kabir,Thiruvalluvar,0.6014
urdu_0012,hindi_0030,urdu,hindi,Ghalib,Kabir,0.6013
urdu_0009,sanskrit_0046,urdu,sanskrit,Ghalib,Chandogya Upanishad,0.6013
hindi_0028,arabic_0065,hindi,arabic,Kabir,Arabic proverb,0.6011
urdu_0012,arabic_0055,urdu,arabic,Ghalib,Imru al-Qays,0.601
urdu_0006,hindi_0018,urdu,hindi,Ghalib,Kabir,0.6009
arabic_0055,tamil_0096,arabic,tamil,Imru al-Qays,Kaniyan Pungundranar,0.6008
urdu_0012,sanskrit_0052,urdu,sanskrit,Ghalib,Chandogya Upanishad,0.6005
urdu_0010,tamil_0096,urdu,tamil,Ghalib,Kaniyan Pungundranar,0.6004
hindi_0031,sanskrit_0045,hindi,sanskrit,Kabir,Upanishad,0.6003
hindi_0018,arabic_0065,hindi,arabic,Kabir,Arabic proverb,0.6001
sanskrit_0051,tamil_0095,sanskrit,tamil,Upanishad,Thiruvalluvar,0.5999
urdu_0009,arabic_0055,urdu,arabic,Ghalib,Imru al-Qays,0.5998
urdu_0015,sanskrit_0037,urdu,sanskrit,Ghalib,Chandogya Upanishad,0.5997
urdu_0003,arabic_0067,urdu,arabic,Ghalib,Imru al-Qays,0.5996
urdu_0003,sanskrit_0037,urdu,sanskrit,Ghalib,Chandogya Upanishad,0.5992
urdu_0003,arabic_0070,urdu,arabic,Ghalib,Imru al-Qays,0.5992
hindi_0028,sanskrit_0045,hindi,sanskrit,Kabir,Upanishad,0.599
hindi_0030,arabic_0062,hindi,arabic,Kabir,Arabic proverb,0.5987
arabic_0054,tamil_0093,arabic,tamil,Al-Hallaj,Kaniyan Pungundranar,0.5985
hindi_0025,arabic_0065,hindi,arabic,Kabir,Arabic proverb,0.5985
arabic_0066,tamil_0090,arabic,tamil,Al-Hallaj,Kaniyan Pungundranar,0.5985
hindi_0022,sanskrit_0045,hindi,sanskrit,Kabir,Upanishad,0.5985
urdu_0000,sanskrit_0037,urdu,sanskrit,Ghalib,Chandogya Upanishad,0.5984
urdu_0012,arabic_0070,urdu,arabic,Ghalib,Imru al-Qays,0.5984
urdu_0012,arabic_0067,urdu,arabic,Ghalib,Imru al-Qays,0.5983
sanskrit_0051,arabic_0064,sanskrit,arabic,Upanishad,Imru al-Qays,0.5982
urdu_0009,arabic_0067,urdu,arabic,Ghalib,Imru al-Qays,0.5977
urdu_0006,hindi_0030,urdu,hindi,Ghalib,Kabir,0.5976
urdu_0012,sanskrit_0046,urdu,sanskrit,Ghalib,Chandogya Upanishad,0.5974
urdu_0009,arabic_0070,urdu,arabic,Ghalib,Imru al-Qays,0.597
sanskrit_0045,arabic_0058,sanskrit,arabic,Upanishad,Imru al-Qays,0.5969
urdu_0013,tamil_0093,urdu,tamil,Ghalib,Kaniyan Pungundranar,0.5967
sanskrit_0051,tamil_0104,sanskrit,tamil,Upanishad,Thiruvalluvar,0.5967
hindi_0019,sanskrit_0039,hindi,sanskrit,Kabir,Upanishad,0.5966
hindi_0019,tamil_0095,hindi,tamil,Kabir,Thiruvalluvar,0.5965
urdu_0003,sanskrit_0040,urdu,sanskrit,Ghalib,Chandogya Upanishad,0.5965
urdu_0006,sanskrit_0052,urdu,sanskrit,Ghalib,Chandogya Upanishad,0.5965
hindi_0031,sanskrit_0042,hindi,sanskrit,Kabir,Upanishad,0.5964
sanskrit_0051,tamil_0098,sanskrit,tamil,Upanishad,Thiruvalluvar,0.5963
sanskrit_0051,tamil_0092,sanskrit,tamil,Upanishad,Thiruvalluvar,0.5962
hindi_0034,tamil_0102,hindi,tamil,Kabir,Kaniyan Pungundranar,0.5962
urdu_0000,sanskrit_0040,urdu,sanskrit,Ghalib,Chandogya Upanishad,0.5959
sanskrit_0051,tamil_0101,sanskrit,tamil,Upanishad,Thiruvalluvar,0.5955
urdu_0009,sanskrit_0037,urdu,sanskrit,Ghalib,Chandogya Upanishad,0.5954
hindi_0025,sanskrit_0039,hindi,sanskrit,Kabir,Upanishad,0.5952
hindi_0022,sanskrit_0042,hindi,sanskrit,Kabir,Upanishad,0.5951
hindi_0028,sanskrit_0042,hindi,sanskrit,Kabir,Upanishad,0.5949
urdu_0006,arabic_0055,urdu,arabic,Ghalib,Imru al-Qays,0.5944
arabic_0058,tamil_0096,arabic,tamil,Imru al-Qays,Kaniyan Pungundranar,0.5941
urdu_0009,sanskrit_0040,urdu,sanskrit,Ghalib,Chandogya Upanishad,0.5939
sanskrit_0051,arabic_0061,sanskrit,arabic,Upanishad,Imru al-Qays,0.5937
urdu_0006,arabic_0067,urdu,arabic,Ghalib,Imru al-Qays,0.5934
hindi_0034,tamil_0105,hindi,tamil,Kabir,Kaniyan Pungundranar,0.5932
hindi_0018,arabic_0062,hindi,arabic,Kabir,Arabic proverb,0.593
urdu_0012,sanskrit_0037,urdu,sanskrit,Ghalib,Chandogya Upanishad,0.5928
urdu_0006,arabic_0070,urdu,arabic,Ghalib,Imru al-Qays,0.5928
urdu_0016,tamil_0096,urdu,tamil,Ghalib,Kaniyan Pungundranar,0.5927
urdu_0006,sanskrit_0046,urdu,sanskrit,Ghalib,Chandogya Upanishad,0.5927
urdu_0001,tamil_0096,urdu,tamil,Ghalib,Kaniyan Pungundranar,0.5924
hindi_0031,sanskrit_0051,hindi,sanskrit,Kabir,Upanishad,0.5923
hindi_0031,sanskrit_0048,hindi,sanskrit,Kabir,Upanishad,0.5918
urdu_0004,tamil_0096,urdu,tamil,Ghalib,Kaniyan Pungundranar,0.5916
hindi_0019,sanskrit_0036,hindi,sanskrit,Kabir,Upanishad,0.5915
arabic_0068,tamil_0092,arabic,tamil,Arabic proverb,Thiruvalluvar,0.5914
hindi_0019,arabic_0062,hindi,arabic,Kabir,Arabic proverb,0.5905
sanskrit_0051,arabic_0058,sanskrit,arabic,Upanishad,Imru al-Qays,0.5904
urdu_0012,sanskrit_0040,urdu,sanskrit,Ghalib,Chandogya Upanishad,0.5902
hindi_0033,arabic_0065,hindi,arabic,Kabir,Arabic proverb,0.5902
hindi_0028,sanskrit_0051,hindi,sanskrit,Kabir,Upanishad,0.5901
hindi_0025,tamil_0095,hindi,tamil,Kabir,Thiruvalluvar,0.5896
hindi_0025,sanskrit_0036,hindi,sanskrit,Kabir,Upanishad,0.5893
hindi_0028,sanskrit_0048,hindi,sanskrit,Kabir,Upanishad,0.5891
arabic_0059,tamil_0092,arabic,tamil,Arabic proverb,Thiruvalluvar,0.5888
arabic_0062,tamil_0095,arabic,tamil,Arabic proverb,Thiruvalluvar,0.5888
hindi_0022,sanskrit_0051,hindi,sanskrit,Kabir,Upanishad,0.5888
arabic_0068,tamil_0101,arabic,tamil,Arabic proverb,Thiruvalluvar,0.5886
hindi_0019,tamil_0098,hindi,tamil,Kabir,Thiruvalluvar,0.5882
hindi_0033,arabic_0062,hindi,arabic,Kabir,Arabic proverb,0.588
hindi_0019,sanskrit_0045,hindi,sanskrit,Kabir,Upanishad,0.5879
arabic_0057,tamil_0090,arabic,tamil,Al-Hallaj,Kaniyan Pungundranar,0.5877
hindi_0024,arabic_0065,hindi,arabic,Kabir,Arabic proverb,0.5877
arabic_0062,tamil_0104,arabic,tamil,Arabic proverb,Thiruvalluvar,0.5874
arabic_0062,tamil_0092,arabic,tamil,Arabic proverb,Thiruvalluvar,0.5872
urdu_0006,sanskrit_0037,urdu,sanskrit,Ghalib,Chandogya Upanishad,0.5872
hindi_0022,sanskrit_0048,hindi,sanskrit,Kabir,Upanishad,0.5871
hindi_0034,tamil_0093,hindi,tamil,Kabir,Kaniyan Pungundranar,0.5868
arabic_0068,tamil_0104,arabic,tamil,Arabic proverb,Thiruvalluvar,0.5867
arabic_0062,tamil_0098,arabic,tamil,Arabic proverb,Thiruvalluvar,0.5866
urdu_0007,tamil_0096,urdu,tamil,Ghalib,Kaniyan Pungundranar,0.5866
arabic_0062,tamil_0101,arabic,tamil,Arabic proverb,Thiruvalluvar,0.5862
urdu_0015,hindi_0033,urdu,hindi,Ghalib,Kabir,0.5862
arabic_0066,tamil_0093,arabic,tamil,Al-Hallaj,Kaniyan Pungundranar,0.5861
urdu_0006,sanskrit_0040,urdu,sanskrit,Ghalib,Chandogya Upanishad,0.5861
arabic_0059,tamil_0101,arabic,tamil,Arabic proverb,Thiruvalluvar,0.586
hindi_0025,sanskrit_0045,hindi,sanskrit,Kabir,Upanishad,0.586
urdu_0015,arabic_0067,urdu,arabic,Ghalib,Imru al-Qays,0.5858
hindi_0031,arabic_0062,hindi,arabic,Kabir,Arabic proverb,0.5857
hindi_0019,tamil_0092,hindi,tamil,Kabir,Thiruvalluvar,0.5855
hindi_0019,tamil_0101,hindi,tamil,Kabir,Thiruvalluvar,0.5851
arabic_0065,tamil_0095,arabic,tamil,Arabic proverb,Thiruvalluvar,0.5849
hindi_0019,sanskrit_0042,hindi,sanskrit,Kabir,Upanishad,0.5849
arabic_0068,tamil_0095,arabic,tamil,Arabic proverb,Thiruvalluvar,0.5846
hindi_0024,arabic_0062,hindi,arabic,Kabir,Arabic proverb,0.5845
arabic_0065,tamil_0104,arabic,tamil,Arabic proverb,Thiruvalluvar,0.5844
arabic_0069,tamil_0105,arabic,tamil,Al-Hallaj,Kaniyan Pungundranar,0.5842
urdu_0015,arabic_0055,urdu,arabic,Ghalib,Imru al-Qays,0.584
urdu_0015,arabic_0070,urdu,arabic,Ghalib,Imru al-Qays,0.5839
arabic_0065,tamil_0092,arabic,tamil,Arabic proverb,Thiruvalluvar,0.5837
urdu_0003,hindi_0033,urdu,hindi,Ghalib,Kabir,0.5835
urdu_0000,arabic_0064,urdu,arabic,Ghalib,Imru al-Qays,0.5829
arabic_0065,tamil_0101,arabic,tamil,Arabic proverb,Thiruvalluvar,0.5828
hindi_0025,tamil_0101,hindi,tamil,Kabir,Thiruvalluvar,0.5828
urdu_0000,hindi_0033,urdu,hindi,Ghalib,Kabir,0.5827
hindi_0034,tamil_0096,hindi,tamil,Kabir,Kaniyan Pungundranar,0.5825
hindi_0025,sanskrit_0042,hindi,sanskrit,Kabir,Upanishad,0.5825
urdu_0014,arabic_0065,urdu,arabic,Ghalib,Arabic proverb,0.5824
hindi_0025,tamil_0092,hindi,tamil,Kabir,Thiruvalluvar,0.5822
hindi_0025,tamil_0098,hindi,tamil,Kabir,Thiruvalluvar,0.5822
hindi_0019,arabic_0068,hindi,arabic,Kabir,Arabic proverb,0.5822
urdu_0013,tamil_0096,urdu,tamil,Ghalib,Kaniyan Pungundranar,0.5818
urdu_0015,hindi_0027,urdu,hindi,Ghalib,Kabir,0.5817
arabic_0068,tamil_0098,arabic,tamil,Arabic proverb,Thiruvalluvar,0.5813
urdu_0009,hindi_0033,urdu,hindi,Ghalib,Kabir,0.5811
urdu_0000,arabic_0061,urdu,arabic,Ghalib,Imru al-Qays,0.5809
hindi_0022,arabic_0062,hindi,arabic,Kabir,Arabic proverb,0.5806
arabic_0065,tamil_0098,arabic,tamil,Arabic proverb,Thiruvalluvar,0.5805
hindi_0025,arabic_0068,hindi,arabic,Kabir,Arabic proverb,0.5797
hindi_0019,sanskrit_0051,hindi,sanskrit,Kabir,Upanishad,0.5789
urdu_0003,hindi_0027,urdu,hindi,Ghalib,Kabir,0.5789
hindi_0028,arabic_0062,hindi,arabic,Kabir,Arabic proverb,0.5787
urdu_0012,hindi_0033,urdu,hindi,Ghalib,Kabir,0.5785
urdu_0003,arabic_0061,urdu,arabic,Ghalib,Imru al-Qays,0.5783
hindi_0034,arabic_0065,hindi,arabic,Kabir,Arabic proverb,0.5782
arabic_0059,tamil_0104,arabic,tamil,Arabic proverb,Thiruvalluvar,0.578
urdu_0003,arabic_0064,urdu,arabic,Ghalib,Imru al-Qays,0.5778
arabic_0054,tamil_0105,arabic,tamil,Al-Hallaj,Kaniyan Pungundranar,0.5778
urdu_0000,hindi_0027,urdu,hindi,Ghalib,Kabir,0.5776
sanskrit_0045,english_0075,sanskrit,english,Upanishad,Keats,0.5776
hindi_0022,arabic_0068,hindi,arabic,Kabir,Arabic proverb,0.5775
hindi_0019,sanskrit_0048,hindi,sanskrit,Kabir,Upanishad,0.577
english_0075,tamil_0099,english,tamil,Keats,Kaniyan Pungundranar,0.5768
urdu_0009,arabic_0061,urdu,arabic,Ghalib,Imru al-Qays,0.5768
urdu_0009,hindi_0027,urdu,hindi,Ghalib,Kabir,0.5764
hindi_0025,sanskrit_0051,hindi,sanskrit,Kabir,Upanishad,0.5759
arabic_0057,tamil_0093,arabic,tamil,Al-Hallaj,Kaniyan Pungundranar,0.5756
urdu_0012,arabic_0061,urdu,arabic,Ghalib,Imru al-Qays,0.5754
hindi_0025,arabic_0062,hindi,arabic,Kabir,Arabic proverb,0.5754
urdu_0012,arabic_0064,urdu,arabic,Ghalib,Imru al-Qays,0.5748
hindi_0025,sanskrit_0048,hindi,sanskrit,Kabir,Upanishad,0.574
arabic_0059,tamil_0095,arabic,tamil,Arabic proverb,Thiruvalluvar,0.5739
urdu_0006,hindi_0033,urdu,hindi,Ghalib,Kabir,0.5736
urdu_0009,arabic_0064,urdu,arabic,Ghalib,Imru al-Qays,0.5735
urdu_0012,hindi_0027,urdu,hindi,Ghalib,Kabir,0.573
sanskrit_0042,english_0075,sanskrit,english,Upanishad,Keats,0.5718
sanskrit_0036,english_0075,sanskrit,english,Upanishad,Keats,0.5718
hindi_0028,arabic_0068,hindi,arabic,Kabir,Arabic proverb,0.5717
sanskrit_0051,english_0075,sanskrit,english,Upanishad,Keats,0.5711
hindi_0031,arabic_0068,hindi,arabic,Kabir,Arabic proverb,0.5711
urdu_0006,arabic_0061,urdu,arabic,Ghalib,Imru al-Qays,0.5706
urdu_0015,sanskrit_0043,urdu,sanskrit,Ghalib,Chandogya Upanishad,0.57
urdu_0000,arabic_0058,urdu,arabic,Ghalib,Imru al-Qays,0.57
arabic_0059,tamil_0098,arabic,tamil,Arabic proverb,Thiruvalluvar,0.5697
urdu_0000,sanskrit_0043,urdu,sanskrit,Ghalib,Chandogya Upanishad,0.5693
urdu_0003,sanskrit_0043,urdu,sanskrit,Ghalib,Chandogya Upanishad,0.5691
urdu_0015,hindi_0024,urdu,hindi,Ghalib,Kabir,0.5691
sanskrit_0039,english_0075,sanskrit,english,Upanishad,Keats,0.5689
hindi_0034,arabic_0055,hindi,arabic,Kabir,Imru al-Qays,0.5687
urdu_0001,arabic_0055,urdu,arabic,Ghalib,Imru al-Qays,0.5685
urdu_0010,arabic_0055,urdu,arabic,Ghalib,Imru al-Qays,0.568
urdu_0006,hindi_0027,urdu,hindi,Ghalib,Kabir,0.568
hindi_0027,arabic_0065,hindi,arabic,Kabir,Arabic proverb,0.5675
arabic_0064,tamil_0099,arabic,tamil,Imru al-Qays,Kaniyan Pungundranar,0.5674
hindi_0034,arabic_0064,hindi,arabic,Kabir,Imru al-Qays,0.5667
urdu_0006,arabic_0064,urdu,arabic,Ghalib,Imru al-Qays,0.5667
urdu_0003,arabic_0058,urdu,arabic,Ghalib,Imru al-Qays,0.5664
sanskrit_0048,english_0075,sanskrit,english,Upanishad,Keats,0.5664
arabic_0071,tamil_0092,arabic,tamil,Arabic proverb,Thiruvalluvar,0.5663
urdu_0015,arabic_0061,urdu,arabic,Ghalib,Imru al-Qays,0.5659
arabic_0069,tamil_0096,arabic,tamil,Al-Hallaj,Kaniyan Pungundranar,0.5658
urdu_0009,sanskrit_0043,urdu,sanskrit,Ghalib,Chandogya Upanishad,0.5653
english_0081,tamil_0100,english,tamil,Keats,Thiruvalluvar,0.5652
urdu_0003,hindi_0024,urdu,hindi,Ghalib,Kabir,0.5648
arabic_0063,tamil_0090,arabic,tamil,Al-Hallaj,Kaniyan Pungundranar,0.5648
urdu_0016,arabic_0055,urdu,arabic,Ghalib,Imru al-Qays,0.5646
hindi_0027,arabic_0062,hindi,arabic,Kabir,Arabic proverb,0.5644
urdu_0014,arabic_0062,urdu,arabic,Ghalib,Arabic proverb,0.5641
arabic_0066,tamil_0105,arabic,tamil,Al-Hallaj,Kaniyan Pungundranar,0.5637
urdu_0000,hindi_0024,urdu,hindi,Ghalib,Kabir,0.5633
arabic_0071,tamil_0101,arabic,tamil,Arabic proverb,Thiruvalluvar,0.5631
urdu_0015,arabic_0064,urdu,arabic,Ghalib,Imru al-Qays,0.563
urdu_0009,hindi_0024,urdu,hindi,Ghalib,Kabir,0.5628
arabic_0069,tamil_0102,arabic,tamil,Al-Hallaj,Kaniyan Pungundranar,0.5627
urdu_0012,sanskrit_0043,urdu,sanskrit,Ghalib,Chandogya Upanishad,0.5627
urdu_0009,arabic_0058,urdu,arabic,Ghalib,Imru al-Qays,0.5623
urdu_0001,arabic_0070,urdu,arabic,Ghalib,Imru al-Qays,0.5623
arabic_0054,tamil_0096,arabic,tamil,Al-Hallaj,Kaniyan Pungundranar,0.5621
urdu_0012,arabic_0058,urdu,arabic,Ghalib,Imru al-Qays,0.5619
urdu_0010,arabic_0070,urdu,arabic,Ghalib,Imru al-Qays,0.5617
urdu_0007,arabic_0055,urdu,arabic,Ghalib,Imru al-Qays,0.5616
urdu_0015,hindi_0021,urdu,hindi,Ghalib,Kabir,0.5597
arabic_0061,tamil_0099,arabic,tamil,Imru al-Qays,Kaniyan Pungundranar,0.5595
urdu_0012,hindi_0024,urdu,hindi,Ghalib,Kabir,0.5593
urdu_0016,arabic_0070,urdu,arabic,Ghalib,Imru al-Qays,0.559
arabic_0071,tamil_0104,arabic,tamil,Arabic proverb,Thiruvalluvar,0.5586
urdu_0016,tamil_0104,urdu,tamil,Ghalib,Thiruvalluvar,0.5586
hindi_0034,arabic_0062,hindi,arabic,Kabir,Arabic proverb,0.5584
urdu_0004,arabic_0055,urdu,arabic,Ghalib,Imru al-Qays,0.5578
urdu_0010,tamil_0104,urdu,tamil,Ghalib,Thiruvalluvar,0.5577
urdu_0007,arabic_0070,urdu,arabic,Ghalib,Imru al-Qays,0.5565
hindi_0025,arabic_0059,hindi,arabic,Kabir,Arabic proverb,0.5565
arabic_0054,tamil_0102,arabic,tamil,Al-Hallaj,Kaniyan Pungundranar,0.5564
arabic_0063,tamil_0093,arabic,tamil,Al-Hallaj,Kaniyan Pungundranar,0.5562
urdu_0013,arabic_0055,urdu,arabic,Ghalib,Imru al-Qays,0.5559
urdu_0006,sanskrit_0043,urdu,sanskrit,Ghalib,Chandogya Upanishad,0.5558
urdu_0003,hindi_0021,urdu,hindi,Ghalib,Kabir,0.5556
english_0081,tamil_0097,english,tamil,Keats,Thiruvalluvar,0.5556
urdu_0006,hindi_0024,urdu,hindi,Ghalib,Kabir,0.5555
urdu_0001,arabic_0067,urdu,arabic,Ghalib,Imru al-Qays,0.5554
arabic_0057,tamil_0105,arabic,tamil,Al-Hallaj,Kaniyan Pungundranar,0.5554
urdu_0010,arabic_0067,urdu,arabic,Ghalib,Imru al-Qays,0.5549
urdu_0006,arabic_0058,urdu,arabic,Ghalib,Imru al-Qays,0.5546
english_0081,tamil_0091,english,tamil,Keats,Thiruvalluvar,0.554
urdu_0000,hindi_0021,urdu,hindi,Ghalib,Kabir,0.5538
urdu_0007,tamil_0104,urdu,tamil,Ghalib,Thiruvalluvar,0.5536
urdu_0009,hindi_0021,urdu,hindi,Ghalib,Kabir,0.5533
hindi_0034,arabic_0067,hindi,arabic,Kabir,Imru al-Qays,0.5526
urdu_0016,arabic_0067,urdu,arabic,Ghalib,Imru al-Qays,0.5522
urdu_0004,arabic_0070,urdu,arabic,Ghalib,Imru al-Qays,0.5521
hindi_0034,arabic_0070,hindi,arabic,Kabir,Imru al-Qays,0.5518
urdu_0001,tamil_0104,urdu,tamil,Ghalib,Thiruvalluvar,0.5518
urdu_0015,arabic_0058,urdu,arabic,Ghalib,Imru al-Qays,0.5515
arabic_0066,tamil_0096,arabic,tamil,Al-Hallaj,Kaniyan Pungundranar,0.5507
urdu_0012,hindi_0021,urdu,hindi,Ghalib,Kabir,0.5507
urdu_0013,arabic_0070,urdu,arabic,Ghalib,Imru al-Qays,0.5504
arabic_0071,tamil_0095,arabic,tamil,Arabic proverb,Thiruvalluvar,0.5503
urdu_0007,arabic_0067,urdu,arabic,Ghalib,Imru al-Qays,0.5502
hindi_0021,arabic_0062,hindi,arabic,Kabir,Arabic proverb,0.5493
arabic_0069,tamil_0100,arabic,tamil,Al-Hallaj,Thiruvalluvar,0.5492
urdu_0004,tamil_0104,urdu,tamil,Ghalib,Thiruvalluvar,0.5484
hindi_0019,arabic_0059,hindi,arabic,Kabir,Arabic proverb,0.548
hindi_0034,tamil_0099,hindi,tamil,Kabir,Kaniyan Pungundranar,0.547
urdu_0006,hindi_0021,urdu,hindi,Ghalib,Kabir,0.5463
english_0081,tamil_0094,english,tamil,Keats,Thiruvalluvar,0.5461
urdu_0004,arabic_0067,urdu,arabic,Ghalib,Imru al-Qays,0.5459
english_0077,tamil_0090,english,tamil,e.e. cummings,Kaniyan Pungundranar,0.5452
arabic_0066,tamil_0102,arabic,tamil,Al-Hallaj,Kaniyan Pungundranar,0.5452
hindi_0021,arabic_0065,hindi,arabic,Kabir,Arabic proverb,0.5449
arabic_0070,tamil_0099,arabic,tamil,Imru al-Qays,Kaniyan Pungundranar,0.5448
arabic_0057,tamil_0096,arabic,tamil,Al-Hallaj,Kaniyan Pungundranar,0.5446
arabic_0071,tamil_0098,arabic,tamil,Arabic proverb,Thiruvalluvar,0.5443
urdu_0013,arabic_0067,urdu,arabic,Ghalib,Imru al-Qays,0.5442
arabic_0069,tamil_0091,arabic,tamil,Al-Hallaj,Thiruvalluvar,0.5437
hindi_0034,arabic_0061,hindi,arabic,Kabir,Imru al-Qays,0.5429
urdu_0016,tamil_0095,urdu,tamil,Ghalib,Thiruvalluvar,0.5424
english_0081,tamil_0103,english,tamil,Keats,Thiruvalluvar,0.5424
urdu_0013,tamil_0104,urdu,tamil,Ghalib,Thiruvalluvar,0.5423
hindi_0030,arabic_0064,hindi,arabic,Kabir,Imru al-Qays,0.5423
hindi_0018,arabic_0064,hindi,arabic,Kabir,Imru al-Qays,0.5422
arabic_0058,tamil_0099,arabic,tamil,Imru al-Qays,Kaniyan Pungundranar,0.5417
sanskrit_0039,arabic_0065,sanskrit,arabic,Upanishad,Arabic proverb,0.5416
urdu_0010,tamil_0095,urdu,tamil,Ghalib,Thiruvalluvar,0.5414
arabic_0054,tamil_0100,arabic,tamil,Al-Hallaj,Thiruvalluvar,0.5402
sanskrit_0036,arabic_0065,sanskrit,arabic,Upanishad,Arabic proverb,0.5402
hindi_0034,arabic_0058,hindi,arabic,Kabir,Imru al-Qays,0.5397
arabic_0069,tamil_0097,arabic,tamil,Al-Hallaj,Thiruvalluvar,0.5396
urdu_0017,tamil_0104,urdu,tamil,Ghalib,Thiruvalluvar,0.5393
english_0084,tamil_0090,english,tamil,Keats,Kaniyan Pungundranar,0.5391
arabic_0067,tamil_0099,arabic,tamil,Imru al-Qays,Kaniyan Pungundranar,0.539
arabic_0057,tamil_0102,arabic,tamil,Al-Hallaj,Kaniyan Pungundranar,0.5389
arabic_0055,tamil_0099,arabic,tamil,Imru al-Qays,Kaniyan Pungundranar,0.5388
hindi_0034,arabic_0068,hindi,arabic,Kabir,Arabic proverb,0.5386
urdu_0014,tamil_0095,urdu,tamil,Ghalib,Thiruvalluvar,0.5375
urdu_0014,tamil_0098,urdu,tamil,Ghalib,Thiruvalluvar,0.5374
urdu_0007,tamil_0095,urdu,tamil,Ghalib,Thiruvalluvar,0.5371
sanskrit_0039,arabic_0062,sanskrit,arabic,Upanishad,Arabic proverb,0.5369
urdu_0014,tamil_0104,urdu,tamil,Ghalib,Thiruvalluvar,0.5365
arabic_0069,tamil_0094,arabic,tamil,Al-Hallaj,Thiruvalluvar,0.5361
sanskrit_0036,arabic_0062,sanskrit,arabic,Upanishad,Arabic proverb,0.5359
arabic_0056,tamil_0099,arabic,tamil,Arabic proverb,Kaniyan Pungundranar,0.5355
urdu_0017,tamil_0095,urdu,tamil,Ghalib,Thiruvalluvar,0.5352
urdu_0001,tamil_0095,urdu,tamil,Ghalib,Thiruvalluvar,0.5349
arabic_0054,tamil_0091,arabic,tamil,Al-Hallaj,Thiruvalluvar,0.5349
arabic_0057,tamil_0099,arabic,tamil,Al-Hallaj,Kaniyan Pungundranar,0.5347
hindi_0018,sanskrit_0043,hindi,sanskrit,Kabir,Chandogya Upanishad,0.5347
urdu_0011,tamil_0104,urdu,tamil,Ghalib,Thiruvalluvar,0.5342
hindi_0018,sanskrit_0042,hindi,sanskrit,Kabir,Upanishad,0.5342
hindi_0018,sanskrit_0036,hindi,sanskrit,Kabir,Upanishad,0.534
sanskrit_0042,arabic_0065,sanskrit,arabic,Upanishad,Arabic proverb,0.5337
hindi_0018,sanskrit_0046,hindi,sanskrit,Kabir,Chandogya Upanishad,0.5327
urdu_0005,tamil_0104,urdu,tamil,Ghalib,Thiruvalluvar,0.5326
urdu_0004,tamil_0095,urdu,tamil,Ghalib,Thiruvalluvar,0.5325
hindi_0030,sanskrit_0036,hindi,sanskrit,Kabir,Upanishad,0.5313
urdu_0017,tamil_0098,urdu,tamil,Ghalib,Thiruvalluvar,0.5313
urdu_0014,tamil_0092,urdu,tamil,Ghalib,Thiruvalluvar,0.5312
english_0084,tamil_0101,english,tamil,Keats,Thiruvalluvar,0.5306
arabic_0054,tamil_0097,arabic,tamil,Al-Hallaj,Thiruvalluvar,0.5301
hindi_0030,sanskrit_0042,hindi,sanskrit,Kabir,Upanishad,0.53
english_0083,tamil_0090,english,tamil,e.e. cummings,Kaniyan Pungundranar,0.5299
arabic_0056,tamil_0092,arabic,tamil,Arabic proverb,Thiruvalluvar,0.5297
english_0075,tamil_0100,english,tamil,Keats,Thiruvalluvar,0.5297
urdu_0017,arabic_0065,urdu,arabic,Ghalib,Arabic proverb,0.5294
hindi_0018,sanskrit_0048,hindi,sanskrit,Kabir,Upanishad,0.5292
sanskrit_0042,arabic_0062,sanskrit,arabic,Upanishad,Arabic proverb,0.5291
english_0084,tamil_0096,english,tamil,Keats,Kaniyan Pungundranar,0.5291
sanskrit_0048,arabic_0065,sanskrit,arabic,Upanishad,Arabic proverb,0.5288
hindi_0018,sanskrit_0039,hindi,sanskrit,Kabir,Upanishad,0.5286
urdu_0011,tamil_0095,urdu,tamil,Ghalib,Thiruvalluvar,0.5285
urdu_0016,tamil_0098,urdu,tamil,Ghalib,Thiruvalluvar,0.5285
english_0084,tamil_0092,english,tamil,Keats,Thiruvalluvar,0.5284
arabic_0071,tamil_0099,arabic,tamil,Arabic proverb,Kaniyan Pungundranar,0.5283
urdu_0005,tamil_0095,urdu,tamil,Ghalib,Thiruvalluvar,0.5282
arabic_0054,tamil_0094,arabic,tamil,Al-Hallaj,Thiruvalluvar,0.5278
arabic_0063,tamil_0105,arabic,tamil,Al-Hallaj,Kaniyan Pungundranar,0.5278
urdu_0010,tamil_0098,urdu,tamil,Ghalib,Thiruvalluvar,0.5276
hindi_0022,arabic_0059,hindi,arabic,Kabir,Arabic proverb,0.5275
english_0077,tamil_0093,english,tamil,e.e. cummings,Kaniyan Pungundranar,0.5275
arabic_0063,tamil_0096,arabic,tamil,Al-Hallaj,Kaniyan Pungundranar,0.5274
english_0079,tamil_0090,english,tamil,Dylan Thomas,Kaniyan Pungundranar,0.5272
english_0077,tamil_0105,english,tamil,e.e. cummings,Kaniyan Pungundranar,0.5271
english_0080,tamil_0090,english,tamil,e.e. cummings,Kaniyan Pungundranar,0.5271
hindi_0030,sanskrit_0043,hindi,sanskrit,Kabir,Chandogya Upanishad,0.5271
hindi_0018,sanskrit_0049,hindi,sanskrit,Kabir,Chandogya Upanishad,0.5269
arabic_0069,tamil_0103,arabic,tamil,Al-Hallaj,Thiruvalluvar,0.5269
urdu_0005,tamil_0098,urdu,tamil,Ghalib,Thiruvalluvar,0.5269
arabic_0056,tamil_0101,arabic,tamil,Arabic proverb,Thiruvalluvar,0.5268
urdu_0010,tamil_0092,urdu,tamil,Ghalib,Thiruvalluvar,0.5264
urdu_0011,tamil_0098,urdu,tamil,Ghalib,Thiruvalluvar,0.5263
english_0086,tamil_0090,english,tamil,e.e. cummings,Kaniyan Pungundranar,0.5263
urdu_0013,tamil_0095,urdu,tamil,Ghalib,Thiruvalluvar,0.526
arabic_0069,tamil_0099,arabic,tamil,Al-Hallaj,Kaniyan Pungundranar,0.5259
urdu_0016,tamil_0092,urdu,tamil,Ghalib,Thiruvalluvar,0.5258
sanskrit_0048,arabic_0062,sanskrit,arabic,Upanishad,Arabic proverb,0.5249
hindi_0030,sanskrit_0039,hindi,sanskrit,Kabir,Upanishad,0.5248
sanskrit_0045,arabic_0065,sanskrit,arabic,Upanishad,Arabic proverb,0.5248
hindi_0030,sanskrit_0046,hindi,sanskrit,Kabir,Chandogya Upanishad,0.5246
hindi_0030,sanskrit_0048,hindi,sanskrit,Kabir,Upanishad,0.5243
urdu_0002,tamil_0104,urdu,tamil,Ghalib,Thiruvalluvar,0.5242
english_0084,tamil_0098,english,tamil,Keats,Thiruvalluvar,0.5232
urdu_0007,tamil_0098,urdu,tamil,Ghalib,Thiruvalluvar,0.523
english_0084,tamil_0093,english,tamil,Keats,Kaniyan Pungundranar,0.5227
sanskrit_0051,arabic_0065,sanskrit,arabic,Upanishad,Arabic proverb,0.5223
english_0077,tamil_0102,english,tamil,e.e. cummings,Kaniyan Pungundranar,0.5222
arabic_0054,tamil_0099,arabic,tamil,Al-Hallaj,Kaniyan Pungundranar,0.5221
arabic_0056,tamil_0104,arabic,tamil,Arabic proverb,Thiruvalluvar,0.5221
english_0084,tamil_0095,english,tamil,Keats,Thiruvalluvar,0.5218
urdu_0010,tamil_0101,urdu,tamil,Ghalib,Thiruvalluvar,0.5218
urdu_0014,tamil_0101,urdu,tamil,Ghalib,Thiruvalluvar,0.5217
urdu_0017,tamil_0092,urdu,tamil,Ghalib,Thiruvalluvar,0.5217
urdu_0007,tamil_0092,urdu,tamil,Ghalib,Thiruvalluvar,0.5216
urdu_0010,sanskrit_0052,urdu,sanskrit,Ghalib,Chandogya Upanishad,0.5214
arabic_0066,tamil_0099,arabic,tamil,Al-Hallaj,Kaniyan Pungundranar,0.5213
urdu_0008,arabic_0065,urdu,arabic,Ghalib,Arabic proverb,0.5211
urdu_0008,tamil_0098,urdu,tamil,Ghalib,Thiruvalluvar,0.521
urdu_0008,tamil_0104,urdu,tamil,Ghalib,Thiruvalluvar,0.521
urdu_0016,tamil_0101,urdu,tamil,Ghalib,Thiruvalluvar,0.5209
sanskrit_0045,arabic_0062,sanskrit,arabic,Upanishad,Arabic proverb,0.5207
urdu_0002,tamil_0095,urdu,tamil,Ghalib,Thiruvalluvar,0.5205
arabic_0059,tamil_0099,arabic,tamil,Arabic proverb,Kaniyan Pungundranar,0.5205
urdu_0001,tamil_0098,urdu,tamil,Ghalib,Thiruvalluvar,0.5203
hindi_0034,arabic_0059,hindi,arabic,Kabir,Arabic proverb,0.5203
urdu_0001,tamil_0092,urdu,tamil,Ghalib,Thiruvalluvar,0.5201
english_0075,tamil_0091,english,tamil,Keats,Thiruvalluvar,0.52
urdu_0008,tamil_0095,urdu,tamil,Ghalib,Thiruvalluvar,0.52
urdu_0010,sanskrit_0049,urdu,sanskrit,Ghalib,Chandogya Upanishad,0.52
hindi_0018,sanskrit_0051,hindi,sanskrit,Kabir,Upanishad,0.5199
arabic_0066,tamil_0100,arabic,tamil,Al-Hallaj,Thiruvalluvar,0.5198
english_0084,tamil_0105,english,tamil,Keats,Kaniyan Pungundranar,0.5198
hindi_0018,arabic_0061,hindi,arabic,Kabir,Imru al-Qays,0.5195
english_0074,tamil_0090,english,tamil,e.e. cummings,Kaniyan Pungundranar,0.5193
hindi_0030,arabic_0061,hindi,arabic,Kabir,Imru al-Qays,0.5192
english_0085,tamil_0090,english,tamil,Dylan Thomas,Kaniyan Pungundranar,0.5189
arabic_0063,tamil_0099,arabic,tamil,Al-Hallaj,Kaniyan Pungundranar,0.5189
english_0075,tamil_0097,english,tamil,Keats,Thiruvalluvar,0.5187
urdu_0001,arabic_0061,urdu,arabic,Ghalib,Imru al-Qays,0.5185
english_0077,tamil_0095,english,tamil,e.e. cummings,Thiruvalluvar,0.5184
urdu_0010,arabic_0061,urdu,arabic,Ghalib,Imru al-Qays,0.5183
sanskrit_0051,arabic_0062,sanskrit,arabic,Upanishad,Arabic proverb,0.5181
urdu_0004,tamil_0098,urdu,tamil,Ghalib,Thiruvalluvar,0.518
english_0084,tamil_0102,english,tamil,Keats,Kaniyan Pungundranar,0.5179
hindi_0034,sanskrit_0039,hindi,sanskrit,Kabir,Upanishad,0.5177
hindi_0030,sanskrit_0049,hindi,sanskrit,Kabir,Chandogya Upanishad,0.5177
english_0087,tamil_0090,english,tamil,Keats,Kaniyan Pungundranar,0.5176
arabic_0054,tamil_0103,arabic,tamil,Al-Hallaj,Thiruvalluvar,0.5176
hindi_0028,sanskrit_0052,hindi,sanskrit,Kabir,Chandogya Upanishad,0.5175
urdu_0001,arabic_0064,urdu,arabic,Ghalib,Imru al-Qays,0.5174
hindi_0018,sanskrit_0037,hindi,sanskrit,Kabir,Chandogya Upanishad,0.5172
arabic_0066,tamil_0091,arabic,tamil,Al-Hallaj,Thiruvalluvar,0.5171
hindi_0033,arabic_0064,hindi,arabic,Kabir,Imru al-Qays,0.517
english_0075,tamil_0094,english,tamil,Keats,Thiruvalluvar,0.5169
urdu_0005,arabic_0065,urdu,arabic,Ghalib,Arabic proverb,0.5169
hindi_0018,sanskrit_0052,hindi,sanskrit,Kabir,Chandogya Upanishad,0.5167
urdu_0010,arabic_0064,urdu,arabic,Ghalib,Imru al-Qays,0.5166
urdu_0004,tamil_0092,urdu,tamil,Ghalib,Thiruvalluvar,0.5166
hindi_0018,sanskrit_0045,hindi,sanskrit,Kabir,Upanishad,0.5164
english_0077,tamil_0096,english,tamil,e.e. cummings,Kaniyan Pungundranar,0.5164
urdu_0016,sanskrit_0052,urdu,sanskrit,Ghalib,Chandogya Upanishad,0.5162
urdu_0011,tamil_0092,urdu,tamil,Ghalib,Thiruvalluvar,0.5161
urdu_0007,tamil_0101,urdu,tamil,Ghalib,Thiruvalluvar,0.5158
urdu_0002,tamil_0098,urdu,tamil,Ghalib,Thiruvalluvar,0.5158
urdu_0011,arabic_0065,urdu,arabic,Ghalib,Arabic proverb,0.5153
urdu_0001,tamil_0101,urdu,tamil,Ghalib,Thiruvalluvar,0.5151
hindi_0018,sanskrit_0040,hindi,sanskrit,Kabir,Chandogya Upanishad,0.5148
hindi_0030,sanskrit_0051,hindi,sanskrit,Kabir,Upanishad,0.5147
urdu_0016,arabic_0061,urdu,arabic,Ghalib,Imru al-Qays,0.5147
urdu_0005,tamil_0092,urdu,tamil,Ghalib,Thiruvalluvar,0.5146
arabic_0056,tamil_0095,arabic,tamil,Arabic proverb,Thiruvalluvar,0.5145
urdu_0016,sanskrit_0049,urdu,sanskrit,Ghalib,Chandogya Upanishad,0.5143
english_0077,tamil_0098,english,tamil,e.e. cummings,Thiruvalluvar,0.5142
hindi_0031,sanskrit_0052,hindi,sanskrit,Kabir,Chandogya Upanishad,0.514
english_0077,tamil_0101,english,tamil,e.e. cummings,Thiruvalluvar,0.5138
english_0080,tamil_0105,english,tamil,e.e. cummings,Kaniyan Pungundranar,0.5135
hindi_0034,sanskrit_0036,hindi,sanskrit,Kabir,Upanishad,0.5133
english_0086,tamil_0093,english,tamil,e.e. cummings,Kaniyan Pungundranar,0.5133
urdu_0007,arabic_0061,urdu,arabic,Ghalib,Imru al-Qays,0.5126
english_0083,tamil_0093,english,tamil,e.e. cummings,Kaniyan Pungundranar,0.5123
english_0077,tamil_0092,english,tamil,e.e. cummings,Thiruvalluvar,0.5122
urdu_0008,tamil_0092,urdu,tamil,Ghalib,Thiruvalluvar,0.5122
urdu_0010,arabic_0058,urdu,arabic,Ghalib,Imru al-Qays,0.512
english_0087,tamil_0101,english,tamil,Keats,Thiruvalluvar,0.5119
arabic_0063,tamil_0102,arabic,tamil,Al-Hallaj,Kaniyan Pungundranar,0.5118
urdu_0013,tamil_0098,urdu,tamil,Ghalib,Thiruvalluvar,0.5118
urdu_0001,arabic_0058,urdu,arabic,Ghalib,Imru al-Qays,0.5118
hindi_0028,sanskrit_0049,hindi,sanskrit,Kabir,Chandogya Upanishad,0.5117
urdu_0016,arabic_0064,urdu,arabic,Ghalib,Imru al-Qays,0.5116
urdu_0004,tamil_0101,urdu,tamil,Ghalib,Thiruvalluvar,0.5115
hindi_0030,sanskrit_0045,hindi,sanskrit,Kabir,Upanishad,0.5114
arabic_0066,tamil_0097,arabic,tamil,Al-Hallaj,Thiruvalluvar,0.5113
urdu_0010,sanskrit_0046,urdu,sanskrit,Ghalib,Chandogya Upanishad,0.5111
urdu_0017,tamil_0101,urdu,tamil,Ghalib,Thiruvalluvar,0.5111
english_0087,tamil_0096,english,tamil,Keats,Kaniyan Pungundranar,0.511
english_0080,tamil_0093,english,tamil,e.e. cummings,Kaniyan Pungundranar,0.5109
english_0083,tamil_0095,english,tamil,e.e. cummings,Thiruvalluvar,0.5103
english_0080,tamil_0095,english,tamil,e.e. cummings,Thiruvalluvar,0.5103
urdu_0010,sanskrit_0037,urdu,sanskrit,Ghalib,Chandogya Upanishad,0.5102
english_0089,tamil_0090,english,tamil,e.e. cummings,Kaniyan Pungundranar,0.5101
arabic_0066,tamil_0094,arabic,tamil,Al-Hallaj,Thiruvalluvar,0.5101
english_0083,tamil_0105,english,tamil,e.e. cummings,Kaniyan Pungundranar,0.5099
urdu_0013,tamil_0092,urdu,tamil,Ghalib,Thiruvalluvar,0.5098
english_0075,tamil_0103,english,tamil,Keats,Thiruvalluvar,0.5098
hindi_0034,sanskrit_0045,hindi,sanskrit,Kabir,Upanishad,0.5096
hindi_0024,arabic_0064,hindi,arabic,Kabir,Imru al-Qays,0.5093
english_0087,tamil_0092,english,tamil,Keats,Thiruvalluvar,0.5093
english_0087,tamil_0098,english,tamil,Keats,Thiruvalluvar,0.509
urdu_0007,arabic_0064,urdu,arabic,Ghalib,Imru al-Qays,0.5089
urdu_0004,arabic_0061,urdu,arabic,Ghalib,Imru al-Qays,0.5088
english_0084,tamil_0104,english,tamil,Keats,Thiruvalluvar,0.5086
urdu_0004,sanskrit_0052,urdu,sanskrit,Ghalib,Chandogya Upanishad,0.5086
urdu_0001,sanskrit_0052,urdu,sanskrit,Ghalib,Chandogya Upanishad,0.5084
english_0080,tamil_0102,english,tamil,e.e. cummings,Kaniyan Pungundranar,0.5084
hindi_0034,sanskrit_0042,hindi,sanskrit,Kabir,Upanishad,0.5083
english_0076,tamil_0090,english,tamil,Dylan Thomas,Kaniyan Pungundranar,0.5082
hindi_0030,sanskrit_0052,hindi,sanskrit,Kabir,Chandogya Upanishad,0.5081
hindi_0025,arabic_0071,hindi,arabic,Kabir,Arabic proverb,0.5081
urdu_0010,sanskrit_0040,urdu,sanskrit,Ghalib,Chandogya Upanishad,0.508
english_0088,tamil_0090,english,tamil,Dylan Thomas,Kaniyan Pungundranar,0.508
english_0087,tamil_0095,english,tamil,Keats,Thiruvalluvar,0.5077
hindi_0022,sanskrit_0052,hindi,sanskrit,Kabir,Chandogya Upanishad,0.5077
urdu_0010,tamil_0099,urdu,tamil,Ghalib,Kaniyan Pungundranar,0.5076
hindi_0031,sanskrit_0049,hindi,sanskrit,Kabir,Chandogya Upanishad,0.5076
english_0074,tamil_0093,english,tamil,e.e. cummings,Kaniyan Pungundranar,0.5075
english_0080,tamil_0098,english,tamil,e.e. cummings,Thiruvalluvar,0.5073
hindi_0030,arabic_0055,hindi,arabic,Kabir,Imru al-Qays,0.5073
hindi_0030,sanskrit_0037,hindi,sanskrit,Kabir,Chandogya Upanishad,0.5073
urdu_0016,arabic_0058,urdu,arabic,Ghalib,Imru al-Qays,0.5071
hindi_0034,tamil_0104,hindi,tamil,Kabir,Thiruvalluvar,0.5071
hindi_0026,tamil_0095,hindi,tamil,Mirabai,Thiruvalluvar,0.5071
urdu_0004,arabic_0064,urdu,arabic,Ghalib,Imru al-Qays,0.507
hindi_0023,tamil_0095,hindi,tamil,Mirabai,Thiruvalluvar,0.5069
urdu_0001,sanskrit_0049,urdu,sanskrit,Ghalib,Chandogya Upanishad,0.5069
urdu_0004,sanskrit_0049,urdu,sanskrit,Ghalib,Chandogya Upanishad,0.5068
urdu_0013,arabic_0061,urdu,arabic,Ghalib,Imru al-Qays,0.5068
hindi_0018,arabic_0055,hindi,arabic,Kabir,Imru al-Qays,0.5067
hindi_0023,tamil_0104,hindi,tamil,Mirabai,Thiruvalluvar,0.5065
hindi_0030,sanskrit_0040,hindi,sanskrit,Kabir,Chandogya Upanishad,0.5065
urdu_0017,arabic_0062,urdu,arabic,Ghalib,Arabic proverb,0.5065
english_0083,tamil_0098,english,tamil,e.e. cummings,Thiruvalluvar,0.5064
english_0083,tamil_0101,english,tamil,e.e. cummings,Thiruvalluvar,0.5061
urdu_0011,tamil_0101,urdu,tamil,Ghalib,Thiruvalluvar,0.5061
hindi_0028,arabic_0059,hindi,arabic,Kabir,Arabic proverb,0.5056
hindi_0022,sanskrit_0049,hindi,sanskrit,Kabir,Chandogya Upanishad,0.5056
english_0080,tamil_0101,english,tamil,e.e. cummings,Thiruvalluvar,0.5055
hindi_0028,sanskrit_0037,hindi,sanskrit,Kabir,Chandogya Upanishad,0.5055
urdu_0002,tamil_0092,urdu,tamil,Ghalib,Thiruvalluvar,0.5054
sanskrit_0051,english_0083,sanskrit,english,Upanishad,e.e. cummings,0.5054
arabic_0068,tamil_0102,arabic,tamil,Arabic proverb,Kaniyan Pungundranar,0.5052
hindi_0026,tamil_0104,hindi,tamil,Mirabai,Thiruvalluvar,0.5051
sanskrit_0049,arabic_0064,sanskrit,arabic,Chandogya Upanishad,Imru al-Qays,0.5051
sanskrit_0045,english_0083,sanskrit,english,Upanishad,e.e. cummings,0.505
sanskrit_0045,english_0077,sanskrit,english,Upanishad,e.e. cummings,0.505
urdu_0016,sanskrit_0046,urdu,sanskrit,Ghalib,Chandogya Upanishad,0.5049
sanskrit_0042,english_0083,sanskrit,english,Upanishad,e.e. cummings,0.5048
arabic_0068,tamil_0099,arabic,tamil,Arabic proverb,Kaniyan Pungundranar,0.5047
english_0086,tamil_0105,english,tamil,e.e. cummings,Kaniyan Pungundranar,0.5047
urdu_0016,sanskrit_0037,urdu,sanskrit,Ghalib,Chandogya Upanishad,0.5046
hindi_0032,tamil_0104,hindi,tamil,Mirabai,Thiruvalluvar,0.5046
hindi_0031,arabic_0059,hindi,arabic,Kabir,Arabic proverb,0.5046
english_0077,tamil_0104,english,tamil,e.e. cummings,Thiruvalluvar,0.5045
urdu_0005,tamil_0101,urdu,tamil,Ghalib,Thiruvalluvar,0.5045
urdu_0013,tamil_0101,urdu,tamil,Ghalib,Thiruvalluvar,0.5045
sanskrit_0036,english_0083,sanskrit,english,Upanishad,e.e. cummings,0.5045
hindi_0018,arabic_0067,hindi,arabic,Kabir,Imru al-Qays,0.5044
urdu_0013,arabic_0064,urdu,arabic,Ghalib,Imru al-Qays,0.5043
sanskrit_0042,english_0077,sanskrit,english,Upanishad,e.e. cummings,0.5042
hindi_0034,sanskrit_0048,hindi,sanskrit,Kabir,Upanishad,0.5042
hindi_0035,tamil_0104,hindi,tamil,Mirabai,Thiruvalluvar,0.5042
hindi_0035,tamil_0095,hindi,tamil,Mirabai,Thiruvalluvar,0.5042
urdu_0014,arabic_0055,urdu,arabic,Ghalib,Imru al-Qays,0.5042
english_0083,tamil_0102,english,tamil,e.e. cummings,Kaniyan Pungundranar,0.5041
sanskrit_0048,english_0083,sanskrit,english,Upanishad,e.e. cummings,0.5041
arabic_0062,tamil_0090,arabic,tamil,Arabic proverb,Kaniyan Pungundranar,0.5041
english_0080,tamil_0092,english,tamil,e.e. cummings,Thiruvalluvar,0.5041
arabic_0062,tamil_0102,arabic,tamil,Arabic proverb,Kaniyan Pungundranar,0.504
english_0083,tamil_0092,english,tamil,e.e. cummings,Thiruvalluvar,0.504
urdu_0013,sanskrit_0052,urdu,sanskrit,Ghalib,Chandogya Upanishad,0.5038
sanskrit_0051,english_0077,sanskrit,english,Upanishad,e.e. cummings,0.5038
hindi_0030,arabic_0058,hindi,arabic,Kabir,Imru al-Qays,0.5036
hindi_0018,english_0081,hindi,english,Kabir,Keats,0.5036
urdu_0007,sanskrit_0052,urdu,sanskrit,Ghalib,Chandogya Upanishad,0.5035
arabic_0065,tamil_0090,arabic,tamil,Arabic proverb,Kaniyan Pungundranar,0.5035
hindi_0030,arabic_0067,hindi,arabic,Kabir,Imru al-Qays,0.5035
arabic_0056,tamil_0098,arabic,tamil,Arabic proverb,Thiruvalluvar,0.5034
urdu_0002,arabic_0065,urdu,arabic,Ghalib,Arabic proverb,0.5034
english_0079,tamil_0105,english,tamil,Dylan Thomas,Kaniyan Pungundranar,0.5033
hindi_0028,sanskrit_0046,hindi,sanskrit,Kabir,Chandogya Upanishad,0.5033
arabic_0065,tamil_0102,arabic,tamil,Arabic proverb,Kaniyan Pungundranar,0.5033
urdu_0007,arabic_0058,urdu,arabic,Ghalib,Imru al-Qays,0.5032
urdu_0001,tamil_0099,urdu,tamil,Ghalib,Kaniyan Pungundranar,0.503
sanskrit_0045,english_0080,sanskrit,english,Upanishad,e.e. cummings,0.5029
hindi_0028,sanskrit_0040,hindi,sanskrit,Kabir,Chandogya Upanishad,0.5029
hindi_0018,arabic_0058,hindi,arabic,Kabir,Imru al-Qays,0.5028
sanskrit_0048,english_0077,sanskrit,english,Upanishad,e.e. cummings,0.5028
english_0086,tamil_0095,english,tamil,e.e. cummings,Thiruvalluvar,0.5028
sanskrit_0036,english_0077,sanskrit,english,Upanishad,e.e. cummings,0.5024
hindi_0034,sanskrit_0051,hindi,sanskrit,Kabir,Upanishad,0.5023
hindi_0032,tamil_0095,hindi,tamil,Mirabai,Thiruvalluvar,0.5023
hindi_0023,tamil_0092,hindi,tamil,Mirabai,Thiruvalluvar,0.5021
english_0084,tamil_0099,english,tamil,Keats,Kaniyan Pungundranar,0.502
english_0086,tamil_0096,english,tamil,e.e. cummings,Kaniyan Pungundranar,0.502
sanskrit_0051,english_0086,sanskrit,english,Upanishad,e.e. cummings,0.502
arabic_0060,tamil_0090,arabic,tamil,Al-Hallaj,Kaniyan Pungundranar,0.5019
english_0083,tamil_0096,english,tamil,e.e. cummings,Kaniyan Pungundranar,0.5017
english_0086,tamil_0102,english,tamil,e.e. cummings,Kaniyan Pungundranar,0.5017
sanskrit_0045,english_0086,sanskrit,english,Upanishad,e.e. cummings,0.5017
hindi_0031,sanskrit_0037,hindi,sanskrit,Kabir,Chandogya Upanishad,0.5016
hindi_0026,tamil_0092,hindi,tamil,Mirabai,Thiruvalluvar,0.5015
hindi_0023,tamil_0098,hindi,tamil,Mirabai,Thiruvalluvar,0.5015
urdu_0004,tamil_0099,urdu,tamil,Ghalib,Kaniyan Pungundranar,0.5015
hindi_0023,tamil_0101,hindi,tamil,Mirabai,Thiruvalluvar,0.5012
english_0087,tamil_0093,english,tamil,Keats,Kaniyan Pungundranar,0.5012
urdu_0016,sanskrit_0040,urdu,sanskrit,Ghalib,Chandogya Upanishad,0.5011
sanskrit_0042,english_0086,sanskrit,english,Upanishad,e.e. cummings,0.5011
arabic_0062,tamil_0105,arabic,tamil,Arabic proverb,Kaniyan Pungundranar,0.501
sanskrit_0040,arabic_0064,sanskrit,arabic,Chandogya Upanishad,Imru al-Qays,0.5006
urdu_0007,sanskrit_0049,urdu,sanskrit,Ghalib,Chandogya Upanishad,0.5006
urdu_0014,arabic_0067,urdu,arabic,Ghalib,Imru al-Qays,0.5006
hindi_0026,tamil_0098,hindi,tamil,Mirabai,Thiruvalluvar,0.5006
urdu_0013,sanskrit_0049,urdu,sanskrit,Ghalib,Chandogya Upanishad,0.5005
sanskrit_0046,arabic_0064,sanskrit,arabic,Chandogya Upanishad,Imru al-Qays,0.5005
arabic_0066,tamil_0103,arabic,tamil,Al-Hallaj,Thiruvalluvar,0.5005
urdu_0008,tamil_0101,urdu,tamil,Ghalib,Thiruvalluvar,0.5005
arabic_0068,tamil_0090,arabic,tamil,Arabic proverb,Kaniyan Pungundranar,0.5005
arabic_0065,tamil_0105,arabic,tamil,Arabic proverb,Kaniyan Pungundranar,0.5005
english_0087,tamil_0105,english,tamil,Keats,Kaniyan Pungundranar,0.5004
sanskrit_0051,english_0080,sanskrit,english,Upanishad,e.e. cummings,0.5003
hindi_0026,tamil_0101,hindi,tamil,Mirabai,Thiruvalluvar,0.5003
sanskrit_0042,english_0080,sanskrit,english,Upanishad,e.e. cummings,0.5002
hindi_0030,arabic_0070,hindi,arabic,Kabir,Imru al-Qays,0.5002
hindi_0018,arabic_0070,hindi,arabic,Kabir,Imru al-Qays,0.5001
urdu_0004,arabic_0058,urdu,arabic,Ghalib,Imru al-Qays,0.5001
sanskrit_0048,english_0086,sanskrit,english,Upanishad,e.e. cummings,0.4999
urdu_0016,tamil_0099,urdu,tamil,Ghalib,Kaniyan Pungundranar,0.4998
arabic_0068,tamil_0105,arabic,tamil,Arabic proverb,Kaniyan Pungundranar,0.4997
english_0074,tamil_0105,english,tamil,e.e. cummings,Kaniyan Pungundranar,0.4996
sanskrit_0051,english_0074,sanskrit,english,Upanishad,e.e. cummings,0.4995
english_0086,tamil_0098,english,tamil,e.e. cummings,Thiruvalluvar,0.4995
english_0086,tamil_0101,english,tamil,e.e. cummings,Thiruvalluvar,0.4994
sanskrit_0039,english_0083,sanskrit,english,Upanishad,e.e. cummings,0.4994
arabic_0068,tamil_0096,arabic,tamil,Arabic proverb,Kaniyan Pungundranar,0.4994
sanskrit_0048,english_0080,sanskrit,english,Upanishad,e.e. cummings,0.4994
hindi_0031,sanskrit_0046,hindi,sanskrit,Kabir,Chandogya Upanishad,0.4994
english_0074,tamil_0095,english,tamil,e.e. cummings,Thiruvalluvar,0.4993
english_0079,tamil_0093,english,tamil,Dylan Thomas,Kaniyan Pungundranar,0.4993
english_0089,tamil_0093,english,tamil,e.e. cummings,Kaniyan Pungundranar,0.4993
hindi_0031,sanskrit_0040,hindi,sanskrit,Kabir,Chandogya Upanishad,0.4993
urdu_0008,arabic_0062,urdu,arabic,Ghalib,Arabic proverb,0.4992
arabic_0071,tamil_0096,arabic,tamil,Arabic proverb,Kaniyan Pungundranar,0.4992
sanskrit_0039,english_0077,sanskrit,english,Upanishad,e.e. cummings,0.4991
urdu_0014,arabic_0058,urdu,arabic,Ghalib,Imru al-Qays,0.4989
sanskrit_0045,english_0074,sanskrit,english,Upanishad,e.e. cummings,0.4989
sanskrit_0036,english_0080,sanskrit,english,Upanishad,e.e. cummings,0.4988
urdu_0013,arabic_0058,urdu,arabic,Ghalib,Imru al-Qays,0.4987
urdu_0001,sanskrit_0037,urdu,sanskrit,Ghalib,Chandogya Upanishad,0.4987
sanskrit_0052,arabic_0064,sanskrit,arabic,Chandogya Upanishad,Imru al-Qays,0.4986
hindi_0029,tamil_0104,hindi,tamil,Mirabai,Thiruvalluvar,0.4986
sanskrit_0036,english_0086,sanskrit,english,Upanishad,e.e. cummings,0.4986
hindi_0034,tamil_0095,hindi,tamil,Kabir,Thiruvalluvar,0.4985
sanskrit_0042,english_0074,sanskrit,english,Upanishad,e.e. cummings,0.4985
hindi_0027,sanskrit_0043,hindi,sanskrit,Kabir,Chandogya Upanishad,0.4985
hindi_0032,tamil_0092,hindi,tamil,Mirabai,Thiruvalluvar,0.4984
hindi_0035,tamil_0098,hindi,tamil,Mirabai,Thiruvalluvar,0.4984
arabic_0059,tamil_0102,arabic,tamil,Arabic proverb,Kaniyan Pungundranar,0.4982
urdu_0001,sanskrit_0046,urdu,sanskrit,Ghalib,Chandogya Upanishad,0.4982
hindi_0035,tamil_0092,hindi,tamil,Mirabai,Thiruvalluvar,0.4981
hindi_0022,sanskrit_0037,hindi,sanskrit,Kabir,Chandogya Upanishad,0.4981
english_0087,tamil_0102,english,tamil,Keats,Kaniyan Pungundranar,0.4981
urdu_0004,sanskrit_0046,urdu,sanskrit,Ghalib,Chandogya Upanishad,0.498
hindi_0032,tamil_0098,hindi,tamil,Mirabai,Thiruvalluvar,0.4978
hindi_0032,tamil_0101,hindi,tamil,Mirabai,Thiruvalluvar,0.4978
sanskrit_0039,english_0080,sanskrit,english,Upanishad,e.e. cummings,0.4978
english_0085,tamil_0105,english,tamil,Dylan Thomas,Kaniyan Pungundranar,0.4977
urdu_0014,arabic_0070,urdu,arabic,Ghalib,Imru al-Qays,0.4977
hindi_0027,arabic_0064,hindi,arabic,Kabir,Imru al-Qays,0.4976
sanskrit_0048,english_0074,sanskrit,english,Upanishad,e.e. cummings,0.4976
english_0086,tamil_0092,english,tamil,e.e. cummings,Thiruvalluvar,0.4976
english_0074,tamil_0096,english,tamil,e.e. cummings,Kaniyan Pungundranar,0.4974
english_0079,tamil_0096,english,tamil,Dylan Thomas,Kaniyan Pungundranar,0.4973
urdu_0004,sanskrit_0037,urdu,sanskrit,Ghalib,Chandogya Upanishad,0.4973
hindi_0022,sanskrit_0046,hindi,sanskrit,Kabir,Chandogya Upanishad,0.4972
arabic_0060,tamil_0093,arabic,tamil,Al-Hallaj,Kaniyan Pungundranar,0.4971
sanskrit_0036,english_0074,sanskrit,english,Upanishad,e.e. cummings,0.4969
english_0080,tamil_0096,english,tamil,e.e. cummings,Kaniyan Pungundranar,0.4966
hindi_0024,sanskrit_0043,hindi,sanskrit,Kabir,Chandogya Upanishad,0.4965
urdu_0007,tamil_0099,urdu,tamil,Ghalib,Kaniyan Pungundranar,0.4965
hindi_0022,sanskrit_0040,hindi,sanskrit,Kabir,Chandogya Upanishad,0.4965
hindi_0019,arabic_0071,hindi,arabic,Kabir,Arabic proverb,0.4965
arabic_0059,tamil_0096,arabic,tamil,Arabic proverb,Kaniyan Pungundranar,0.4964
hindi_0035,tamil_0101,hindi,tamil,Mirabai,Thiruvalluvar,0.4962
english_0074,tamil_0101,english,tamil,e.e. cummings,Thiruvalluvar,0.4962
english_0074,tamil_0098,english,tamil,e.e. cummings,Thiruvalluvar,0.4961
sanskrit_0037,arabic_0064,sanskrit,arabic,Chandogya Upanishad,Imru al-Qays,0.496
arabic_0060,tamil_0099,arabic,tamil,Al-Hallaj,Kaniyan Pungundranar,0.4959
hindi_0029,tamil_0095,hindi,tamil,Mirabai,Thiruvalluvar,0.4958
urdu_0000,arabic_0065,urdu,arabic,Ghalib,Arabic proverb,0.4954
english_0083,tamil_0104,english,tamil,e.e. cummings,Thiruvalluvar,0.4953
english_0080,tamil_0104,english,tamil,e.e. cummings,Thiruvalluvar,0.4953
sanskrit_0039,english_0086,sanskrit,english,Upanishad,e.e. cummings,0.4952
english_0074,tamil_0102,english,tamil,e.e. cummings,Kaniyan Pungundranar,0.495
urdu_0001,sanskrit_0040,urdu,sanskrit,Ghalib,Chandogya Upanishad,0.4949
sanskrit_0049,arabic_0065,sanskrit,arabic,Chandogya Upanishad,Arabic proverb,0.4949
urdu_0002,tamil_0101,urdu,tamil,Ghalib,Thiruvalluvar,0.4949
sanskrit_0039,arabic_0068,sanskrit,arabic,Upanishad,Arabic proverb,0.4948
arabic_0056,tamil_0096,arabic,tamil,Arabic proverb,Kaniyan Pungundranar,0.4947
english_0074,tamil_0092,english,tamil,e.e. cummings,Thiruvalluvar,0.4942
hindi_0030,english_0081,hindi,english,Kabir,Keats,0.4942
urdu_0004,sanskrit_0040,urdu,sanskrit,Ghalib,Chandogya Upanishad,0.4941
urdu_0005,arabic_0062,urdu,arabic,Ghalib,Arabic proverb,0.494
urdu_0011,arabic_0062,urdu,arabic,Ghalib,Arabic proverb,0.494
hindi_0025,sanskrit_0049,hindi,sanskrit,Kabir,Chandogya Upanishad,0.4937
arabic_0062,tamil_0093,arabic,tamil,Arabic proverb,Kaniyan Pungundranar,0.4936
arabic_0065,tamil_0093,arabic,tamil,Arabic proverb,Kaniyan Pungundranar,0.4934
sanskrit_0036,arabic_0068,sanskrit,arabic,Upanishad,Arabic proverb,0.4933
arabic_0068,tamil_0093,arabic,tamil,Arabic proverb,Kaniyan Pungundranar,0.493
sanskrit_0052,arabic_0065,sanskrit,arabic,Chandogya Upanishad,Arabic proverb,0.493
hindi_0019,sanskrit_0052,hindi,sanskrit,Kabir,Chandogya Upanishad,0.4928
sanskrit_0039,english_0074,sanskrit,english,Upanishad,e.e. cummings,0.4928
arabic_0071,tamil_0102,arabic,tamil,Arabic proverb,Kaniyan Pungundranar,0.4926
sanskrit_0046,arabic_0065,sanskrit,arabic,Chandogya Upanishad,Arabic proverb,0.4926
hindi_0034,tamil_0092,hindi,tamil,Kabir,Thiruvalluvar,0.4926
urdu_0013,sanskrit_0037,urdu,sanskrit,Ghalib,Chandogya Upanishad,0.4925
urdu_0013,tamil_0099,urdu,tamil,Ghalib,Kaniyan Pungundranar,0.4924
urdu_0007,sanskrit_0037,urdu,sanskrit,Ghalib,Chandogya Upanishad,0.4922
english_0078,tamil_0101,english,tamil,Keats,Thiruvalluvar,0.492
sanskrit_0040,arabic_0065,sanskrit,arabic,Chandogya Upanishad,Arabic proverb,0.492
arabic_0062,tamil_0096,arabic,tamil,Arabic proverb,Kaniyan Pungundranar,0.492
arabic_0057,tamil_0100,arabic,tamil,Al-Hallaj,Thiruvalluvar,0.4917
sanskrit_0049,arabic_0055,sanskrit,arabic,Chandogya Upanishad,Imru al-Qays,0.4917
urdu_0013,sanskrit_0046,urdu,sanskrit,Ghalib,Chandogya Upanishad,0.4916
arabic_0059,tamil_0105,arabic,tamil,Arabic proverb,Kaniyan Pungundranar,0.4916
urdu_0007,sanskrit_0046,urdu,sanskrit,Ghalib,Chandogya Upanishad,0.4912
english_0079,tamil_0102,english,tamil,Dylan Thomas,Kaniyan Pungundranar,0.4912
english_0080,tamil_0097,english,tamil,e.e. cummings,Thiruvalluvar,0.4912
english_0085,tamil_0093,english,tamil,Dylan Thomas,Kaniyan Pungundranar,0.4912
sanskrit_0049,arabic_0061,sanskrit,arabic,Chandogya Upanishad,Imru al-Qays,0.4911
english_0085,tamil_0096,english,tamil,Dylan Thomas,Kaniyan Pungundranar,0.491
hindi_0034,tamil_0098,hindi,tamil,Kabir,Thiruvalluvar,0.4909
arabic_0059,tamil_0090,arabic,tamil,Arabic proverb,Kaniyan Pungundranar,0.4908
arabic_0065,tamil_0096,arabic,tamil,Arabic proverb,Kaniyan Pungundranar,0.4907
hindi_0018,arabic_0057,hindi,arabic,Kabir,Al-Hallaj,0.4907
english_0087,tamil_0104,english,tamil,Keats,Thiruvalluvar,0.4906
hindi_0029,tamil_0092,hindi,tamil,Mirabai,Thiruvalluvar,0.4905
urdu_0003,arabic_0065,urdu,arabic,Ghalib,Arabic proverb,0.4904
hindi_0029,tamil_0098,hindi,tamil,Mirabai,Thiruvalluvar,0.4904
arabic_0071,tamil_0090,arabic,tamil,Arabic proverb,Kaniyan Pungundranar,0.4904
english_0088,tamil_0105,english,tamil,Dylan Thomas,Kaniyan Pungundranar,0.4903
english_0078,tamil_0096,english,tamil,Keats,Kaniyan Pungundranar,0.4901
hindi_0018,arabic_0069,hindi,arabic,Kabir,Al-Hallaj,0.4901
hindi_0019,sanskrit_0049,hindi,sanskrit,Kabir,Chandogya Upanishad,0.4899
hindi_0029,tamil_0101,hindi,tamil,Mirabai,Thiruvalluvar,0.4898
english_0089,tamil_0105,english,tamil,e.e. cummings,Kaniyan Pungundranar,0.4898
sanskrit_0040,arabic_0055,sanskrit,arabic,Chandogya Upanishad,Imru al-Qays,0.4898
english_0078,tamil_0090,english,tamil,Keats,Kaniyan Pungundranar,0.4894
english_0078,tamil_0092,english,tamil,Keats,Thiruvalluvar,0.4893
urdu_0013,sanskrit_0040,urdu,sanskrit,Ghalib,Chandogya Upanishad,0.4891
english_0076,tamil_0105,english,tamil,Dylan Thomas,Kaniyan Pungundranar,0.489
hindi_0034,arabic_0071,hindi,arabic,Kabir,Arabic proverb,0.489
sanskrit_0052,arabic_0055,sanskrit,arabic,Chandogya Upanishad,Imru al-Qays,0.489
arabic_0071,tamil_0105,arabic,tamil,Arabic proverb,Kaniyan Pungundranar,0.4888
hindi_0034,tamil_0101,hindi,tamil,Kabir,Thiruvalluvar,0.4887
arabic_0057,tamil_0091,arabic,tamil,Al-Hallaj,Thiruvalluvar,0.4886
hindi_0033,arabic_0061,hindi,arabic,Kabir,Imru al-Qays,0.4885
english_0086,tamil_0104,english,tamil,e.e. cummings,Thiruvalluvar,0.4883
urdu_0007,sanskrit_0040,urdu,sanskrit,Ghalib,Chandogya Upanishad,0.4883
sanskrit_0042,arabic_0068,sanskrit,arabic,Upanishad,Arabic proverb,0.4878
sanskrit_0040,arabic_0061,sanskrit,arabic,Chandogya Upanishad,Imru al-Qays,0.4877
english_0089,tamil_0096,english,tamil,e.e. cummings,Kaniyan Pungundranar,0.4876
arabic_0071,tamil_0093,arabic,tamil,Arabic proverb,Kaniyan Pungundranar,0.4876
hindi_0018,arabic_0054,hindi,arabic,Kabir,Al-Hallaj,0.4876
english_0080,tamil_0091,english,tamil,e.e. cummings,Thiruvalluvar,0.4875
english_0078,tamil_0098,english,tamil,Keats,Thiruvalluvar,0.4875
english_0087,tamil_0099,english,tamil,Keats,Kaniyan Pungundranar,0.4875
hindi_0025,sanskrit_0052,hindi,sanskrit,Kabir,Chandogya Upanishad,0.4867
sanskrit_0052,arabic_0061,sanskrit,arabic,Chandogya Upanishad,Imru al-Qays,0.4867
sanskrit_0046,arabic_0061,sanskrit,arabic,Chandogya Upanishad,Imru al-Qays,0.4866
hindi_0025,sanskrit_0046,hindi,sanskrit,Kabir,Chandogya Upanishad,0.4866
arabic_0059,tamil_0093,arabic,tamil,Arabic proverb,Kaniyan Pungundranar,0.4865
arabic_0057,tamil_0094,arabic,tamil,Al-Hallaj,Thiruvalluvar,0.4865
english_0089,tamil_0102,english,tamil,e.e. cummings,Kaniyan Pungundranar,0.4865
sanskrit_0046,arabic_0055,sanskrit,arabic,Chandogya Upanishad,Imru al-Qays,0.4865
sanskrit_0049,arabic_0070,sanskrit,arabic,Chandogya Upanishad,Imru al-Qays,0.4865
hindi_0033,sanskrit_0036,hindi,sanskrit,Kabir,Upanishad,0.4863
hindi_0018,english_0075,hindi,english,Kabir,Keats,0.4863
sanskrit_0049,arabic_0067,sanskrit,arabic,Chandogya Upanishad,Imru al-Qays,0.4862
hindi_0024,sanskrit_0046,hindi,sanskrit,Kabir,Chandogya Upanishad,0.4858
english_0088,tamil_0096,english,tamil,Dylan Thomas,Kaniyan Pungundranar,0.4856
hindi_0033,sanskrit_0042,hindi,sanskrit,Kabir,Upanishad,0.4856
sanskrit_0037,arabic_0065,sanskrit,arabic,Chandogya Upanishad,Arabic proverb,0.4856
english_0085,tamil_0102,english,tamil,Dylan Thomas,Kaniyan Pungundranar,0.4854
sanskrit_0049,arabic_0062,sanskrit,arabic,Chandogya Upanishad,Arabic proverb,0.4852
hindi_0022,english_0080,hindi,english,Kabir,e.e. cummings,0.4852
english_0077,tamil_0097,english,tamil,e.e. cummings,Thiruvalluvar,0.4851
sanskrit_0048,arabic_0068,sanskrit,arabic,Upanishad,Arabic proverb,0.485
urdu_0012,arabic_0065,urdu,arabic,Ghalib,Arabic proverb,0.485
arabic_0057,tamil_0097,arabic,tamil,Al-Hallaj,Thiruvalluvar,0.4849
hindi_0030,arabic_0069,hindi,arabic,Kabir,Al-Hallaj,0.4846
english_0089,tamil_0095,english,tamil,e.e. cummings,Thiruvalluvar,0.4845
sanskrit_0037,arabic_0055,sanskrit,arabic,Chandogya Upanishad,Imru al-Qays,0.4844
hindi_0033,sanskrit_0043,hindi,sanskrit,Kabir,Chandogya Upanishad,0.4843
english_0074,tamil_0104,english,tamil,e.e. cummings,Thiruvalluvar,0.4842
arabic_0063,tamil_0100,arabic,tamil,Al-Hallaj,Thiruvalluvar,0.4842
hindi_0030,arabic_0057,hindi,arabic,Kabir,Al-Hallaj,0.4841
sanskrit_0047,arabic_0059,sanskrit,arabic,Vedic tradition,Arabic proverb,0.484
english_0088,tamil_0093,english,tamil,Dylan Thomas,Kaniyan Pungundranar,0.4837
sanskrit_0040,arabic_0070,sanskrit,arabic,Chandogya Upanishad,Imru al-Qays,0.4836
urdu_0009,arabic_0065,urdu,arabic,Ghalib,Arabic proverb,0.4835
sanskrit_0040,arabic_0067,sanskrit,arabic,Chandogya Upanishad,Imru al-Qays,0.4834
urdu_0002,arabic_0062,urdu,arabic,Ghalib,Arabic proverb,0.4833
sanskrit_0037,arabic_0061,sanskrit,arabic,Chandogya Upanishad,Imru al-Qays,0.4833
urdu_0017,arabic_0067,urdu,arabic,Ghalib,Imru al-Qays,0.4831
sanskrit_0046,arabic_0062,sanskrit,arabic,Chandogya Upanishad,Arabic proverb,0.483
hindi_0024,arabic_0061,hindi,arabic,Kabir,Imru al-Qays,0.4829
sanskrit_0052,arabic_0070,sanskrit,arabic,Chandogya Upanishad,Imru al-Qays,0.4829
urdu_0000,english_0077,urdu,english,Ghalib,e.e. cummings,0.4829
hindi_0027,sanskrit_0046,hindi,sanskrit,Kabir,Chandogya Upanishad,0.4827
sanskrit_0052,arabic_0067,sanskrit,arabic,Chandogya Upanishad,Imru al-Qays,0.4826
english_0073,tamil_0090,english,tamil,Dylan Thomas,Kaniyan Pungundranar,0.4825
sanskrit_0051,arabic_0068,sanskrit,arabic,Upanishad,Arabic proverb,0.4824
arabic_0060,tamil_0096,arabic,tamil,Al-Hallaj,Kaniyan Pungundranar,0.4822
english_0088,tamil_0102,english,tamil,Dylan Thomas,Kaniyan Pungundranar,0.4822
urdu_0014,arabic_0061,urdu,arabic,Ghalib,Imru al-Qays,0.4822
english_0089,tamil_0098,english,tamil,e.e. cummings,Thiruvalluvar,0.4821
english_0078,tamil_0095,english,tamil,Keats,Thiruvalluvar,0.4821
hindi_0019,sanskrit_0046,hindi,sanskrit,Kabir,Chandogya Upanishad,0.482
sanskrit_0043,arabic_0064,sanskrit,arabic,Chandogya Upanishad,Imru al-Qays,0.482
sanskrit_0049,arabic_0058,sanskrit,arabic,Chandogya Upanishad,Imru al-Qays,0.482
hindi_0019,sanskrit_0037,hindi,sanskrit,Kabir,Chandogya Upanishad,0.482
english_0082,tamil_0090,english,tamil,Dylan Thomas,Kaniyan Pungundranar,0.4819
sanskrit_0052,arabic_0062,sanskrit,arabic,Chandogya Upanishad,Arabic proverb,0.4819
english_0089,tamil_0101,english,tamil,e.e. cummings,Thiruvalluvar,0.4818
arabic_0063,tamil_0091,arabic,tamil,Al-Hallaj,Thiruvalluvar,0.4816
sanskrit_0046,arabic_0070,sanskrit,arabic,Chandogya Upanishad,Imru al-Qays,0.4816
urdu_0003,english_0077,urdu,english,Ghalib,e.e. cummings,0.4815
urdu_0017,arabic_0055,urdu,arabic,Ghalib,Imru al-Qays,0.4813
english_0077,tamil_0091,english,tamil,e.e. cummings,Thiruvalluvar,0.4813
sanskrit_0045,arabic_0068,sanskrit,arabic,Upanishad,Arabic proverb,0.4812
sanskrit_0046,arabic_0067,sanskrit,arabic,Chandogya Upanishad,Imru al-Qays,0.4812
hindi_0030,arabic_0054,hindi,arabic,Kabir,Al-Hallaj,0.481
sanskrit_0040,arabic_0062,sanskrit,arabic,Chandogya Upanishad,Arabic proverb,0.4809
english_0076,tamil_0096,english,tamil,Dylan Thomas,Kaniyan Pungundranar,0.4808
english_0076,tamil_0093,english,tamil,Dylan Thomas,Kaniyan Pungundranar,0.4807
sanskrit_0053,arabic_0059,sanskrit,arabic,Vedic tradition,Arabic proverb,0.4805
hindi_0033,sanskrit_0039,hindi,sanskrit,Kabir,Upanishad,0.4804
english_0089,tamil_0092,english,tamil,e.e. cummings,Thiruvalluvar,0.4803
urdu_0003,arabic_0069,urdu,arabic,Ghalib,Al-Hallaj,0.4803
hindi_0025,sanskrit_0037,hindi,sanskrit,Kabir,Chandogya Upanishad,0.4803
hindi_0019,sanskrit_0040,hindi,sanskrit,Kabir,Chandogya Upanishad,0.4803
sanskrit_0043,arabic_0065,sanskrit,arabic,Chandogya Upanishad,Arabic proverb,0.4803
hindi_0025,sanskrit_0040,hindi,sanskrit,Kabir,Chandogya Upanishad,0.4797
hindi_0033,sanskrit_0048,hindi,sanskrit,Kabir,Upanishad,0.4796
english_0078,tamil_0093,english,tamil,Keats,Kaniyan Pungundranar,0.4794
english_0080,tamil_0094,english,tamil,e.e. cummings,Thiruvalluvar,0.4794
sanskrit_0040,arabic_0058,sanskrit,arabic,Chandogya Upanishad,Imru al-Qays,0.4794
urdu_0009,arabic_0069,urdu,arabic,Ghalib,Al-Hallaj,0.4793
urdu_0017,arabic_0070,urdu,arabic,Ghalib,Imru al-Qays,0.4792
english_0080,tamil_0103,english,tamil,e.e. cummings,Thiruvalluvar,0.4792
sanskrit_0051,english_0089,sanskrit,english,Upanishad,e.e. cummings,0.4791
sanskrit_0045,english_0089,sanskrit,english,Upanishad,e.e. cummings,0.4791
urdu_0010,hindi_0018,urdu,hindi,Ghalib,Kabir,0.4791
urdu_0010,hindi_0034,urdu,hindi,Ghalib,Kabir,0.4791
arabic_0063,tamil_0094,arabic,tamil,Al-Hallaj,Thiruvalluvar,0.479
sanskrit_0037,arabic_0070,sanskrit,arabic,Chandogya Upanishad,Imru al-Qays,0.4789
hindi_0030,english_0073,hindi,english,Kabir,Dylan Thomas,0.4789
hindi_0018,english_0073,hindi,english,Kabir,Dylan Thomas,0.4789
sanskrit_0037,arabic_0067,sanskrit,arabic,Chandogya Upanishad,Imru al-Qays,0.4785
sanskrit_0042,english_0089,sanskrit,english,Upanishad,e.e. cummings,0.4785
hindi_0018,arabic_0066,hindi,arabic,Kabir,Al-Hallaj,0.4784
urdu_0010,hindi_0030,urdu,hindi,Ghalib,Kabir,0.4782
english_0076,tamil_0102,english,tamil,Dylan Thomas,Kaniyan Pungundranar,0.4781
urdu_0015,arabic_0069,urdu,arabic,Ghalib,Al-Hallaj,0.4781
sanskrit_0052,arabic_0058,sanskrit,arabic,Chandogya Upanishad,Imru al-Qays,0.4779
sanskrit_0046,arabic_0058,sanskrit,arabic,Chandogya Upanishad,Imru al-Qays,0.4775
english_0086,tamil_0097,english,tamil,e.e. cummings,Thiruvalluvar,0.4775
english_0083,tamil_0097,english,tamil,e.e. cummings,Thiruvalluvar,0.4772
hindi_0028,english_0080,hindi,english,Kabir,e.e. cummings,0.4771
sanskrit_0048,english_0089,sanskrit,english,Upanishad,e.e. cummings,0.477
hindi_0030,english_0075,hindi,english,Kabir,Keats,0.4767
hindi_0033,sanskrit_0046,hindi,sanskrit,Kabir,Chandogya Upanishad,0.4767
urdu_0000,arabic_0069,urdu,arabic,Ghalib,Al-Hallaj,0.4762
hindi_0024,sanskrit_0049,hindi,sanskrit,Kabir,Chandogya Upanishad,0.476
arabic_0063,tamil_0097,arabic,tamil,Al-Hallaj,Thiruvalluvar,0.4759
english_0083,tamil_0091,english,tamil,e.e. cummings,Thiruvalluvar,0.4758
urdu_0001,hindi_0034,urdu,hindi,Ghalib,Kabir,0.4758
hindi_0033,arabic_0055,hindi,arabic,Kabir,Imru al-Qays,0.4758
hindi_0024,english_0073,hindi,english,Kabir,Dylan Thomas,0.4758
urdu_0006,arabic_0065,urdu,arabic,Ghalib,Arabic proverb,0.4757
english_0078,tamil_0105,english,tamil,Keats,Kaniyan Pungundranar,0.4757
hindi_0022,english_0077,hindi,english,Kabir,e.e. cummings,0.4756
sanskrit_0047,arabic_0056,sanskrit,arabic,Vedic tradition,Arabic proverb,0.4754
english_0074,tamil_0097,english,tamil,e.e. cummings,Thiruvalluvar,0.4752
sanskrit_0037,arabic_0062,sanskrit,arabic,Chandogya Upanishad,Arabic proverb,0.4752
english_0078,tamil_0102,english,tamil,Keats,Kaniyan Pungundranar,0.4751
english_0089,tamil_0097,english,tamil,e.e. cummings,Thiruvalluvar,0.4749
urdu_0016,hindi_0034,urdu,hindi,Ghalib,Kabir,0.4748
urdu_0012,arabic_0069,urdu,arabic,Ghalib,Al-Hallaj,0.4746
sanskrit_0036,english_0089,sanskrit,english,Upanishad,e.e. cummings,0.4746
urdu_0012,english_0077,urdu,english,Ghalib,e.e. cummings,0.4745
english_0077,tamil_0094,english,tamil,e.e. cummings,Thiruvalluvar,0.4745
hindi_0024,sanskrit_0036,hindi,sanskrit,Kabir,Upanishad,0.4745
sanskrit_0037,arabic_0058,sanskrit,arabic,Chandogya Upanishad,Imru al-Qays,0.4745
sanskrit_0036,arabic_0069,sanskrit,arabic,Upanishad,Al-Hallaj,0.4742
english_0080,tamil_0100,english,tamil,e.e. cummings,Thiruvalluvar,0.4741
urdu_0011,arabic_0067,urdu,arabic,Ghalib,Imru al-Qays,0.4739
sanskrit_0043,arabic_0062,sanskrit,arabic,Chandogya Upanishad,Arabic proverb,0.4739
english_0086,tamil_0091,english,tamil,e.e. cummings,Thiruvalluvar,0.4739
english_0073,tamil_0096,english,tamil,Dylan Thomas,Kaniyan Pungundranar,0.4738
hindi_0035,tamil_0090,hindi,tamil,Mirabai,Kaniyan Pungundranar,0.4737
hindi_0027,sanskrit_0049,hindi,sanskrit,Kabir,Chandogya Upanishad,0.4737
hindi_0032,tamil_0090,hindi,tamil,Mirabai,Kaniyan Pungundranar,0.4737
hindi_0022,arabic_0071,hindi,arabic,Kabir,Arabic proverb,0.4737
urdu_0006,arabic_0069,urdu,arabic,Ghalib,Al-Hallaj,0.4735
hindi_0033,arabic_0069,hindi,arabic,Kabir,Al-Hallaj,0.4734
urdu_0009,english_0077,urdu,english,Ghalib,e.e. cummings,0.4734
hindi_0021,arabic_0064,hindi,arabic,Kabir,Imru al-Qays,0.4734
hindi_0024,sanskrit_0042,hindi,sanskrit,Kabir,Upanishad,0.4733
urdu_0015,arabic_0065,urdu,arabic,Ghalib,Arabic proverb,0.4733
urdu_0000,english_0080,urdu,english,Ghalib,e.e. cummings,0.4733
english_0074,tamil_0091,english,tamil,e.e. cummings,Thiruvalluvar,0.4731
hindi_0033,sanskrit_0051,hindi,sanskrit,Kabir,Upanishad,0.473
urdu_0005,arabic_0067,urdu,arabic,Ghalib,Imru al-Qays,0.4727
hindi_0023,tamil_0090,hindi,tamil,Mirabai,Kaniyan Pungundranar,0.4726
hindi_0033,arabic_0058,hindi,arabic,Kabir,Imru al-Qays,0.4723
urdu_0011,arabic_0055,urdu,arabic,Ghalib,Imru al-Qays,0.4722
hindi_0033,arabic_0067,hindi,arabic,Kabir,Imru al-Qays,0.4722
sanskrit_0047,arabic_0071,sanskrit,arabic,Vedic tradition,Arabic proverb,0.4721
hindi_0027,sanskrit_0036,hindi,sanskrit,Kabir,Upanishad,0.4721
english_0078,tamil_0099,english,tamil,Keats,Kaniyan Pungundranar,0.472
urdu_0003,english_0080,urdu,english,Ghalib,e.e. cummings,0.472
english_0089,tamil_0091,english,tamil,e.e. cummings,Thiruvalluvar,0.4718
urdu_0004,hindi_0018,urdu,hindi,Ghalib,Kabir,0.4717
hindi_0031,english_0080,hindi,english,Kabir,e.e. cummings,0.4717
arabic_0056,tamil_0102,arabic,tamil,Arabic proverb,Kaniyan Pungundranar,0.4715
hindi_0030,arabic_0066,hindi,arabic,Kabir,Al-Hallaj,0.4715
arabic_0069,tamil_0104,arabic,tamil,Al-Hallaj,Thiruvalluvar,0.4714
hindi_0032,tamil_0102,hindi,tamil,Mirabai,Kaniyan Pungundranar,0.4712
sanskrit_0039,arabic_0069,sanskrit,arabic,Upanishad,Al-Hallaj,0.4712
hindi_0026,tamil_0090,hindi,tamil,Mirabai,Kaniyan Pungundranar,0.4711
urdu_0001,hindi_0018,urdu,hindi,Ghalib,Kabir,0.471
hindi_0027,arabic_0061,hindi,arabic,Kabir,Imru al-Qays,0.471
arabic_0056,tamil_0093,arabic,tamil,Arabic proverb,Kaniyan Pungundranar,0.471
urdu_0015,arabic_0054,urdu,arabic,Ghalib,Al-Hallaj,0.471
urdu_0004,hindi_0030,urdu,hindi,Ghalib,Kabir,0.4709
hindi_0023,tamil_0102,hindi,tamil,Mirabai,Kaniyan Pungundranar,0.4709
hindi_0026,tamil_0102,hindi,tamil,Mirabai,Kaniyan Pungundranar,0.4709
urdu_0005,arabic_0055,urdu,arabic,Ghalib,Imru al-Qays,0.4708
english_0077,tamil_0100,english,tamil,e.e. cummings,Thiruvalluvar,0.4708
sanskrit_0039,english_0089,sanskrit,english,Upanishad,e.e. cummings,0.4708
english_0089,tamil_0104,english,tamil,e.e. cummings,Thiruvalluvar,0.4707
arabic_0057,tamil_0103,arabic,tamil,Al-Hallaj,Thiruvalluvar,0.4707
hindi_0024,arabic_0069,hindi,arabic,Kabir,Al-Hallaj,0.4706
urdu_0000,english_0083,urdu,english,Ghalib,e.e. cummings,0.4706
hindi_0024,arabic_0055,hindi,arabic,Kabir,Imru al-Qays,0.4704
urdu_0010,arabic_0065,urdu,arabic,Ghalib,Arabic proverb,0.4704
english_0077,tamil_0103,english,tamil,e.e. cummings,Thiruvalluvar,0.4702
hindi_0022,english_0083,hindi,english,Kabir,e.e. cummings,0.4701
urdu_0001,hindi_0030,urdu,hindi,Ghalib,Kabir,0.47
urdu_0010,sanskrit_0043,urdu,sanskrit,Ghalib,Chandogya Upanishad,0.47
urdu_0011,arabic_0070,urdu,arabic,Ghalib,Imru al-Qays,0.47
urdu_0007,hindi_0034,urdu,hindi,Ghalib,Kabir,0.4699
urdu_0016,hindi_0018,urdu,hindi,Ghalib,Kabir,0.4699
hindi_0025,english_0080,hindi,english,Kabir,e.e. cummings,0.4699
hindi_0027,arabic_0069,hindi,arabic,Kabir,Al-Hallaj,0.4698
urdu_0003,arabic_0054,urdu,arabic,Ghalib,Al-Hallaj,0.4698
sanskrit_0043,arabic_0061,sanskrit,arabic,Chandogya Upanishad,Imru al-Qays,0.4694
hindi_0033,sanskrit_0045,hindi,sanskrit,Kabir,Upanishad,0.4693
urdu_0016,hindi_0030,urdu,hindi,Ghalib,Kabir,0.4691
hindi_0024,arabic_0058,hindi,arabic,Kabir,Imru al-Qays,0.469
hindi_0024,sanskrit_0039,hindi,sanskrit,Kabir,Upanishad,0.469
hindi_0033,sanskrit_0049,hindi,sanskrit,Kabir,Chandogya Upanishad,0.4689
urdu_0005,arabic_0070,urdu,arabic,Ghalib,Imru al-Qays,0.4689
english_0083,tamil_0094,english,tamil,e.e. cummings,Thiruvalluvar,0.4688
urdu_0004,hindi_0034,urdu,hindi,Ghalib,Kabir,0.4686
english_0082,tamil_0096,english,tamil,Dylan Thomas,Kaniyan Pungundranar,0.4686
urdu_0017,arabic_0058,urdu,arabic,Ghalib,Imru al-Qays,0.4685
hindi_0027,sanskrit_0042,hindi,sanskrit,Kabir,Upanishad,0.4685
sanskrit_0042,arabic_0069,sanskrit,arabic,Upanishad,Al-Hallaj,0.4683
urdu_0000,arabic_0062,urdu,arabic,Ghalib,Arabic proverb,0.4682
hindi_0027,sanskrit_0040,hindi,sanskrit,Kabir,Chandogya Upanishad,0.468
hindi_0027,sanskrit_0039,hindi,sanskrit,Kabir,Upanishad,0.4679
english_0086,tamil_0094,english,tamil,e.e. cummings,Thiruvalluvar,0.4678
hindi_0035,tamil_0102,hindi,tamil,Mirabai,Kaniyan Pungundranar,0.4678
hindi_0033,arabic_0070,hindi,arabic,Kabir,Imru al-Qays,0.4677
urdu_0000,arabic_0054,urdu,arabic,Ghalib,Al-Hallaj,0.4677
hindi_0033,english_0073,hindi,english,Kabir,Dylan Thomas,0.4677
hindi_0033,arabic_0054,hindi,arabic,Kabir,Al-Hallaj,0.4675
arabic_0060,tamil_0105,arabic,tamil,Al-Hallaj,Kaniyan Pungundranar,0.4674
english_0083,tamil_0103,english,tamil,e.e. cummings,Thiruvalluvar,0.4673
urdu_0003,english_0083,urdu,english,Ghalib,e.e. cummings,0.4672
hindi_0025,english_0077,hindi,english,Kabir,e.e. cummings,0.4671
urdu_0014,arabic_0068,urdu,arabic,Ghalib,Arabic proverb,0.467
english_0074,tamil_0103,english,tamil,e.e. cummings,Thiruvalluvar,0.4669
hindi_0028,english_0077,hindi,english,Kabir,e.e. cummings,0.4669
urdu_0009,arabic_0054,urdu,arabic,Ghalib,Al-Hallaj,0.4669
hindi_0026,tamil_0105,hindi,tamil,Mirabai,Kaniyan Pungundranar,0.4668
hindi_0029,tamil_0090,hindi,tamil,Mirabai,Kaniyan Pungundranar,0.4668
english_0078,tamil_0104,english,tamil,Keats,Thiruvalluvar,0.4666
arabic_0056,tamil_0090,arabic,tamil,Arabic proverb,Kaniyan Pungundranar,0.4666
arabic_0056,tamil_0105,arabic,tamil,Arabic proverb,Kaniyan Pungundranar,0.4666
hindi_0024,arabic_0067,hindi,arabic,Kabir,Imru al-Qays,0.4665
english_0074,tamil_0094,english,tamil,e.e. cummings,Thiruvalluvar,0.4665
hindi_0024,sanskrit_0048,hindi,sanskrit,Kabir,Upanishad,0.4665
hindi_0018,english_0079,hindi,english,Kabir,Dylan Thomas,0.4664
hindi_0032,tamil_0105,hindi,tamil,Mirabai,Kaniyan Pungundranar,0.4664
sanskrit_0048,arabic_0069,sanskrit,arabic,Upanishad,Al-Hallaj,0.4664
urdu_0006,english_0077,urdu,english,Ghalib,e.e. cummings,0.4663
urdu_0009,english_0080,urdu,english,Ghalib,e.e. cummings,0.4663
sanskrit_0043,arabic_0055,sanskrit,arabic,Chandogya Upanishad,Imru al-Qays,0.4662
sanskrit_0036,arabic_0054,sanskrit,arabic,Upanishad,Al-Hallaj,0.4661
hindi_0023,tamil_0105,hindi,tamil,Mirabai,Kaniyan Pungundranar,0.4661
sanskrit_0053,arabic_0056,sanskrit,arabic,Vedic tradition,Arabic proverb,0.4661
hindi_0030,english_0079,hindi,english,Kabir,Dylan Thomas,0.466
urdu_0001,arabic_0065,urdu,arabic,Ghalib,Arabic proverb,0.466
english_0073,tamil_0105,english,tamil,Dylan Thomas,Kaniyan Pungundranar,0.4659
english_0082,tamil_0105,english,tamil,Dylan Thomas,Kaniyan Pungundranar,0.4657
english_0086,tamil_0103,english,tamil,e.e. cummings,Thiruvalluvar,0.4656
arabic_0054,tamil_0104,arabic,tamil,Al-Hallaj,Thiruvalluvar,0.4655
hindi_0024,arabic_0057,hindi,arabic,Kabir,Al-Hallaj,0.4655
hindi_0024,sanskrit_0037,hindi,sanskrit,Kabir,Chandogya Upanishad,0.4655
hindi_0019,english_0080,hindi,english,Kabir,e.e. cummings,0.4655
hindi_0024,sanskrit_0040,hindi,sanskrit,Kabir,Chandogya Upanishad,0.4652
hindi_0024,arabic_0054,hindi,arabic,Kabir,Al-Hallaj,0.4652
hindi_0028,sanskrit_0043,hindi,sanskrit,Kabir,Chandogya Upanishad,0.4651
english_0089,tamil_0094,english,tamil,e.e. cummings,Thiruvalluvar,0.4648
english_0073,tamil_0102,english,tamil,Dylan Thomas,Kaniyan Pungundranar,0.4648
hindi_0024,sanskrit_0052,hindi,sanskrit,Kabir,Chandogya Upanishad,0.4648
hindi_0018,arabic_0063,hindi,arabic,Kabir,Al-Hallaj,0.4646
urdu_0012,english_0080,urdu,english,Ghalib,e.e. cummings,0.4645
hindi_0035,tamil_0105,hindi,tamil,Mirabai,Kaniyan Pungundranar,0.4643
urdu_0007,hindi_0018,urdu,hindi,Ghalib,Kabir,0.4642
hindi_0031,sanskrit_0043,hindi,sanskrit,Kabir,Chandogya Upanishad,0.4642
hindi_0027,sanskrit_0037,hindi,sanskrit,Kabir,Chandogya Upanishad,0.4641
urdu_0012,arabic_0054,urdu,arabic,Ghalib,Al-Hallaj,0.4641
arabic_0063,tamil_0103,arabic,tamil,Al-Hallaj,Thiruvalluvar,0.4641
sanskrit_0050,tamil_0090,sanskrit,tamil,Vedic tradition,Kaniyan Pungundranar,0.4641
urdu_0013,hindi_0018,urdu,hindi,Ghalib,Kabir,0.4641
hindi_0027,arabic_0057,hindi,arabic,Kabir,Al-Hallaj,0.464
urdu_0017,arabic_0061,urdu,arabic,Ghalib,Imru al-Qays,0.464
english_0082,tamil_0102,english,tamil,Dylan Thomas,Kaniyan Pungundranar,0.4639
hindi_0019,english_0081,hindi,english,Kabir,Keats,0.4638
english_0089,tamil_0103,english,tamil,e.e. cummings,Thiruvalluvar,0.4638
arabic_0062,tamil_0099,arabic,tamil,Arabic proverb,Kaniyan Pungundranar,0.4636
hindi_0033,arabic_0057,hindi,arabic,Kabir,Al-Hallaj,0.4636
urdu_0013,hindi_0030,urdu,hindi,Ghalib,Kabir,0.4635
urdu_0007,hindi_0030,urdu,hindi,Ghalib,Kabir,0.4635
urdu_0003,arabic_0062,urdu,arabic,Ghalib,Arabic proverb,0.4634
hindi_0027,sanskrit_0052,hindi,sanskrit,Kabir,Chandogya Upanishad,0.4634
hindi_0024,arabic_0070,hindi,arabic,Kabir,Imru al-Qays,0.4629
sanskrit_0039,arabic_0054,sanskrit,arabic,Upanishad,Al-Hallaj,0.4626
sanskrit_0043,arabic_0067,sanskrit,arabic,Chandogya Upanishad,Imru al-Qays,0.4626
english_0083,tamil_0100,english,tamil,e.e. cummings,Thiruvalluvar,0.4625
english_0073,tamil_0093,english,tamil,Dylan Thomas,Kaniyan Pungundranar,0.4624
sanskrit_0045,arabic_0069,sanskrit,arabic,Upanishad,Al-Hallaj,0.4624
urdu_0012,english_0083,urdu,english,Ghalib,e.e. cummings,0.4623
sanskrit_0053,arabic_0071,sanskrit,arabic,Vedic tradition,Arabic proverb,0.4621
sanskrit_0041,arabic_0059,sanskrit,arabic,Vedic tradition,Arabic proverb,0.462
urdu_0016,sanskrit_0043,urdu,sanskrit,Ghalib,Chandogya Upanishad,0.462
urdu_0013,hindi_0034,urdu,hindi,Ghalib,Kabir,0.462
hindi_0029,tamil_0102,hindi,tamil,Mirabai,Kaniyan Pungundranar,0.4619
hindi_0025,arabic_0056,hindi,arabic,Kabir,Arabic proverb,0.4616
hindi_0027,arabic_0054,hindi,arabic,Kabir,Al-Hallaj,0.4616
hindi_0022,sanskrit_0043,hindi,sanskrit,Kabir,Chandogya Upanishad,0.4616
sanskrit_0051,arabic_0069,sanskrit,arabic,Upanishad,Al-Hallaj,0.4615
hindi_0031,english_0077,hindi,english,Kabir,e.e. cummings,0.4614
english_0089,tamil_0100,english,tamil,e.e. cummings,Thiruvalluvar,0.4613
english_0086,tamil_0100,english,tamil,e.e. cummings,Thiruvalluvar,0.4612
hindi_0018,english_0088,hindi,english,Kabir,Dylan Thomas,0.4612
hindi_0018,english_0085,hindi,english,Kabir,Dylan Thomas,0.4612
hindi_0025,english_0081,hindi,english,Kabir,Keats,0.4611
hindi_0028,english_0083,hindi,english,Kabir,e.e. cummings,0.4611
english_0074,tamil_0100,english,tamil,e.e. cummings,Thiruvalluvar,0.461
hindi_0030,english_0088,hindi,english,Kabir,Dylan Thomas,0.461
sanskrit_0045,english_0084,sanskrit,english,Upanishad,Keats,0.461
urdu_0006,arabic_0054,urdu,arabic,Ghalib,Al-Hallaj,0.4609
urdu_0016,arabic_0065,urdu,arabic,Ghalib,Arabic proverb,0.4608
hindi_0030,english_0085,hindi,english,Kabir,Dylan Thomas,0.4608
hindi_0033,english_0081,hindi,english,Kabir,Keats,0.4606
urdu_0006,english_0080,urdu,english,Ghalib,e.e. cummings,0.4605
hindi_0019,english_0077,hindi,english,Kabir,e.e. cummings,0.4603
sanskrit_0043,arabic_0058,sanskrit,arabic,Chandogya Upanishad,Imru al-Qays,0.46
hindi_0024,arabic_0066,hindi,arabic,Kabir,Al-Hallaj,0.4599
hindi_0024,sanskrit_0051,hindi,sanskrit,Kabir,Upanishad,0.4598
sanskrit_0043,arabic_0070,sanskrit,arabic,Chandogya Upanishad,Imru al-Qays,0.4597
sanskrit_0038,arabic_0059,sanskrit,arabic,Vedic tradition,Arabic proverb,0.4597
hindi_0033,arabic_0066,hindi,arabic,Kabir,Al-Hallaj,0.4597
hindi_0033,sanskrit_0040,hindi,sanskrit,Kabir,Chandogya Upanishad,0.4596
sanskrit_0042,arabic_0054,sanskrit,arabic,Upanishad,Al-Hallaj,0.4595
urdu_0001,sanskrit_0043,urdu,sanskrit,Ghalib,Chandogya Upanishad,0.4594
hindi_0029,tamil_0105,hindi,tamil,Mirabai,Kaniyan Pungundranar,0.4593
hindi_0025,english_0083,hindi,english,Kabir,e.e. cummings,0.4592
urdu_0011,arabic_0058,urdu,arabic,Ghalib,Imru al-Qays,0.4592
urdu_0009,english_0083,urdu,english,Ghalib,e.e. cummings,0.459
hindi_0027,sanskrit_0048,hindi,sanskrit,Kabir,Upanishad,0.4587
english_0082,tamil_0093,english,tamil,Dylan Thomas,Kaniyan Pungundranar,0.4584
urdu_0012,arabic_0062,urdu,arabic,Ghalib,Arabic proverb,0.4581
hindi_0030,arabic_0063,hindi,arabic,Kabir,Al-Hallaj,0.4581
hindi_0032,tamil_0096,hindi,tamil,Mirabai,Kaniyan Pungundranar,0.458
urdu_0013,arabic_0065,urdu,arabic,Ghalib,Arabic proverb,0.458
hindi_0033,sanskrit_0052,hindi,sanskrit,Kabir,Chandogya Upanishad,0.4578
urdu_0005,arabic_0058,urdu,arabic,Ghalib,Imru al-Qays,0.4576
sanskrit_0048,arabic_0054,sanskrit,arabic,Upanishad,Al-Hallaj,0.4575
urdu_0004,arabic_0065,urdu,arabic,Ghalib,Arabic proverb,0.4574
hindi_0031,english_0083,hindi,english,Kabir,e.e. cummings,0.4568
hindi_0023,tamil_0096,hindi,tamil,Mirabai,Kaniyan Pungundranar,0.4568
arabic_0065,tamil_0099,arabic,tamil,Arabic proverb,Kaniyan Pungundranar,0.4567
hindi_0022,english_0081,hindi,english,Kabir,Keats,0.4567
urdu_0010,english_0080,urdu,english,Ghalib,e.e. cummings,0.4566
hindi_0035,tamil_0096,hindi,tamil,Mirabai,Kaniyan Pungundranar,0.4565
urdu_0009,arabic_0062,urdu,arabic,Ghalib,Arabic proverb,0.4564
sanskrit_0036,arabic_0059,sanskrit,arabic,Upanishad,Arabic proverb,0.4563
hindi_0027,arabic_0066,hindi,arabic,Kabir,Al-Hallaj,0.456
hindi_0021,sanskrit_0043,hindi,sanskrit,Kabir,Chandogya Upanishad,0.4559
arabic_0057,tamil_0104,arabic,tamil,Al-Hallaj,Thiruvalluvar,0.4559
sanskrit_0042,english_0084,sanskrit,english,Upanishad,Keats,0.4558
hindi_0033,sanskrit_0037,hindi,sanskrit,Kabir,Chandogya Upanishad,0.4556
sanskrit_0036,english_0084,sanskrit,english,Upanishad,Keats,0.4554
hindi_0027,arabic_0058,hindi,arabic,Kabir,Imru al-Qays,0.4554
hindi_0027,arabic_0055,hindi,arabic,Kabir,Imru al-Qays,0.4554
hindi_0024,sanskrit_0045,hindi,sanskrit,Kabir,Upanishad,0.4553
hindi_0026,tamil_0096,hindi,tamil,Mirabai,Kaniyan Pungundranar,0.4552
hindi_0024,english_0079,hindi,english,Kabir,Dylan Thomas,0.4551
arabic_0069,tamil_0098,arabic,tamil,Al-Hallaj,Thiruvalluvar,0.4551
hindi_0027,english_0073,hindi,english,Kabir,Dylan Thomas,0.455
sanskrit_0039,arabic_0059,sanskrit,arabic,Upanishad,Arabic proverb,0.455
arabic_0060,tamil_0102,arabic,tamil,Al-Hallaj,Kaniyan Pungundranar,0.4549
urdu_0017,tamil_0090,urdu,tamil,Ghalib,Kaniyan Pungundranar,0.4548
urdu_0002,arabic_0067,urdu,arabic,Ghalib,Imru al-Qays,0.4546
urdu_0007,arabic_0065,urdu,arabic,Ghalib,Arabic proverb,0.4546
sanskrit_0045,arabic_0054,sanskrit,arabic,Upanishad,Al-Hallaj,0.4544
arabic_0069,tamil_0095,arabic,tamil,Al-Hallaj,Thiruvalluvar,0.4542
hindi_0018,arabic_0060,hindi,arabic,Kabir,Al-Hallaj,0.454
urdu_0011,arabic_0061,urdu,arabic,Ghalib,Imru al-Qays,0.4539
sanskrit_0051,arabic_0054,sanskrit,arabic,Upanishad,Al-Hallaj,0.4539
urdu_0005,arabic_0061,urdu,arabic,Ghalib,Imru al-Qays,0.4538
urdu_0004,sanskrit_0043,urdu,sanskrit,Ghalib,Chandogya Upanishad,0.4537
urdu_0008,arabic_0055,urdu,arabic,Ghalib,Imru al-Qays,0.4537
sanskrit_0051,english_0084,sanskrit,english,Upanishad,Keats,0.4537
sanskrit_0049,arabic_0068,sanskrit,arabic,Chandogya Upanishad,Arabic proverb,0.4536
urdu_0002,arabic_0055,urdu,arabic,Ghalib,Imru al-Qays,0.4534
sanskrit_0049,english_0081,sanskrit,english,Chandogya Upanishad,Keats,0.4534
hindi_0027,arabic_0067,hindi,arabic,Kabir,Imru al-Qays,0.4532
sanskrit_0046,arabic_0068,sanskrit,arabic,Chandogya Upanishad,Arabic proverb,0.4532
urdu_0006,english_0083,urdu,english,Ghalib,e.e. cummings,0.4529
hindi_0033,english_0079,hindi,english,Kabir,Dylan Thomas,0.4528
urdu_0001,english_0080,urdu,english,Ghalib,e.e. cummings,0.4527
hindi_0019,english_0083,hindi,english,Kabir,e.e. cummings,0.4525
urdu_0008,arabic_0067,urdu,arabic,Ghalib,Imru al-Qays,0.4524
sanskrit_0039,english_0084,sanskrit,english,Upanishad,Keats,0.4524
urdu_0015,english_0077,urdu,english,Ghalib,e.e. cummings,0.4523
hindi_0034,english_0081,hindi,english,Kabir,Keats,0.4522
urdu_0016,english_0080,urdu,english,Ghalib,e.e. cummings,0.4522
hindi_0031,arabic_0069,hindi,arabic,Kabir,Al-Hallaj,0.4521
hindi_0029,tamil_0096,hindi,tamil,Mirabai,Kaniyan Pungundranar,0.4519
urdu_0010,hindi_0033,urdu,hindi,Ghalib,Kabir,0.4515
sanskrit_0044,tamil_0090,sanskrit,tamil,Vedic tradition,Kaniyan Pungundranar,0.4513
urdu_0017,hindi_0028,urdu,hindi,Ghalib,Kabir,0.4508
arabic_0069,tamil_0092,arabic,tamil,Al-Hallaj,Thiruvalluvar,0.4507
urdu_0005,tamil_0090,urdu,tamil,Ghalib,Kaniyan Pungundranar,0.4507
hindi_0025,sanskrit_0043,hindi,sanskrit,Kabir,Chandogya Upanishad,0.4505
urdu_0002,arabic_0070,urdu,arabic,Ghalib,Imru al-Qays,0.4505
hindi_0028,arabic_0071,hindi,arabic,Kabir,Arabic proverb,0.4502
arabic_0054,tamil_0092,arabic,tamil,Al-Hallaj,Thiruvalluvar,0.4502
urdu_0008,arabic_0070,urdu,arabic,Ghalib,Imru al-Qays,0.4501
arabic_0057,tamil_0092,arabic,tamil,Al-Hallaj,Thiruvalluvar,0.4501
hindi_0027,sanskrit_0051,hindi,sanskrit,Kabir,Upanishad,0.45
urdu_0011,tamil_0090,urdu,tamil,Ghalib,Kaniyan Pungundranar,0.4499
hindi_0021,arabic_0069,hindi,arabic,Kabir,Al-Hallaj,0.4498
hindi_0021,arabic_0057,hindi,arabic,Kabir,Al-Hallaj,0.4495
hindi_0027,arabic_0070,hindi,arabic,Kabir,Imru al-Qays,0.4494
sanskrit_0048,english_0084,sanskrit,english,Upanishad,Keats,0.4494
hindi_0031,arabic_0071,hindi,arabic,Kabir,Arabic proverb,0.4494
hindi_0022,english_0086,hindi,english,Kabir,e.e. cummings,0.4492
urdu_0014,arabic_0064,urdu,arabic,Ghalib,Imru al-Qays,0.4492
sanskrit_0042,arabic_0059,sanskrit,arabic,Upanishad,Arabic proverb,0.4491
hindi_0027,sanskrit_0045,hindi,sanskrit,Kabir,Upanishad,0.4489
hindi_0024,arabic_0060,hindi,arabic,Kabir,Al-Hallaj,0.4489
urdu_0017,hindi_0031,urdu,hindi,Ghalib,Kabir,0.4488
urdu_0010,english_0077,urdu,english,Ghalib,e.e. cummings,0.4487
urdu_0006,arabic_0062,urdu,arabic,Ghalib,Arabic proverb,0.4487
urdu_0017,tamil_0102,urdu,tamil,Ghalib,Kaniyan Pungundranar,0.4486
arabic_0054,tamil_0095,arabic,tamil,Al-Hallaj,Thiruvalluvar,0.4485
hindi_0024,english_0081,hindi,english,Kabir,Keats,0.4485
hindi_0024,english_0085,hindi,english,Kabir,Dylan Thomas,0.4484
urdu_0014,tamil_0090,urdu,tamil,Ghalib,Kaniyan Pungundranar,0.4484
sanskrit_0050,tamil_0102,sanskrit,tamil,Vedic tradition,Kaniyan Pungundranar,0.4483
hindi_0018,english_0076,hindi,english,Kabir,Dylan Thomas,0.4483
hindi_0034,arabic_0056,hindi,arabic,Kabir,Arabic proverb,0.4481
hindi_0028,arabic_0069,hindi,arabic,Kabir,Al-Hallaj,0.4481
hindi_0035,tamil_0093,hindi,tamil,Mirabai,Kaniyan Pungundranar,0.448
hindi_0030,english_0076,hindi,english,Kabir,Dylan Thomas,0.448
hindi_0022,english_0074,hindi,english,Kabir,e.e. cummings,0.4479
urdu_0011,hindi_0028,urdu,hindi,Ghalib,Kabir,0.4478
hindi_0024,english_0088,hindi,english,Kabir,Dylan Thomas,0.4477
arabic_0066,tamil_0104,arabic,tamil,Al-Hallaj,Thiruvalluvar,0.4476
arabic_0054,tamil_0098,arabic,tamil,Al-Hallaj,Thiruvalluvar,0.4475
sanskrit_0050,tamil_0096,sanskrit,tamil,Vedic tradition,Kaniyan Pungundranar,0.4474
urdu_0007,sanskrit_0043,urdu,sanskrit,Ghalib,Chandogya Upanishad,0.4474
hindi_0032,tamil_0093,hindi,tamil,Mirabai,Kaniyan Pungundranar,0.4474
arabic_0057,tamil_0101,arabic,tamil,Al-Hallaj,Thiruvalluvar,0.4474
arabic_0069,tamil_0101,arabic,tamil,Al-Hallaj,Thiruvalluvar,0.4473
sanskrit_0041,arabic_0056,sanskrit,arabic,Vedic tradition,Arabic proverb,0.4473
urdu_0013,sanskrit_0043,urdu,sanskrit,Ghalib,Chandogya Upanishad,0.4472
urdu_0011,hindi_0031,urdu,hindi,Ghalib,Kabir,0.4472
urdu_0015,arabic_0066,urdu,arabic,Ghalib,Al-Hallaj,0.4471
sanskrit_0048,arabic_0059,sanskrit,arabic,Upanishad,Arabic proverb,0.4469
sanskrit_0040,english_0081,sanskrit,english,Chandogya Upanishad,Keats,0.4469
hindi_0023,tamil_0093,hindi,tamil,Mirabai,Kaniyan Pungundranar,0.4468
urdu_0010,hindi_0027,urdu,hindi,Ghalib,Kabir,0.4467
hindi_0027,arabic_0060,hindi,arabic,Kabir,Al-Hallaj,0.4467
sanskrit_0041,arabic_0071,sanskrit,arabic,Vedic tradition,Arabic proverb,0.4467
sanskrit_0051,arabic_0059,sanskrit,arabic,Upanishad,Arabic proverb,0.4467
sanskrit_0040,arabic_0068,sanskrit,arabic,Chandogya Upanishad,Arabic proverb,0.4466
sanskrit_0043,arabic_0068,sanskrit,arabic,Chandogya Upanishad,Arabic proverb,0.4465
urdu_0017,tamil_0105,urdu,tamil,Ghalib,Kaniyan Pungundranar,0.4465
hindi_0019,sanskrit_0043,hindi,sanskrit,Kabir,Chandogya Upanishad,0.4465
urdu_0005,hindi_0028,urdu,hindi,Ghalib,Kabir,0.4465
hindi_0019,arabic_0056,hindi,arabic,Kabir,Arabic proverb,0.446
hindi_0026,tamil_0093,hindi,tamil,Mirabai,Kaniyan Pungundranar,0.4459
urdu_0005,hindi_0031,urdu,hindi,Ghalib,Kabir,0.4459
hindi_0021,arabic_0061,hindi,arabic,Kabir,Imru al-Qays,0.4458
hindi_0021,sanskrit_0046,hindi,sanskrit,Kabir,Chandogya Upanishad,0.4458
arabic_0057,tamil_0098,arabic,tamil,Al-Hallaj,Thiruvalluvar,0.4456
arabic_0057,tamil_0095,arabic,tamil,Al-Hallaj,Thiruvalluvar,0.4455
arabic_0054,tamil_0101,arabic,tamil,Al-Hallaj,Thiruvalluvar,0.4454
urdu_0010,english_0083,urdu,english,Ghalib,e.e. cummings,0.4454
sanskrit_0036,arabic_0066,sanskrit,arabic,Upanishad,Al-Hallaj,0.4454
urdu_0007,english_0080,urdu,english,Ghalib,e.e. cummings,0.4452
hindi_0028,english_0081,hindi,english,Kabir,Keats,0.4452
urdu_0004,hindi_0033,urdu,hindi,Ghalib,Kabir,0.4451
sanskrit_0046,english_0081,sanskrit,english,Chandogya Upanishad,Keats,0.445
urdu_0015,arabic_0062,urdu,arabic,Ghalib,Arabic proverb,0.445
urdu_0010,arabic_0062,urdu,arabic,Ghalib,Arabic proverb,0.4449
sanskrit_0052,english_0081,sanskrit,english,Chandogya Upanishad,Keats,0.4449
hindi_0033,english_0088,hindi,english,Kabir,Dylan Thomas,0.4448
hindi_0030,arabic_0060,hindi,arabic,Kabir,Al-Hallaj,0.4448
hindi_0021,arabic_0054,hindi,arabic,Kabir,Al-Hallaj,0.4447
hindi_0033,english_0085,hindi,english,Kabir,Dylan Thomas,0.4447
urdu_0004,english_0080,urdu,english,Ghalib,e.e. cummings,0.4447
english_0077,tamil_0099,english,tamil,e.e. cummings,Kaniyan Pungundranar,0.4445
urdu_0016,hindi_0033,urdu,hindi,Ghalib,Kabir,0.4439
urdu_0015,english_0080,urdu,english,Ghalib,e.e. cummings,0.4436
sanskrit_0050,tamil_0105,sanskrit,tamil,Vedic tradition,Kaniyan Pungundranar,0.4436
urdu_0002,arabic_0058,urdu,arabic,Ghalib,Imru al-Qays,0.4435
hindi_0033,english_0075,hindi,english,Kabir,Keats,0.4435
hindi_0021,arabic_0066,hindi,arabic,Kabir,Al-Hallaj,0.4435
sanskrit_0052,arabic_0068,sanskrit,arabic,Chandogya Upanishad,Arabic proverb,0.4434
hindi_0024,arabic_0063,hindi,arabic,Kabir,Al-Hallaj,0.4434
urdu_0000,arabic_0068,urdu,arabic,Ghalib,Arabic proverb,0.4434
urdu_0001,hindi_0033,urdu,hindi,Ghalib,Kabir,0.4433
urdu_0000,english_0086,urdu,english,Ghalib,e.e. cummings,0.4433
sanskrit_0038,arabic_0056,sanskrit,arabic,Vedic tradition,Arabic proverb,0.4433
hindi_0029,tamil_0093,hindi,tamil,Mirabai,Kaniyan Pungundranar,0.4432
urdu_0002,tamil_0090,urdu,tamil,Ghalib,Kaniyan Pungundranar,0.4432
hindi_0031,english_0081,hindi,english,Kabir,Keats,0.4431
sanskrit_0050,tamil_0093,sanskrit,tamil,Vedic tradition,Kaniyan Pungundranar,0.443
sanskrit_0038,arabic_0071,sanskrit,arabic,Vedic tradition,Arabic proverb,0.4429
sanskrit_0038,tamil_0090,sanskrit,tamil,Vedic tradition,Kaniyan Pungundranar,0.4429
urdu_0005,tamil_0102,urdu,tamil,Ghalib,Kaniyan Pungundranar,0.4428
urdu_0016,english_0077,urdu,english,Ghalib,e.e. cummings,0.4428
sanskrit_0037,english_0081,sanskrit,english,Chandogya Upanishad,Keats,0.4427
urdu_0001,english_0077,urdu,english,Ghalib,e.e. cummings,0.4426
urdu_0003,english_0086,urdu,english,Ghalib,e.e. cummings,0.4423
hindi_0022,arabic_0069,hindi,arabic,Kabir,Al-Hallaj,0.4423
urdu_0011,tamil_0102,urdu,tamil,Ghalib,Kaniyan Pungundranar,0.4422
sanskrit_0053,arabic_0068,sanskrit,arabic,Vedic tradition,Arabic proverb,0.4421
urdu_0017,hindi_0022,urdu,hindi,Ghalib,Kabir,0.442
sanskrit_0050,english_0086,sanskrit,english,Vedic tradition,e.e. cummings,0.442
hindi_0031,arabic_0054,hindi,arabic,Kabir,Al-Hallaj,0.442
hindi_0025,english_0086,hindi,english,Kabir,e.e. cummings,0.4419
urdu_0008,arabic_0058,urdu,arabic,Ghalib,Imru al-Qays,0.4417
urdu_0003,arabic_0066,urdu,arabic,Ghalib,Al-Hallaj,0.4416
hindi_0033,arabic_0060,hindi,arabic,Kabir,Al-Hallaj,0.4414
urdu_0013,english_0080,urdu,english,Ghalib,e.e. cummings,0.4413
sanskrit_0045,arabic_0059,sanskrit,arabic,Upanishad,Arabic proverb,0.4412
urdu_0005,tamil_0105,urdu,tamil,Ghalib,Kaniyan Pungundranar,0.4411
sanskrit_0041,tamil_0090,sanskrit,tamil,Vedic tradition,Kaniyan Pungundranar,0.441
urdu_0014,tamil_0102,urdu,tamil,Ghalib,Kaniyan Pungundranar,0.4409
sanskrit_0037,arabic_0068,sanskrit,arabic,Chandogya Upanishad,Arabic proverb,0.4408
arabic_0070,english_0081,arabic,english,Imru al-Qays,Keats,0.4407
hindi_0034,sanskrit_0049,hindi,sanskrit,Kabir,Chandogya Upanishad,0.4401
sanskrit_0042,arabic_0066,sanskrit,arabic,Upanishad,Al-Hallaj,0.44
urdu_0011,tamil_0105,urdu,tamil,Ghalib,Kaniyan Pungundranar,0.4398
urdu_0000,arabic_0066,urdu,arabic,Ghalib,Al-Hallaj,0.4397
urdu_0004,hindi_0027,urdu,hindi,Ghalib,Kabir,0.4397
hindi_0027,arabic_0063,hindi,arabic,Kabir,Al-Hallaj,0.4396
hindi_0033,arabic_0063,hindi,arabic,Kabir,Al-Hallaj,0.4396
urdu_0002,hindi_0028,urdu,hindi,Ghalib,Kabir,0.4396
urdu_0016,english_0083,urdu,english,Ghalib,e.e. cummings,0.4395
urdu_0011,hindi_0022,urdu,hindi,Ghalib,Kabir,0.4394
urdu_0000,english_0074,urdu,english,Ghalib,e.e. cummings,0.4393
english_0086,tamil_0099,english,tamil,e.e. cummings,Kaniyan Pungundranar,0.4392
urdu_0001,hindi_0027,urdu,hindi,Ghalib,Kabir,0.439
hindi_0034,sanskrit_0052,hindi,sanskrit,Kabir,Chandogya Upanishad,0.4389
urdu_0015,english_0083,urdu,english,Ghalib,e.e. cummings,0.4388
urdu_0005,hindi_0022,urdu,hindi,Ghalib,Kabir,0.4388
hindi_0025,english_0074,hindi,english,Kabir,e.e. cummings,0.4388
urdu_0014,tamil_0105,urdu,tamil,Ghalib,Kaniyan Pungundranar,0.4387
urdu_0001,english_0083,urdu,english,Ghalib,e.e. cummings,0.4387
urdu_0001,arabic_0062,urdu,arabic,Ghalib,Arabic proverb,0.4387
hindi_0028,arabic_0054,hindi,arabic,Kabir,Al-Hallaj,0.4386
hindi_0028,english_0086,hindi,english,Kabir,e.e. cummings,0.4386
sanskrit_0050,english_0074,sanskrit,english,Vedic tradition,e.e. cummings,0.4385
urdu_0003,english_0074,urdu,english,Ghalib,e.e. cummings,0.4385
urdu_0016,hindi_0027,urdu,hindi,Ghalib,Kabir,0.4385
sanskrit_0039,arabic_0066,sanskrit,arabic,Upanishad,Al-Hallaj,0.4385
urdu_0009,arabic_0066,urdu,arabic,Ghalib,Al-Hallaj,0.4384
sanskrit_0044,english_0074,sanskrit,english,Vedic tradition,e.e. cummings,0.4383
urdu_0013,hindi_0033,urdu,hindi,Ghalib,Kabir,0.4383
urdu_0008,tamil_0090,urdu,tamil,Ghalib,Kaniyan Pungundranar,0.4383
hindi_0028,english_0074,hindi,english,Kabir,e.e. cummings,0.4382
hindi_0027,english_0081,hindi,english,Kabir,Keats,0.4381
arabic_0066,tamil_0092,arabic,tamil,Al-Hallaj,Thiruvalluvar,0.438
urdu_0007,hindi_0033,urdu,hindi,Ghalib,Kabir,0.438
urdu_0003,arabic_0068,urdu,arabic,Ghalib,Arabic proverb,0.4379
hindi_0030,english_0082,hindi,english,Kabir,Dylan Thomas,0.4379
hindi_0021,english_0073,hindi,english,Kabir,Dylan Thomas,0.4378
sanskrit_0044,tamil_0096,sanskrit,tamil,Vedic tradition,Kaniyan Pungundranar,0.4377
urdu_0002,hindi_0031,urdu,hindi,Ghalib,Kabir,0.4375
hindi_0021,sanskrit_0049,hindi,sanskrit,Kabir,Chandogya Upanishad,0.4375
hindi_0034,sanskrit_0046,hindi,sanskrit,Kabir,Chandogya Upanishad,0.4372
arabic_0067,english_0081,arabic,english,Imru al-Qays,Keats,0.4371
sanskrit_0048,arabic_0066,sanskrit,arabic,Upanishad,Al-Hallaj,0.437
urdu_0004,english_0077,urdu,english,Ghalib,e.e. cummings,0.4369
sanskrit_0051,arabic_0066,sanskrit,arabic,Upanishad,Al-Hallaj,0.4365
arabic_0066,tamil_0098,arabic,tamil,Al-Hallaj,Thiruvalluvar,0.4365
urdu_0012,english_0086,urdu,english,Ghalib,e.e. cummings,0.4363
sanskrit_0044,english_0086,sanskrit,english,Vedic tradition,e.e. cummings,0.4363
urdu_0012,arabic_0066,urdu,arabic,Ghalib,Al-Hallaj,0.4363
arabic_0066,tamil_0095,arabic,tamil,Al-Hallaj,Thiruvalluvar,0.4362
hindi_0019,arabic_0069,hindi,arabic,Kabir,Al-Hallaj,0.4362
sanskrit_0044,tamil_0102,sanskrit,tamil,Vedic tradition,Kaniyan Pungundranar,0.4361
english_0079,tamil_0099,english,tamil,Dylan Thomas,Kaniyan Pungundranar,0.436
urdu_0009,english_0086,urdu,english,Ghalib,e.e. cummings,0.4359
arabic_0066,tamil_0101,arabic,tamil,Al-Hallaj,Thiruvalluvar,0.4359
hindi_0021,sanskrit_0036,hindi,sanskrit,Kabir,Upanishad,0.4359
urdu_0010,hindi_0024,urdu,hindi,Ghalib,Kabir,0.4358
sanskrit_0044,arabic_0059,sanskrit,arabic,Vedic tradition,Arabic proverb,0.4357
hindi_0018,english_0082,hindi,english,Kabir,Dylan Thomas,0.4354
sanskrit_0036,arabic_0057,sanskrit,arabic,Upanishad,Al-Hallaj,0.4353
urdu_0007,english_0077,urdu,english,Ghalib,e.e. cummings,0.4352
urdu_0002,arabic_0061,urdu,arabic,Ghalib,Imru al-Qays,0.4347
urdu_0016,arabic_0062,urdu,arabic,Ghalib,Arabic proverb,0.4344
sanskrit_0044,english_0077,sanskrit,english,Vedic tradition,e.e. cummings,0.4343
english_0074,tamil_0099,english,tamil,e.e. cummings,Kaniyan Pungundranar,0.4343
english_0083,tamil_0099,english,tamil,e.e. cummings,Kaniyan Pungundranar,0.4342
hindi_0019,english_0086,hindi,english,Kabir,e.e. cummings,0.434
urdu_0002,tamil_0102,urdu,tamil,Ghalib,Kaniyan Pungundranar,0.434
urdu_0012,arabic_0068,urdu,arabic,Ghalib,Arabic proverb,0.4339
hindi_0034,sanskrit_0040,hindi,sanskrit,Kabir,Chandogya Upanishad,0.4338
urdu_0007,english_0083,urdu,english,Ghalib,e.e. cummings,0.4337
hindi_0022,arabic_0054,hindi,arabic,Kabir,Al-Hallaj,0.4337
hindi_0024,english_0076,hindi,english,Kabir,Dylan Thomas,0.4337
hindi_0027,english_0079,hindi,english,Kabir,Dylan Thomas,0.4336
hindi_0031,english_0074,hindi,english,Kabir,e.e. cummings,0.4336
urdu_0007,hindi_0027,urdu,hindi,Ghalib,Kabir,0.4335
urdu_0004,english_0083,urdu,english,Ghalib,e.e. cummings,0.4335
sanskrit_0050,english_0083,sanskrit,english,Vedic tradition,e.e. cummings,0.4334
sanskrit_0050,english_0077,sanskrit,english,Vedic tradition,e.e. cummings,0.4333
urdu_0013,hindi_0027,urdu,hindi,Ghalib,Kabir,0.4333
hindi_0031,english_0086,hindi,english,Kabir,e.e. cummings,0.4332
hindi_0021,sanskrit_0042,hindi,sanskrit,Kabir,Upanishad,0.4332
hindi_0024,english_0075,hindi,english,Kabir,Keats,0.4331
english_0073,tamil_0099,english,tamil,Dylan Thomas,Kaniyan Pungundranar,0.4331
urdu_0008,arabic_0061,urdu,arabic,Ghalib,Imru al-Qays,0.433
urdu_0006,arabic_0066,urdu,arabic,Ghalib,Al-Hallaj,0.433
hindi_0022,english_0089,hindi,english,Kabir,e.e. cummings,0.4329
urdu_0012,english_0074,urdu,english,Ghalib,e.e. cummings,0.4327
hindi_0019,english_0074,hindi,english,Kabir,e.e. cummings,0.4327
english_0085,tamil_0099,english,tamil,Dylan Thomas,Kaniyan Pungundranar,0.4323
hindi_0021,sanskrit_0040,hindi,sanskrit,Kabir,Chandogya Upanishad,0.4323
urdu_0017,tamil_0096,urdu,tamil,Ghalib,Kaniyan Pungundranar,0.4321
urdu_0014,hindi_0028,urdu,hindi,Ghalib,Kabir,0.432
urdu_0014,tamil_0096,urdu,tamil,Ghalib,Kaniyan Pungundranar,0.432
urdu_0002,tamil_0105,urdu,tamil,Ghalib,Kaniyan Pungundranar,0.4319
urdu_0008,hindi_0028,urdu,hindi,Ghalib,Kabir,0.4319
hindi_0021,sanskrit_0039,hindi,sanskrit,Kabir,Upanishad,0.4317
sanskrit_0044,english_0083,sanskrit,english,Vedic tradition,e.e. cummings,0.4316
urdu_0003,english_0081,urdu,english,Ghalib,Keats,0.4314
urdu_0009,english_0074,urdu,english,Ghalib,e.e. cummings,0.4313
urdu_0017,tamil_0093,urdu,tamil,Ghalib,Kaniyan Pungundranar,0.4313
sanskrit_0038,arabic_0068,sanskrit,arabic,Vedic tradition,Arabic proverb,0.4312
urdu_0013,arabic_0062,urdu,arabic,Ghalib,Arabic proverb,0.4311
sanskrit_0049,english_0075,sanskrit,english,Chandogya Upanishad,Keats,0.431
hindi_0024,english_0082,hindi,english,Kabir,Dylan Thomas,0.431
sanskrit_0045,arabic_0066,sanskrit,arabic,Upanishad,Al-Hallaj,0.4309
sanskrit_0044,tamil_0105,sanskrit,tamil,Vedic tradition,Kaniyan Pungundranar,0.4308
arabic_0055,english_0081,arabic,english,Imru al-Qays,Keats,0.4307
hindi_0033,english_0076,hindi,english,Kabir,Dylan Thomas,0.4305
urdu_0004,arabic_0062,urdu,arabic,Ghalib,Arabic proverb,0.4305
arabic_0065,tamil_0094,arabic,tamil,Arabic proverb,Thiruvalluvar,0.4304
urdu_0008,hindi_0031,urdu,hindi,Ghalib,Kabir,0.4304
urdu_0013,english_0077,urdu,english,Ghalib,e.e. cummings,0.4304
hindi_0022,arabic_0056,hindi,arabic,Kabir,Arabic proverb,0.4304
hindi_0034,sanskrit_0037,hindi,sanskrit,Kabir,Chandogya Upanishad,0.4303
urdu_0008,tamil_0102,urdu,tamil,Ghalib,Kaniyan Pungundranar,0.4303
sanskrit_0044,tamil_0093,sanskrit,tamil,Vedic tradition,Kaniyan Pungundranar,0.43
english_0088,tamil_0099,english,tamil,Dylan Thomas,Kaniyan Pungundranar,0.43
hindi_0021,sanskrit_0052,hindi,sanskrit,Kabir,Chandogya Upanishad,0.43
urdu_0002,hindi_0022,urdu,hindi,Ghalib,Kabir,0.4299
hindi_0021,arabic_0058,hindi,arabic,Kabir,Imru al-Qays,0.4297
sanskrit_0050,english_0089,sanskrit,english,Vedic tradition,e.e. cummings,0.4297
urdu_0004,hindi_0024,urdu,hindi,Ghalib,Kabir,0.4295
sanskrit_0042,arabic_0057,sanskrit,arabic,Upanishad,Al-Hallaj,0.4295
urdu_0000,english_0081,urdu,english,Ghalib,Keats,0.4295
urdu_0006,english_0086,urdu,english,Ghalib,e.e. cummings,0.4292
hindi_0019,arabic_0054,hindi,arabic,Kabir,Al-Hallaj,0.4291
english_0084,tamil_0091,english,tamil,Keats,Thiruvalluvar,0.429
hindi_0021,arabic_0055,hindi,arabic,Kabir,Imru al-Qays,0.4289
urdu_0014,hindi_0031,urdu,hindi,Ghalib,Kabir,0.4288
urdu_0014,tamil_0093,urdu,tamil,Ghalib,Kaniyan Pungundranar,0.4288
english_0084,tamil_0094,english,tamil,Keats,Thiruvalluvar,0.4287
urdu_0017,arabic_0064,urdu,arabic,Ghalib,Imru al-Qays,0.4286
sanskrit_0038,tamil_0096,sanskrit,tamil,Vedic tradition,Kaniyan Pungundranar,0.4285
urdu_0001,hindi_0024,urdu,hindi,Ghalib,Kabir,0.4284
hindi_0025,arabic_0069,hindi,arabic,Kabir,Al-Hallaj,0.4283
urdu_0009,english_0081,urdu,english,Ghalib,Keats,0.4283
sanskrit_0045,english_0087,sanskrit,english,Upanishad,Keats,0.4283
hindi_0027,english_0088,hindi,english,Kabir,Dylan Thomas,0.4283
hindi_0022,sanskrit_0050,hindi,sanskrit,Kabir,Vedic tradition,0.4282
urdu_0012,english_0081,urdu,english,Ghalib,Keats,0.4282
urdu_0009,arabic_0068,urdu,arabic,Ghalib,Arabic proverb,0.4282
urdu_0007,arabic_0062,urdu,arabic,Ghalib,Arabic proverb,0.4281
urdu_0016,hindi_0024,urdu,hindi,Ghalib,Kabir,0.428
urdu_0008,tamil_0105,urdu,tamil,Ghalib,Kaniyan Pungundranar,0.428
urdu_0013,english_0083,urdu,english,Ghalib,e.e. cummings,0.4279
urdu_0005,tamil_0096,urdu,tamil,Ghalib,Kaniyan Pungundranar,0.4279
hindi_0027,english_0085,hindi,english,Kabir,Dylan Thomas,0.4278
arabic_0061,english_0081,arabic,english,Imru al-Qays,Keats,0.4278
hindi_0021,arabic_0063,hindi,arabic,Kabir,Al-Hallaj,0.4275
sanskrit_0041,tamil_0096,sanskrit,tamil,Vedic tradition,Kaniyan Pungundranar,0.4275
urdu_0005,tamil_0093,urdu,tamil,Ghalib,Kaniyan Pungundranar,0.4275
urdu_0015,arabic_0057,urdu,arabic,Ghalib,Al-Hallaj,0.4273
sanskrit_0047,arabic_0068,sanskrit,arabic,Vedic tradition,Arabic proverb,0.4273
hindi_0021,sanskrit_0037,hindi,sanskrit,Kabir,Chandogya Upanishad,0.4273
sanskrit_0038,tamil_0102,sanskrit,tamil,Vedic tradition,Kaniyan Pungundranar,0.4271
sanskrit_0041,arabic_0068,sanskrit,arabic,Vedic tradition,Arabic proverb,0.427
hindi_0034,english_0075,hindi,english,Kabir,Keats,0.4269
urdu_0011,tamil_0096,urdu,tamil,Ghalib,Kaniyan Pungundranar,0.4269
sanskrit_0036,english_0087,sanskrit,english,Upanishad,Keats,0.4269
hindi_0021,arabic_0067,hindi,arabic,Kabir,Imru al-Qays,0.4269
sanskrit_0039,arabic_0057,sanskrit,arabic,Upanishad,Al-Hallaj,0.4267
urdu_0017,hindi_0019,urdu,hindi,Ghalib,Kabir,0.4267
sanskrit_0044,english_0089,sanskrit,english,Vedic tradition,e.e. cummings,0.4264
sanskrit_0041,tamil_0102,sanskrit,tamil,Vedic tradition,Kaniyan Pungundranar,0.4263
urdu_0011,tamil_0093,urdu,tamil,Ghalib,Kaniyan Pungundranar,0.4263
sanskrit_0042,english_0087,sanskrit,english,Upanishad,Keats,0.4262
sanskrit_0048,arabic_0057,sanskrit,arabic,Upanishad,Al-Hallaj,0.4261
hindi_0025,english_0089,hindi,english,Kabir,e.e. cummings,0.4259
sanskrit_0050,arabic_0059,sanskrit,arabic,Vedic tradition,Arabic proverb,0.4257
english_0089,tamil_0099,english,tamil,e.e. cummings,Kaniyan Pungundranar,0.4257
english_0084,tamil_0100,english,tamil,Keats,Thiruvalluvar,0.4255
arabic_0063,tamil_0104,arabic,tamil,Al-Hallaj,Thiruvalluvar,0.4255
hindi_0025,arabic_0054,hindi,arabic,Kabir,Al-Hallaj,0.4246
sanskrit_0049,english_0083,sanskrit,english,Chandogya Upanishad,e.e. cummings,0.4245
urdu_0006,english_0081,urdu,english,Ghalib,Keats,0.4241
urdu_0006,english_0074,urdu,english,Ghalib,e.e. cummings,0.4241
sanskrit_0040,english_0075,sanskrit,english,Chandogya Upanishad,Keats,0.424
urdu_0011,hindi_0019,urdu,hindi,Ghalib,Kabir,0.4239
urdu_0005,hindi_0019,urdu,hindi,Ghalib,Kabir,0.4238
english_0076,tamil_0099,english,tamil,Dylan Thomas,Kaniyan Pungundranar,0.4237
urdu_0010,hindi_0021,urdu,hindi,Ghalib,Kabir,0.4235
hindi_0021,arabic_0060,hindi,arabic,Kabir,Al-Hallaj,0.4235
sanskrit_0051,english_0087,sanskrit,english,Upanishad,Keats,0.4235
hindi_0021,sanskrit_0048,hindi,sanskrit,Kabir,Upanishad,0.4235
urdu_0013,hindi_0024,urdu,hindi,Ghalib,Kabir,0.4233
urdu_0007,hindi_0024,urdu,hindi,Ghalib,Kabir,0.4233
hindi_0028,english_0089,hindi,english,Kabir,e.e. cummings,0.4232
english_0072,tamil_0096,english,tamil,Keats,Kaniyan Pungundranar,0.4232
urdu_0014,hindi_0022,urdu,hindi,Ghalib,Kabir,0.4232
urdu_0008,hindi_0022,urdu,hindi,Ghalib,Kabir,0.4231
sanskrit_0043,arabic_0059,sanskrit,arabic,Chandogya Upanishad,Arabic proverb,0.4231
sanskrit_0046,english_0075,sanskrit,english,Chandogya Upanishad,Keats,0.423
hindi_0021,arabic_0070,hindi,arabic,Kabir,Imru al-Qays,0.4229
sanskrit_0038,tamil_0093,sanskrit,tamil,Vedic tradition,Kaniyan Pungundranar,0.4228
english_0084,tamil_0103,english,tamil,Keats,Thiruvalluvar,0.4227
sanskrit_0039,english_0087,sanskrit,english,Upanishad,Keats,0.4227
hindi_0028,sanskrit_0050,hindi,sanskrit,Kabir,Vedic tradition,0.4227
hindi_0033,english_0082,hindi,english,Kabir,Dylan Thomas,0.4227
urdu_0000,english_0089,urdu,english,Ghalib,e.e. cummings,0.4226
urdu_0003,arabic_0057,urdu,arabic,Ghalib,Al-Hallaj,0.4225
sanskrit_0046,arabic_0059,sanskrit,arabic,Chandogya Upanishad,Arabic proverb,0.4225
sanskrit_0052,english_0075,sanskrit,english,Chandogya Upanishad,Keats,0.4225
hindi_0027,english_0075,hindi,english,Kabir,Keats,0.4225
sanskrit_0049,arabic_0059,sanskrit,arabic,Chandogya Upanishad,Arabic proverb,0.4224
urdu_0011,arabic_0064,urdu,arabic,Ghalib,Imru al-Qays,0.4223
hindi_0023,tamil_0099,hindi,tamil,Mirabai,Kaniyan Pungundranar,0.4223
sanskrit_0038,tamil_0105,sanskrit,tamil,Vedic tradition,Kaniyan Pungundranar,0.422
urdu_0015,english_0081,urdu,english,Ghalib,Keats,0.422
urdu_0003,english_0089,urdu,english,Ghalib,e.e. cummings,0.4218
sanskrit_0049,english_0077,sanskrit,english,Chandogya Upanishad,e.e. cummings,0.4217
sanskrit_0046,english_0083,sanskrit,english,Chandogya Upanishad,e.e. cummings,0.4216
arabic_0063,tamil_0092,arabic,tamil,Al-Hallaj,Thiruvalluvar,0.4213
urdu_0006,arabic_0068,urdu,arabic,Ghalib,Arabic proverb,0.4213
hindi_0025,sanskrit_0050,hindi,sanskrit,Kabir,Vedic tradition,0.4211
urdu_0002,tamil_0093,urdu,tamil,Ghalib,Kaniyan Pungundranar,0.4209
sanskrit_0053,tamil_0090,sanskrit,tamil,Vedic tradition,Kaniyan Pungundranar,0.4209
sanskrit_0041,tamil_0105,sanskrit,tamil,Vedic tradition,Kaniyan Pungundranar,0.4209
sanskrit_0037,english_0075,sanskrit,english,Chandogya Upanishad,Keats,0.4209
sanskrit_0041,tamil_0093,sanskrit,tamil,Vedic tradition,Kaniyan Pungundranar,0.4209
sanskrit_0044,arabic_0071,sanskrit,arabic,Vedic tradition,Arabic proverb,0.4208
english_0080,tamil_0099,english,tamil,e.e. cummings,Kaniyan Pungundranar,0.4208
urdu_0009,arabic_0057,urdu,arabic,Ghalib,Al-Hallaj,0.4204
hindi_0032,tamil_0099,hindi,tamil,Mirabai,Kaniyan Pungundranar,0.4203
hindi_0026,tamil_0099,hindi,tamil,Mirabai,Kaniyan Pungundranar,0.4201
urdu_0002,tamil_0096,urdu,tamil,Ghalib,Kaniyan Pungundranar,0.42
hindi_0020,tamil_0095,hindi,tamil,Mirabai,Thiruvalluvar,0.4199
urdu_0000,arabic_0057,urdu,arabic,Ghalib,Al-Hallaj,0.4198
sanskrit_0051,arabic_0057,sanskrit,arabic,Upanishad,Al-Hallaj,0.4197
urdu_0005,arabic_0064,urdu,arabic,Ghalib,Imru al-Qays,0.4197
sanskrit_0048,english_0087,sanskrit,english,Upanishad,Keats,0.4196
sanskrit_0044,arabic_0056,sanskrit,arabic,Vedic tradition,Arabic proverb,0.4195
arabic_0064,english_0081,arabic,english,Imru al-Qays,Keats,0.4191
hindi_0020,tamil_0104,hindi,tamil,Mirabai,Thiruvalluvar,0.4191
urdu_0017,hindi_0025,urdu,hindi,Ghalib,Kabir,0.419
sanskrit_0046,english_0077,sanskrit,english,Chandogya Upanishad,e.e. cummings,0.4188
hindi_0031,sanskrit_0050,hindi,sanskrit,Kabir,Vedic tradition,0.4188
hindi_0035,tamil_0099,hindi,tamil,Mirabai,Kaniyan Pungundranar,0.4187
hindi_0019,english_0089,hindi,english,Kabir,e.e. cummings,0.4184
hindi_0034,sanskrit_0043,hindi,sanskrit,Kabir,Chandogya Upanishad,0.4183
urdu_0004,hindi_0021,urdu,hindi,Ghalib,Kabir,0.4183
english_0082,tamil_0099,english,tamil,Dylan Thomas,Kaniyan Pungundranar,0.4183
hindi_0021,sanskrit_0051,hindi,sanskrit,Kabir,Upanishad,0.4183
hindi_0031,english_0089,hindi,english,Kabir,e.e. cummings,0.4181
urdu_0010,english_0074,urdu,english,Ghalib,e.e. cummings,0.4181
hindi_0021,english_0079,hindi,english,Kabir,Dylan Thomas,0.418
hindi_0019,sanskrit_0050,hindi,sanskrit,Kabir,Vedic tradition,0.4177
urdu_0016,hindi_0021,urdu,hindi,Ghalib,Kabir,0.4176
hindi_0022,sanskrit_0044,hindi,sanskrit,Kabir,Vedic tradition,0.4176
hindi_0018,english_0084,hindi,english,Kabir,Keats,0.4175
urdu_0012,arabic_0057,urdu,arabic,Ghalib,Al-Hallaj,0.4175
arabic_0063,tamil_0101,arabic,tamil,Al-Hallaj,Thiruvalluvar,0.4174
arabic_0062,tamil_0094,arabic,tamil,Arabic proverb,Thiruvalluvar,0.4174
hindi_0019,english_0075,hindi,english,Kabir,Keats,0.4173
sanskrit_0040,english_0083,sanskrit,english,Chandogya Upanishad,e.e. cummings,0.4172
urdu_0015,arabic_0068,urdu,arabic,Ghalib,Arabic proverb,0.4171
hindi_0022,sanskrit_0038,hindi,sanskrit,Kabir,Vedic tradition,0.417
english_0084,tamil_0097,english,tamil,Keats,Thiruvalluvar,0.4169
urdu_0008,tamil_0093,urdu,tamil,Ghalib,Kaniyan Pungundranar,0.4169
urdu_0009,english_0089,urdu,english,Ghalib,e.e. cummings,0.4163
urdu_0005,hindi_0025,urdu,hindi,Ghalib,Kabir,0.4163
arabic_0065,tamil_0091,arabic,tamil,Arabic proverb,Thiruvalluvar,0.4163
urdu_0010,english_0086,urdu,english,Ghalib,e.e. cummings,0.416
english_0072,tamil_0090,english,tamil,Keats,Kaniyan Pungundranar,0.416
urdu_0015,english_0086,urdu,english,Ghalib,e.e. cummings,0.416
sanskrit_0052,english_0083,sanskrit,english,Chandogya Upanishad,e.e. cummings,0.4159
sanskrit_0045,arabic_0057,sanskrit,arabic,Upanishad,Al-Hallaj,0.4159
urdu_0006,arabic_0057,urdu,arabic,Ghalib,Al-Hallaj,0.4158
urdu_0001,hindi_0021,urdu,hindi,Ghalib,Kabir,0.4158
urdu_0012,english_0089,urdu,english,Ghalib,e.e. cummings,0.4158
urdu_0011,hindi_0025,urdu,hindi,Ghalib,Kabir,0.4158
urdu_0008,tamil_0096,urdu,tamil,Ghalib,Kaniyan Pungundranar,0.4157
sanskrit_0040,arabic_0059,sanskrit,arabic,Chandogya Upanishad,Arabic proverb,0.4152
arabic_0063,tamil_0095,arabic,tamil,Al-Hallaj,Thiruvalluvar,0.4151
hindi_0025,sanskrit_0038,hindi,sanskrit,Kabir,Vedic tradition,0.415
sanskrit_0039,english_0079,sanskrit,english,Upanishad,Dylan Thomas,0.415
hindi_0027,english_0076,hindi,english,Kabir,Dylan Thomas,0.415
hindi_0021,sanskrit_0045,hindi,sanskrit,Kabir,Upanishad,0.4149
arabic_0063,tamil_0098,arabic,tamil,Al-Hallaj,Thiruvalluvar,0.4148
sanskrit_0050,arabic_0068,sanskrit,arabic,Vedic tradition,Arabic proverb,0.4147
hindi_0031,arabic_0066,hindi,arabic,Kabir,Al-Hallaj,0.4147
english_0072,tamil_0099,english,tamil,Keats,Kaniyan Pungundranar,0.4144
hindi_0027,english_0082,hindi,english,Kabir,Dylan Thomas,0.4144
hindi_0025,english_0075,hindi,english,Kabir,Keats,0.4144
sanskrit_0049,english_0080,sanskrit,english,Chandogya Upanishad,e.e. cummings,0.4141
urdu_0000,sanskrit_0050,urdu,sanskrit,Ghalib,Vedic tradition,0.414
sanskrit_0036,arabic_0071,sanskrit,arabic,Upanishad,Arabic proverb,0.4139
urdu_0003,sanskrit_0050,urdu,sanskrit,Ghalib,Vedic tradition,0.4137
urdu_0013,hindi_0021,urdu,hindi,Ghalib,Kabir,0.4136
sanskrit_0037,english_0083,sanskrit,english,Chandogya Upanishad,e.e. cummings,0.4136
urdu_0010,arabic_0069,urdu,arabic,Ghalib,Al-Hallaj,0.4135
urdu_0007,hindi_0021,urdu,hindi,Ghalib,Kabir,0.4133
english_0072,tamil_0101,english,tamil,Keats,Thiruvalluvar,0.4132
sanskrit_0040,english_0077,sanskrit,english,Chandogya Upanishad,e.e. cummings,0.4131
hindi_0020,tamil_0101,hindi,tamil,Mirabai,Thiruvalluvar,0.4126
urdu_0014,hindi_0019,urdu,hindi,Ghalib,Kabir,0.4125
hindi_0020,tamil_0098,hindi,tamil,Mirabai,Thiruvalluvar,0.4124
hindi_0025,sanskrit_0044,hindi,sanskrit,Kabir,Vedic tradition,0.4122
urdu_0002,hindi_0019,urdu,hindi,Ghalib,Kabir,0.412
hindi_0030,english_0084,hindi,english,Kabir,Keats,0.412
urdu_0015,english_0074,urdu,english,Ghalib,e.e. cummings,0.4118
english_0072,tamil_0092,english,tamil,Keats,Thiruvalluvar,0.4118
sanskrit_0052,arabic_0069,sanskrit,arabic,Chandogya Upanishad,Al-Hallaj,0.4115
sanskrit_0036,english_0079,sanskrit,english,Upanishad,Dylan Thomas,0.4115
english_0085,tamil_0095,english,tamil,Dylan Thomas,Thiruvalluvar,0.4115
urdu_0016,english_0074,urdu,english,Ghalib,e.e. cummings,0.4113
urdu_0001,english_0074,urdu,english,Ghalib,e.e. cummings,0.4113
hindi_0021,english_0088,hindi,english,Kabir,Dylan Thomas,0.4112
hindi_0028,arabic_0066,hindi,arabic,Kabir,Al-Hallaj,0.4112
urdu_0006,sanskrit_0050,urdu,sanskrit,Ghalib,Vedic tradition,0.4112
sanskrit_0052,english_0077,sanskrit,english,Chandogya Upanishad,e.e. cummings,0.411
english_0085,tamil_0104,english,tamil,Dylan Thomas,Thiruvalluvar,0.411
urdu_0001,english_0086,urdu,english,Ghalib,e.e. cummings,0.4109
urdu_0017,arabic_0068,urdu,arabic,Ghalib,Arabic proverb,0.4109
urdu_0009,sanskrit_0050,urdu,sanskrit,Ghalib,Vedic tradition,0.4109
sanskrit_0046,english_0080,sanskrit,english,Chandogya Upanishad,e.e. cummings,0.4108
urdu_0012,sanskrit_0050,urdu,sanskrit,Ghalib,Vedic tradition,0.4107
sanskrit_0036,arabic_0063,sanskrit,arabic,Upanishad,Al-Hallaj,0.4106
hindi_0020,tamil_0092,hindi,tamil,Mirabai,Thiruvalluvar,0.4106
sanskrit_0050,arabic_0071,sanskrit,arabic,Vedic tradition,Arabic proverb,0.4106
hindi_0021,english_0085,hindi,english,Kabir,Dylan Thomas,0.4106
hindi_0019,sanskrit_0038,hindi,sanskrit,Kabir,Vedic tradition,0.4103
arabic_0070,english_0075,arabic,english,Imru al-Qays,Keats,0.4102
english_0087,tamil_0094,english,tamil,Keats,Thiruvalluvar,0.4101
english_0079,tamil_0095,english,tamil,Dylan Thomas,Thiruvalluvar,0.41
urdu_0016,english_0086,urdu,english,Ghalib,e.e. cummings,0.4099
sanskrit_0052,english_0085,sanskrit,english,Chandogya Upanishad,Dylan Thomas,0.4097
urdu_0006,english_0089,urdu,english,Ghalib,e.e. cummings,0.4097
hindi_0034,english_0077,hindi,english,Kabir,e.e. cummings,0.4096
hindi_0028,sanskrit_0044,hindi,sanskrit,Kabir,Vedic tradition,0.4096
sanskrit_0043,english_0081,sanskrit,english,Chandogya Upanishad,Keats,0.4096
sanskrit_0041,english_0086,sanskrit,english,Vedic tradition,e.e. cummings,0.4096
english_0087,tamil_0091,english,tamil,Keats,Thiruvalluvar,0.4096
hindi_0031,english_0079,hindi,english,Kabir,Dylan Thomas,0.4094
hindi_0022,arabic_0066,hindi,arabic,Kabir,Al-Hallaj,0.4094
hindi_0029,tamil_0099,hindi,tamil,Mirabai,Kaniyan Pungundranar,0.4093
sanskrit_0037,english_0077,sanskrit,english,Chandogya Upanishad,e.e. cummings,0.4093
sanskrit_0039,english_0085,sanskrit,english,Upanishad,Dylan Thomas,0.4093
sanskrit_0050,tamil_0095,sanskrit,tamil,Vedic tradition,Thiruvalluvar,0.4092
english_0072,tamil_0093,english,tamil,Keats,Kaniyan Pungundranar,0.409
english_0079,tamil_0104,english,tamil,Dylan Thomas,Thiruvalluvar,0.409
hindi_0021,english_0081,hindi,english,Kabir,Keats,0.409
english_0087,tamil_0100,english,tamil,Keats,Thiruvalluvar,0.4089
hindi_0019,english_0079,hindi,english,Kabir,Dylan Thomas,0.4089
sanskrit_0040,arabic_0069,sanskrit,arabic,Chandogya Upanishad,Al-Hallaj,0.4088
english_0085,tamil_0101,english,tamil,Dylan Thomas,Thiruvalluvar,0.4088
arabic_0065,tamil_0097,arabic,tamil,Arabic proverb,Thiruvalluvar,0.4086
sanskrit_0042,english_0079,sanskrit,english,Upanishad,Dylan Thomas,0.4086
sanskrit_0043,english_0083,sanskrit,english,Chandogya Upanishad,e.e. cummings,0.4085
sanskrit_0042,arabic_0071,sanskrit,arabic,Upanishad,Arabic proverb,0.4084
sanskrit_0039,arabic_0071,sanskrit,arabic,Upanishad,Arabic proverb,0.4081
arabic_0061,english_0075,arabic,english,Imru al-Qays,Keats,0.4079
sanskrit_0037,arabic_0059,sanskrit,arabic,Chandogya Upanishad,Arabic proverb,0.4077
sanskrit_0048,english_0079,sanskrit,english,Upanishad,Dylan Thomas,0.4076
hindi_0028,sanskrit_0038,hindi,sanskrit,Kabir,Vedic tradition,0.4076
hindi_0028,arabic_0056,hindi,arabic,Kabir,Arabic proverb,0.4075
sanskrit_0048,arabic_0071,sanskrit,arabic,Upanishad,Arabic proverb,0.4075
sanskrit_0052,english_0079,sanskrit,english,Chandogya Upanishad,Dylan Thomas,0.4075
hindi_0022,english_0075,hindi,english,Kabir,Keats,0.4071
sanskrit_0053,tamil_0096,sanskrit,tamil,Vedic tradition,Kaniyan Pungundranar,0.4071
arabic_0067,english_0075,arabic,english,Imru al-Qays,Keats,0.407
hindi_0019,arabic_0066,hindi,arabic,Kabir,Al-Hallaj,0.407
urdu_0004,english_0074,urdu,english,Ghalib,e.e. cummings,0.4066
hindi_0019,sanskrit_0044,hindi,sanskrit,Kabir,Vedic tradition,0.4066
urdu_0008,hindi_0019,urdu,hindi,Ghalib,Kabir,0.4066
english_0085,tamil_0098,english,tamil,Dylan Thomas,Thiruvalluvar,0.4066
sanskrit_0042,arabic_0063,sanskrit,arabic,Upanishad,Al-Hallaj,0.4064
sanskrit_0053,tamil_0102,sanskrit,tamil,Vedic tradition,Kaniyan Pungundranar,0.4063
sanskrit_0040,english_0080,sanskrit,english,Chandogya Upanishad,e.e. cummings,0.4063
sanskrit_0051,english_0079,sanskrit,english,Upanishad,Dylan Thomas,0.4062
urdu_0014,hindi_0025,urdu,hindi,Ghalib,Kabir,0.4061
sanskrit_0051,arabic_0071,sanskrit,arabic,Upanishad,Arabic proverb,0.4061
arabic_0062,tamil_0091,arabic,tamil,Arabic proverb,Thiruvalluvar,0.406
english_0072,tamil_0105,english,tamil,Keats,Kaniyan Pungundranar,0.406
sanskrit_0041,english_0074,sanskrit,english,Vedic tradition,e.e. cummings,0.406
hindi_0020,tamil_0102,hindi,tamil,Mirabai,Kaniyan Pungundranar,0.4059
hindi_0031,arabic_0056,hindi,arabic,Kabir,Arabic proverb,0.4059
english_0072,tamil_0102,english,tamil,Keats,Kaniyan Pungundranar,0.4058
english_0079,tamil_0101,english,tamil,Dylan Thomas,Thiruvalluvar,0.4057
sanskrit_0037,arabic_0069,sanskrit,arabic,Chandogya Upanishad,Al-Hallaj,0.4056
english_0079,tamil_0098,english,tamil,Dylan Thomas,Thiruvalluvar,0.4055
sanskrit_0052,arabic_0054,sanskrit,arabic,Chandogya Upanishad,Al-Hallaj,0.4055
english_0085,tamil_0092,english,tamil,Dylan Thomas,Thiruvalluvar,0.4055
urdu_0015,arabic_0063,urdu,arabic,Ghalib,Al-Hallaj,0.4054
urdu_0004,english_0086,urdu,english,Ghalib,e.e. cummings,0.4054
sanskrit_0036,english_0085,sanskrit,english,Upanishad,Dylan Thomas,0.4053
sanskrit_0044,arabic_0068,sanskrit,arabic,Vedic tradition,Arabic proverb,0.4053
sanskrit_0052,arabic_0059,sanskrit,arabic,Chandogya Upanishad,Arabic proverb,0.4052
sanskrit_0052,english_0080,sanskrit,english,Chandogya Upanishad,e.e. cummings,0.4052
sanskrit_0050,arabic_0056,sanskrit,arabic,Vedic tradition,Arabic proverb,0.405
urdu_0007,english_0074,urdu,english,Ghalib,e.e. cummings,0.405
sanskrit_0040,arabic_0054,sanskrit,arabic,Chandogya Upanishad,Al-Hallaj,0.4049
sanskrit_0043,english_0077,sanskrit,english,Chandogya Upanishad,e.e. cummings,0.4049
urdu_0005,arabic_0068,urdu,arabic,Ghalib,Arabic proverb,0.4048
urdu_0000,sanskrit_0044,urdu,sanskrit,Ghalib,Vedic tradition,0.4047
urdu_0003,sanskrit_0044,urdu,sanskrit,Ghalib,Vedic tradition,0.4046
sanskrit_0039,english_0076,sanskrit,english,Upanishad,Dylan Thomas,0.4044
english_0079,tamil_0092,english,tamil,Dylan Thomas,Thiruvalluvar,0.4043
english_0087,tamil_0103,english,tamil,Keats,Thiruvalluvar,0.404
urdu_0002,hindi_0025,urdu,hindi,Ghalib,Kabir,0.404
hindi_0031,sanskrit_0044,hindi,sanskrit,Kabir,Vedic tradition,0.404
sanskrit_0044,tamil_0095,sanskrit,tamil,Vedic tradition,Thiruvalluvar,0.4039
sanskrit_0039,arabic_0063,sanskrit,arabic,Upanishad,Al-Hallaj,0.4038
sanskrit_0045,english_0078,sanskrit,english,Upanishad,Keats,0.4038
english_0073,tamil_0101,english,tamil,Dylan Thomas,Thiruvalluvar,0.4037
hindi_0031,sanskrit_0038,hindi,sanskrit,Kabir,Vedic tradition,0.4037
hindi_0022,sanskrit_0041,hindi,sanskrit,Kabir,Vedic tradition,0.4036
hindi_0022,english_0079,hindi,english,Kabir,Dylan Thomas,0.4036
arabic_0058,english_0081,arabic,english,Imru al-Qays,Keats,0.4034
urdu_0007,english_0086,urdu,english,Ghalib,e.e. cummings,0.4033
sanskrit_0043,arabic_0071,sanskrit,arabic,Chandogya Upanishad,Arabic proverb,0.4032
sanskrit_0040,english_0085,sanskrit,english,Chandogya Upanishad,Dylan Thomas,0.4032
sanskrit_0052,english_0073,sanskrit,english,Chandogya Upanishad,Dylan Thomas,0.4032
hindi_0028,english_0079,hindi,english,Kabir,Dylan Thomas,0.4031
arabic_0055,english_0075,arabic,english,Imru al-Qays,Keats,0.4031
urdu_0010,arabic_0054,urdu,arabic,Ghalib,Al-Hallaj,0.403
urdu_0011,arabic_0068,urdu,arabic,Ghalib,Arabic proverb,0.403
hindi_0034,english_0080,hindi,english,Kabir,e.e. cummings,0.403
urdu_0001,arabic_0069,urdu,arabic,Ghalib,Al-Hallaj,0.4029
sanskrit_0040,english_0073,sanskrit,english,Chandogya Upanishad,Dylan Thomas,0.4028
hindi_0025,arabic_0066,hindi,arabic,Kabir,Al-Hallaj,0.4028
sanskrit_0053,tamil_0093,sanskrit,tamil,Vedic tradition,Kaniyan Pungundranar,0.4027
arabic_0065,tamil_0103,arabic,tamil,Arabic proverb,Thiruvalluvar,0.4027
urdu_0016,arabic_0069,urdu,arabic,Ghalib,Al-Hallaj,0.4027
arabic_0064,english_0075,arabic,english,Imru al-Qays,Keats,0.4023
english_0082,tamil_0095,english,tamil,Dylan Thomas,Thiruvalluvar,0.4023
sanskrit_0050,tamil_0101,sanskrit,tamil,Vedic tradition,Thiruvalluvar,0.4023
sanskrit_0045,english_0079,sanskrit,english,Upanishad,Dylan Thomas,0.4022
urdu_0002,arabic_0064,urdu,arabic,Ghalib,Imru al-Qays,0.4022
sanskrit_0037,arabic_0054,sanskrit,arabic,Chandogya Upanishad,Al-Hallaj,0.4021
sanskrit_0037,english_0080,sanskrit,english,Chandogya Upanishad,e.e. cummings,0.4021
urdu_0012,sanskrit_0044,urdu,sanskrit,Ghalib,Vedic tradition,0.402
english_0082,tamil_0101,english,tamil,Dylan Thomas,Thiruvalluvar,0.4019
urdu_0001,english_0081,urdu,english,Ghalib,Keats,0.4018
urdu_0006,sanskrit_0044,urdu,sanskrit,Ghalib,Vedic tradition,0.4017
sanskrit_0048,arabic_0063,sanskrit,arabic,Upanishad,Al-Hallaj,0.4017
english_0088,tamil_0095,english,tamil,Dylan Thomas,Thiruvalluvar,0.4017
hindi_0020,tamil_0090,hindi,tamil,Mirabai,Kaniyan Pungundranar,0.4015
hindi_0020,tamil_0105,hindi,tamil,Mirabai,Kaniyan Pungundranar,0.4015
urdu_0009,sanskrit_0044,urdu,sanskrit,Ghalib,Vedic tradition,0.4014
sanskrit_0053,tamil_0105,sanskrit,tamil,Vedic tradition,Kaniyan Pungundranar,0.4014
english_0088,tamil_0104,english,tamil,Dylan Thomas,Thiruvalluvar,0.4014
english_0076,tamil_0095,english,tamil,Dylan Thomas,Thiruvalluvar,0.4014
arabic_0060,tamil_0100,arabic,tamil,Al-Hallaj,Thiruvalluvar,0.4013
sanskrit_0049,arabic_0069,sanskrit,arabic,Chandogya Upanishad,Al-Hallaj,0.4013
sanskrit_0052,english_0076,sanskrit,english,Chandogya Upanishad,Dylan Thomas,0.4013
sanskrit_0039,english_0088,sanskrit,english,Upanishad,Dylan Thomas,0.4013
hindi_0025,sanskrit_0041,hindi,sanskrit,Kabir,Vedic tradition,0.4013
sanskrit_0042,english_0078,sanskrit,english,Upanishad,Keats,0.4012
sanskrit_0042,english_0085,sanskrit,english,Upanishad,Dylan Thomas,0.4012
sanskrit_0036,english_0078,sanskrit,english,Upanishad,Keats,0.4012
sanskrit_0040,english_0079,sanskrit,english,Chandogya Upanishad,Dylan Thomas,0.4012
hindi_0018,english_0083,hindi,english,Kabir,e.e. cummings,0.4012
english_0072,tamil_0098,english,tamil,Keats,Thiruvalluvar,0.401
sanskrit_0046,arabic_0069,sanskrit,arabic,Chandogya Upanishad,Al-Hallaj,0.401
sanskrit_0036,english_0076,sanskrit,english,Upanishad,Dylan Thomas,0.4009
hindi_0034,arabic_0069,hindi,arabic,Kabir,Al-Hallaj,0.4009
english_0076,tamil_0104,english,tamil,Dylan Thomas,Thiruvalluvar,0.4005
sanskrit_0051,arabic_0063,sanskrit,arabic,Upanishad,Al-Hallaj,0.4004
urdu_0015,english_0089,urdu,english,Ghalib,e.e. cummings,0.4003
english_0082,tamil_0098,english,tamil,Dylan Thomas,Thiruvalluvar,0.4001
sanskrit_0038,english_0086,sanskrit,english,Vedic tradition,e.e. cummings,0.4
urdu_0013,english_0074,urdu,english,Ghalib,e.e. cummings,0.4
arabic_0060,tamil_0094,arabic,tamil,Al-Hallaj,Thiruvalluvar,0.4
sanskrit_0037,english_0085,sanskrit,english,Chandogya Upanishad,Dylan Thomas,0.3999
sanskrit_0041,english_0077,sanskrit,english,Vedic tradition,e.e. cummings,0.3998
urdu_0003,arabic_0063,urdu,arabic,Ghalib,Al-Hallaj,0.3998
english_0072,tamil_0095,english,tamil,Keats,Thiruvalluvar,0.3997
sanskrit_0050,tamil_0092,sanskrit,tamil,Vedic tradition,Thiruvalluvar,0.3997
english_0088,tamil_0101,english,tamil,Dylan Thomas,Thiruvalluvar,0.3997
sanskrit_0037,english_0079,sanskrit,english,Chandogya Upanishad,Dylan Thomas,0.3995
sanskrit_0041,english_0083,sanskrit,english,Vedic tradition,e.e. cummings,0.3995
sanskrit_0051,english_0078,sanskrit,english,Upanishad,Keats,0.3994
english_0082,tamil_0104,english,tamil,Dylan Thomas,Thiruvalluvar,0.3992
english_0078,tamil_0094,english,tamil,Keats,Thiruvalluvar,0.3992
english_0078,tamil_0091,english,tamil,Keats,Thiruvalluvar,0.399
urdu_0008,hindi_0025,urdu,hindi,Ghalib,Kabir,0.3989
arabic_0062,tamil_0097,arabic,tamil,Arabic proverb,Thiruvalluvar,0.3987
english_0076,tamil_0101,english,tamil,Dylan Thomas,Thiruvalluvar,0.3987
arabic_0060,tamil_0091,arabic,tamil,Al-Hallaj,Thiruvalluvar,0.3987
sanskrit_0049,english_0074,sanskrit,english,Chandogya Upanishad,e.e. cummings,0.3987
english_0082,tamil_0092,english,tamil,Dylan Thomas,Thiruvalluvar,0.3986
english_0076,tamil_0098,english,tamil,Dylan Thomas,Thiruvalluvar,0.3985
english_0087,tamil_0097,english,tamil,Keats,Thiruvalluvar,0.3985
english_0073,tamil_0095,english,tamil,Dylan Thomas,Thiruvalluvar,0.3984
urdu_0013,english_0086,urdu,english,Ghalib,e.e. cummings,0.3984
english_0073,tamil_0092,english,tamil,Dylan Thomas,Thiruvalluvar,0.3983
english_0073,tamil_0104,english,tamil,Dylan Thomas,Thiruvalluvar,0.3983
sanskrit_0044,tamil_0101,sanskrit,tamil,Vedic tradition,Thiruvalluvar,0.3982
sanskrit_0049,arabic_0054,sanskrit,arabic,Chandogya Upanishad,Al-Hallaj,0.3981
urdu_0008,arabic_0064,urdu,arabic,Ghalib,Imru al-Qays,0.398
sanskrit_0036,english_0088,sanskrit,english,Upanishad,Dylan Thomas,0.398
urdu_0000,arabic_0063,urdu,arabic,Ghalib,Al-Hallaj,0.3979
english_0088,tamil_0098,english,tamil,Dylan Thomas,Thiruvalluvar,0.3979
english_0076,tamil_0092,english,tamil,Dylan Thomas,Thiruvalluvar,0.3978
hindi_0018,english_0077,hindi,english,Kabir,e.e. cummings,0.3977
urdu_0016,english_0081,urdu,english,Ghalib,Keats,0.3977
sanskrit_0052,english_0088,sanskrit,english,Chandogya Upanishad,Dylan Thomas,0.3976
sanskrit_0050,tamil_0098,sanskrit,tamil,Vedic tradition,Thiruvalluvar,0.3976
sanskrit_0046,arabic_0054,sanskrit,arabic,Chandogya Upanishad,Al-Hallaj,0.3976
sanskrit_0044,tamil_0092,sanskrit,tamil,Vedic tradition,Thiruvalluvar,0.3975
hindi_0021,english_0076,hindi,english,Kabir,Dylan Thomas,0.3974
sanskrit_0051,english_0085,sanskrit,english,Upanishad,Dylan Thomas,0.3974
urdu_0014,tamil_0099,urdu,tamil,Ghalib,Kaniyan Pungundranar,0.3974
sanskrit_0045,arabic_0071,sanskrit,arabic,Upanishad,Arabic proverb,0.3973
english_0088,tamil_0092,english,tamil,Dylan Thomas,Thiruvalluvar,0.3973
sanskrit_0042,english_0076,sanskrit,english,Upanishad,Dylan Thomas,0.3972
hindi_0030,english_0083,hindi,english,Kabir,e.e. cummings,0.3972
hindi_0019,sanskrit_0041,hindi,sanskrit,Kabir,Vedic tradition,0.3971
urdu_0009,arabic_0063,urdu,arabic,Ghalib,Al-Hallaj,0.397
sanskrit_0039,english_0078,sanskrit,english,Upanishad,Keats,0.397
urdu_0008,arabic_0068,urdu,arabic,Ghalib,Arabic proverb,0.397
urdu_0010,english_0081,urdu,english,Ghalib,Keats,0.397
arabic_0068,tamil_0094,arabic,tamil,Arabic proverb,Thiruvalluvar,0.397
hindi_0025,english_0079,hindi,english,Kabir,Dylan Thomas,0.397
hindi_0019,english_0085,hindi,english,Kabir,Dylan Thomas,0.3969
sanskrit_0048,english_0085,sanskrit,english,Upanishad,Dylan Thomas,0.3968
sanskrit_0050,tamil_0099,sanskrit,tamil,Vedic tradition,Kaniyan Pungundranar,0.3967
sanskrit_0049,english_0086,sanskrit,english,Chandogya Upanishad,e.e. cummings,0.3965
sanskrit_0038,english_0074,sanskrit,english,Vedic tradition,e.e. cummings,0.3965
sanskrit_0045,english_0085,sanskrit,english,Upanishad,Dylan Thomas,0.3964
sanskrit_0037,english_0073,sanskrit,english,Chandogya Upanishad,Dylan Thomas,0.3963
sanskrit_0045,arabic_0063,sanskrit,arabic,Upanishad,Al-Hallaj,0.3963
sanskrit_0040,arabic_0057,sanskrit,arabic,Chandogya Upanishad,Al-Hallaj,0.3962
sanskrit_0050,tamil_0104,sanskrit,tamil,Vedic tradition,Thiruvalluvar,0.3962
sanskrit_0046,english_0074,sanskrit,english,Chandogya Upanishad,e.e. cummings,0.3961
sanskrit_0040,english_0076,sanskrit,english,Chandogya Upanishad,Dylan Thomas,0.396
sanskrit_0041,english_0089,sanskrit,english,Vedic tradition,e.e. cummings,0.3959
hindi_0034,english_0086,hindi,english,Kabir,e.e. cummings,0.3958
english_0073,tamil_0098,english,tamil,Dylan Thomas,Thiruvalluvar,0.3957
urdu_0012,arabic_0063,urdu,arabic,Ghalib,Al-Hallaj,0.3956
sanskrit_0047,tamil_0090,sanskrit,tamil,Vedic tradition,Kaniyan Pungundranar,0.3956
urdu_0000,arabic_0059,urdu,arabic,Ghalib,Arabic proverb,0.3955
sanskrit_0048,english_0078,sanskrit,english,Upanishad,Keats,0.3954
hindi_0021,english_0075,hindi,english,Kabir,Keats,0.3954
urdu_0004,arabic_0069,urdu,arabic,Ghalib,Al-Hallaj,0.3953
urdu_0007,english_0081,urdu,english,Ghalib,Keats,0.3951
sanskrit_0042,english_0088,sanskrit,english,Upanishad,Dylan Thomas,0.3951
hindi_0034,arabic_0054,hindi,arabic,Kabir,Al-Hallaj,0.3949
hindi_0031,arabic_0057,hindi,arabic,Kabir,Al-Hallaj,0.3949
sanskrit_0040,english_0088,sanskrit,english,Chandogya Upanishad,Dylan Thomas,0.3948
sanskrit_0049,english_0079,sanskrit,english,Chandogya Upanishad,Dylan Thomas,0.3947
hindi_0028,sanskrit_0041,hindi,sanskrit,Kabir,Vedic tradition,0.3946
hindi_0031,english_0085,hindi,english,Kabir,Dylan Thomas,0.3944
hindi_0028,english_0075,hindi,english,Kabir,Keats,0.3944
sanskrit_0044,tamil_0098,sanskrit,tamil,Vedic tradition,Thiruvalluvar,0.3943
sanskrit_0046,english_0086,sanskrit,english,Chandogya Upanishad,e.e. cummings,0.3942
hindi_0034,english_0083,hindi,english,Kabir,e.e. cummings,0.3942
urdu_0000,sanskrit_0038,urdu,sanskrit,Ghalib,Vedic tradition,0.3942
sanskrit_0049,english_0085,sanskrit,english,Chandogya Upanishad,Dylan Thomas,0.394
hindi_0021,english_0082,hindi,english,Kabir,Dylan Thomas,0.3939
urdu_0015,sanskrit_0050,urdu,sanskrit,Ghalib,Vedic tradition,0.3938
urdu_0003,sanskrit_0038,urdu,sanskrit,Ghalib,Vedic tradition,0.3935
english_0078,tamil_0100,english,tamil,Keats,Thiruvalluvar,0.3933
urdu_0010,english_0089,urdu,english,Ghalib,e.e. cummings,0.3933
sanskrit_0037,english_0076,sanskrit,english,Chandogya Upanishad,Dylan Thomas,0.3932
hindi_0030,english_0077,hindi,english,Kabir,e.e. cummings,0.3932
sanskrit_0037,english_0088,sanskrit,english,Chandogya Upanishad,Dylan Thomas,0.3932
urdu_0013,english_0081,urdu,english,Ghalib,Keats,0.3931
sanskrit_0051,english_0076,sanskrit,english,Upanishad,Dylan Thomas,0.3931
sanskrit_0046,english_0073,sanskrit,english,Chandogya Upanishad,Dylan Thomas,0.393
sanskrit_0043,english_0080,sanskrit,english,Chandogya Upanishad,e.e. cummings,0.3929
arabic_0062,tamil_0103,arabic,tamil,Arabic proverb,Thiruvalluvar,0.3928
hindi_0031,english_0075,hindi,english,Kabir,Keats,0.3928
english_0078,tamil_0103,english,tamil,Keats,Thiruvalluvar,0.3928
urdu_0006,arabic_0063,urdu,arabic,Ghalib,Al-Hallaj,0.3927
urdu_0016,arabic_0054,urdu,arabic,Ghalib,Al-Hallaj,0.3927
sanskrit_0048,english_0076,sanskrit,english,Upanishad,Dylan Thomas,0.3927
urdu_0001,arabic_0054,urdu,arabic,Ghalib,Al-Hallaj,0.3926
sanskrit_0045,english_0076,sanskrit,english,Upanishad,Dylan Thomas,0.3924
sanskrit_0051,english_0088,sanskrit,english,Upanishad,Dylan Thomas,0.3923
sanskrit_0046,arabic_0071,sanskrit,arabic,Chandogya Upanishad,Arabic proverb,0.3923
sanskrit_0043,english_0075,sanskrit,english,Chandogya Upanishad,Keats,0.3921
urdu_0004,english_0081,urdu,english,Ghalib,Keats,0.392
sanskrit_0044,tamil_0099,sanskrit,tamil,Vedic tradition,Kaniyan Pungundranar,0.392
hindi_0018,sanskrit_0044,hindi,sanskrit,Kabir,Vedic tradition,0.3919
sanskrit_0052,arabic_0057,sanskrit,arabic,Chandogya Upanishad,Al-Hallaj,0.3919
sanskrit_0048,english_0088,sanskrit,english,Upanishad,Dylan Thomas,0.3915
hindi_0018,sanskrit_0050,hindi,sanskrit,Kabir,Vedic tradition,0.3915
urdu_0013,arabic_0069,urdu,arabic,Ghalib,Al-Hallaj,0.3914
hindi_0034,english_0079,hindi,english,Kabir,Dylan Thomas,0.3913
sanskrit_0046,english_0079,sanskrit,english,Chandogya Upanishad,Dylan Thomas,0.3913
urdu_0012,sanskrit_0038,urdu,sanskrit,Ghalib,Vedic tradition,0.391
sanskrit_0049,english_0073,sanskrit,english,Chandogya Upanishad,Dylan Thomas,0.391
sanskrit_0046,english_0085,sanskrit,english,Chandogya Upanishad,Dylan Thomas,0.3909
sanskrit_0038,english_0083,sanskrit,english,Vedic tradition,e.e. cummings,0.3908
sanskrit_0038,tamil_0095,sanskrit,tamil,Vedic tradition,Thiruvalluvar,0.3908
urdu_0007,arabic_0069,urdu,arabic,Ghalib,Al-Hallaj,0.3907
sanskrit_0043,arabic_0057,sanskrit,arabic,Chandogya Upanishad,Al-Hallaj,0.3906
urdu_0006,sanskrit_0038,urdu,sanskrit,Ghalib,Vedic tradition,0.3906
hindi_0031,sanskrit_0041,hindi,sanskrit,Kabir,Vedic tradition,0.3905
sanskrit_0046,arabic_0057,sanskrit,arabic,Chandogya Upanishad,Al-Hallaj,0.3904
urdu_0009,sanskrit_0038,urdu,sanskrit,Ghalib,Vedic tradition,0.3903
sanskrit_0040,english_0074,sanskrit,english,Chandogya Upanishad,e.e. cummings,0.3902
hindi_0022,english_0085,hindi,english,Kabir,Dylan Thomas,0.3901
sanskrit_0041,tamil_0095,sanskrit,tamil,Vedic tradition,Thiruvalluvar,0.3901
hindi_0018,english_0087,hindi,english,Kabir,Keats,0.3901
sanskrit_0044,tamil_0104,sanskrit,tamil,Vedic tradition,Thiruvalluvar,0.3901
hindi_0028,english_0085,hindi,english,Kabir,Dylan Thomas,0.3899
sanskrit_0045,english_0088,sanskrit,english,Upanishad,Dylan Thomas,0.3899
sanskrit_0049,arabic_0071,sanskrit,arabic,Chandogya Upanishad,Arabic proverb,0.3899
hindi_0034,english_0089,hindi,english,Kabir,e.e. cummings,0.3898
hindi_0028,arabic_0057,hindi,arabic,Kabir,Al-Hallaj,0.3898
hindi_0033,english_0083,hindi,english,Kabir,e.e. cummings,0.3897
arabic_0065,tamil_0100,arabic,tamil,Arabic proverb,Thiruvalluvar,0.3895
sanskrit_0038,english_0077,sanskrit,english,Vedic tradition,e.e. cummings,0.3893
hindi_0020,tamil_0096,hindi,tamil,Mirabai,Kaniyan Pungundranar,0.3891
urdu_0001,english_0089,urdu,english,Ghalib,e.e. cummings,0.3889
urdu_0000,sanskrit_0041,urdu,sanskrit,Ghalib,Vedic tradition,0.3887
arabic_0060,tamil_0097,arabic,tamil,Al-Hallaj,Thiruvalluvar,0.3884
hindi_0025,sanskrit_0053,hindi,sanskrit,Kabir,Vedic tradition,0.3882
sanskrit_0052,english_0074,sanskrit,english,Chandogya Upanishad,e.e. cummings,0.3881
arabic_0069,english_0085,arabic,english,Al-Hallaj,Dylan Thomas,0.3881
urdu_0003,sanskrit_0041,urdu,sanskrit,Ghalib,Vedic tradition,0.3879
sanskrit_0040,english_0086,sanskrit,english,Chandogya Upanishad,e.e. cummings,0.3876
sanskrit_0037,arabic_0057,sanskrit,arabic,Chandogya Upanishad,Al-Hallaj,0.3875
sanskrit_0039,english_0073,sanskrit,english,Upanishad,Dylan Thomas,0.3874
sanskrit_0040,arabic_0066,sanskrit,arabic,Chandogya Upanishad,Al-Hallaj,0.3872
english_0072,tamil_0104,english,tamil,Keats,Thiruvalluvar,0.387
sanskrit_0038,english_0089,sanskrit,english,Vedic tradition,e.e. cummings,0.3867
urdu_0016,english_0089,urdu,english,Ghalib,e.e. cummings,0.3866
sanskrit_0049,arabic_0057,sanskrit,arabic,Chandogya Upanishad,Al-Hallaj,0.3866
sanskrit_0037,english_0074,sanskrit,english,Chandogya Upanishad,e.e. cummings,0.3866
hindi_0018,sanskrit_0038,hindi,sanskrit,Kabir,Vedic tradition,0.3865
hindi_0022,arabic_0057,hindi,arabic,Kabir,Al-Hallaj,0.3865
urdu_0003,arabic_0059,urdu,arabic,Ghalib,Arabic proverb,0.3864
hindi_0025,english_0085,hindi,english,Kabir,Dylan Thomas,0.3863
arabic_0058,english_0075,arabic,english,Imru al-Qays,Keats,0.3862
hindi_0034,arabic_0066,hindi,arabic,Kabir,Al-Hallaj,0.3861
urdu_0004,arabic_0054,urdu,arabic,Ghalib,Al-Hallaj,0.3861
hindi_0033,english_0084,hindi,english,Kabir,Keats,0.3861
sanskrit_0038,tamil_0101,sanskrit,tamil,Vedic tradition,Thiruvalluvar,0.3859
hindi_0030,sanskrit_0050,hindi,sanskrit,Kabir,Vedic tradition,0.3858
sanskrit_0049,english_0076,sanskrit,english,Chandogya Upanishad,Dylan Thomas,0.3858
urdu_0017,tamil_0099,urdu,tamil,Ghalib,Kaniyan Pungundranar,0.3857
urdu_0006,sanskrit_0041,urdu,sanskrit,Ghalib,Vedic tradition,0.3856
urdu_0012,sanskrit_0041,urdu,sanskrit,Ghalib,Vedic tradition,0.3856
urdu_0012,arabic_0059,urdu,arabic,Ghalib,Arabic proverb,0.3855
english_0078,tamil_0097,english,tamil,Keats,Thiruvalluvar,0.3855
urdu_0009,sanskrit_0041,urdu,sanskrit,Ghalib,Vedic tradition,0.3854
sanskrit_0052,english_0086,sanskrit,english,Chandogya Upanishad,e.e. cummings,0.3853
sanskrit_0043,english_0074,sanskrit,english,Chandogya Upanishad,e.e. cummings,0.3852
sanskrit_0041,tamil_0101,sanskrit,tamil,Vedic tradition,Thiruvalluvar,0.3848
hindi_0030,english_0087,hindi,english,Kabir,Keats,0.3848
sanskrit_0038,tamil_0099,sanskrit,tamil,Vedic tradition,Kaniyan Pungundranar,0.3848
hindi_0019,english_0076,hindi,english,Kabir,Dylan Thomas,0.3848
hindi_0019,english_0088,hindi,english,Kabir,Dylan Thomas,0.3847
hindi_0034,english_0074,hindi,english,Kabir,e.e. cummings,0.3846
sanskrit_0041,tamil_0099,sanskrit,tamil,Vedic tradition,Kaniyan Pungundranar,0.3845
hindi_0019,arabic_0057,hindi,arabic,Kabir,Al-Hallaj,0.3845
hindi_0033,english_0077,hindi,english,Kabir,e.e. cummings,0.3845
sanskrit_0043,english_0086,sanskrit,english,Chandogya Upanishad,e.e. cummings,0.3844
sanskrit_0043,arabic_0069,sanskrit,arabic,Chandogya Upanishad,Al-Hallaj,0.384
sanskrit_0037,english_0086,sanskrit,english,Chandogya Upanishad,e.e. cummings,0.384
sanskrit_0052,arabic_0066,sanskrit,arabic,Chandogya Upanishad,Al-Hallaj,0.384
hindi_0031,english_0076,hindi,english,Kabir,Dylan Thomas,0.384
sanskrit_0046,english_0076,sanskrit,english,Chandogya Upanishad,Dylan Thomas,0.3839
hindi_0024,english_0084,hindi,english,Kabir,Keats,0.3839
sanskrit_0036,english_0073,sanskrit,english,Upanishad,Dylan Thomas,0.3836
sanskrit_0047,tamil_0096,sanskrit,tamil,Vedic tradition,Kaniyan Pungundranar,0.3835
hindi_0018,english_0086,hindi,english,Kabir,e.e. cummings,0.3834
hindi_0030,sanskrit_0044,hindi,sanskrit,Kabir,Vedic tradition,0.3833
sanskrit_0047,tamil_0102,sanskrit,tamil,Vedic tradition,Kaniyan Pungundranar,0.3832
hindi_0019,sanskrit_0053,hindi,sanskrit,Kabir,Vedic tradition,0.3831
sanskrit_0039,english_0082,sanskrit,english,Upanishad,Dylan Thomas,0.383
sanskrit_0038,tamil_0092,sanskrit,tamil,Vedic tradition,Thiruvalluvar,0.3828
urdu_0015,sanskrit_0044,urdu,sanskrit,Ghalib,Vedic tradition,0.3828
sanskrit_0046,english_0088,sanskrit,english,Chandogya Upanishad,Dylan Thomas,0.3828
urdu_0005,tamil_0099,urdu,tamil,Ghalib,Kaniyan Pungundranar,0.3827
sanskrit_0049,english_0088,sanskrit,english,Chandogya Upanishad,Dylan Thomas,0.3827
sanskrit_0046,arabic_0066,sanskrit,arabic,Chandogya Upanishad,Al-Hallaj,0.3826
hindi_0018,english_0074,hindi,english,Kabir,e.e. cummings,0.3826
hindi_0018,sanskrit_0041,hindi,sanskrit,Kabir,Vedic tradition,0.3825
sanskrit_0043,english_0073,sanskrit,english,Chandogya Upanishad,Dylan Thomas,0.3824
urdu_0004,english_0089,urdu,english,Ghalib,e.e. cummings,0.3824
sanskrit_0040,arabic_0071,sanskrit,arabic,Chandogya Upanishad,Arabic proverb,0.3823
urdu_0010,arabic_0068,urdu,arabic,Ghalib,Arabic proverb,0.3823
urdu_0013,arabic_0054,urdu,arabic,Ghalib,Al-Hallaj,0.3821
sanskrit_0041,tamil_0092,sanskrit,tamil,Vedic tradition,Thiruvalluvar,0.382
hindi_0020,tamil_0093,hindi,tamil,Mirabai,Kaniyan Pungundranar,0.3819
arabic_0069,english_0088,arabic,english,Al-Hallaj,Dylan Thomas,0.3816
urdu_0007,arabic_0054,urdu,arabic,Ghalib,Al-Hallaj,0.3812
sanskrit_0042,english_0073,sanskrit,english,Upanishad,Dylan Thomas,0.3812
urdu_0003,english_0075,urdu,english,Ghalib,Keats,0.3811
urdu_0007,english_0089,urdu,english,Ghalib,e.e. cummings,0.381
arabic_0060,tamil_0103,arabic,tamil,Al-Hallaj,Thiruvalluvar,0.381
arabic_0069,english_0076,arabic,english,Al-Hallaj,Dylan Thomas,0.3809
arabic_0069,english_0079,arabic,english,Al-Hallaj,Dylan Thomas,0.3809
sanskrit_0043,arabic_0054,sanskrit,arabic,Chandogya Upanishad,Al-Hallaj,0.3807
sanskrit_0037,arabic_0066,sanskrit,arabic,Chandogya Upanishad,Al-Hallaj,0.3806
arabic_0054,english_0085,arabic,english,Al-Hallaj,Dylan Thomas,0.3804
hindi_0025,arabic_0057,hindi,arabic,Kabir,Al-Hallaj,0.3803
hindi_0022,sanskrit_0053,hindi,sanskrit,Kabir,Vedic tradition,0.3802
sanskrit_0036,english_0082,sanskrit,english,Upanishad,Dylan Thomas,0.3802
arabic_0068,tamil_0091,arabic,tamil,Arabic proverb,Thiruvalluvar,0.38
sanskrit_0050,english_0080,sanskrit,english,Vedic tradition,e.e. cummings,0.3799
sanskrit_0041,tamil_0104,sanskrit,tamil,Vedic tradition,Thiruvalluvar,0.3798
hindi_0034,english_0085,hindi,english,Kabir,Dylan Thomas,0.3797
sanskrit_0051,english_0073,sanskrit,english,Upanishad,Dylan Thomas,0.3796
urdu_0000,english_0075,urdu,english,Ghalib,Keats,0.3795
sanskrit_0049,arabic_0066,sanskrit,arabic,Chandogya Upanishad,Al-Hallaj,0.3794
hindi_0031,english_0088,hindi,english,Kabir,Dylan Thomas,0.3794
hindi_0030,english_0086,hindi,english,Kabir,e.e. cummings,0.3793
urdu_0002,arabic_0068,urdu,arabic,Ghalib,Arabic proverb,0.3793
hindi_0022,english_0076,hindi,english,Kabir,Dylan Thomas,0.3793
sanskrit_0048,english_0073,sanskrit,english,Upanishad,Dylan Thomas,0.379
arabic_0060,tamil_0092,arabic,tamil,Al-Hallaj,Thiruvalluvar,0.3788
arabic_0062,tamil_0100,arabic,tamil,Arabic proverb,Thiruvalluvar,0.3788
hindi_0030,english_0074,hindi,english,Kabir,e.e. cummings,0.3788
sanskrit_0038,tamil_0104,sanskrit,tamil,Vedic tradition,Thiruvalluvar,0.3787
hindi_0030,sanskrit_0038,hindi,sanskrit,Kabir,Vedic tradition,0.3787
hindi_0022,english_0088,hindi,english,Kabir,Dylan Thomas,0.3787
sanskrit_0047,english_0086,sanskrit,english,Vedic tradition,e.e. cummings,0.3786
sanskrit_0047,tamil_0093,sanskrit,tamil,Vedic tradition,Kaniyan Pungundranar,0.3786
urdu_0009,english_0075,urdu,english,Ghalib,Keats,0.3785
sanskrit_0042,english_0082,sanskrit,english,Upanishad,Dylan Thomas,0.3784
urdu_0012,english_0075,urdu,english,Ghalib,Keats,0.3784
sanskrit_0047,tamil_0105,sanskrit,tamil,Vedic tradition,Kaniyan Pungundranar,0.3783
hindi_0035,tamil_0100,hindi,tamil,Mirabai,Thiruvalluvar,0.3781
urdu_0011,tamil_0099,urdu,tamil,Ghalib,Kaniyan Pungundranar,0.3779
urdu_0013,english_0089,urdu,english,Ghalib,e.e. cummings,0.3779
hindi_0018,english_0078,hindi,english,Kabir,Keats,0.3778
urdu_0008,tamil_0099,urdu,tamil,Ghalib,Kaniyan Pungundranar,0.3776
sanskrit_0043,arabic_0056,sanskrit,arabic,Chandogya Upanishad,Arabic proverb,0.3775
arabic_0060,tamil_0104,arabic,tamil,Al-Hallaj,Thiruvalluvar,0.3774
hindi_0028,english_0076,hindi,english,Kabir,Dylan Thomas,0.377
sanskrit_0051,english_0082,sanskrit,english,Upanishad,Dylan Thomas,0.377
sanskrit_0037,arabic_0071,sanskrit,arabic,Chandogya Upanishad,Arabic proverb,0.3767
sanskrit_0052,english_0082,sanskrit,english,Chandogya Upanishad,Dylan Thomas,0.3766
urdu_0002,tamil_0099,urdu,tamil,Ghalib,Kaniyan Pungundranar,0.3765
hindi_0031,arabic_0063,hindi,arabic,Kabir,Al-Hallaj,0.3764
sanskrit_0048,english_0082,sanskrit,english,Upanishad,Dylan Thomas,0.3763
urdu_0001,arabic_0068,urdu,arabic,Ghalib,Arabic proverb,0.3763
arabic_0060,tamil_0098,arabic,tamil,Al-Hallaj,Thiruvalluvar,0.3762
sanskrit_0038,tamil_0098,sanskrit,tamil,Vedic tradition,Thiruvalluvar,0.3762
arabic_0060,tamil_0101,arabic,tamil,Al-Hallaj,Thiruvalluvar,0.376
sanskrit_0041,tamil_0098,sanskrit,tamil,Vedic tradition,Thiruvalluvar,0.3759
sanskrit_0036,arabic_0056,sanskrit,arabic,Upanishad,Arabic proverb,0.3759
sanskrit_0045,english_0073,sanskrit,english,Upanishad,Dylan Thomas,0.3759
hindi_0025,english_0088,hindi,english,Kabir,Dylan Thomas,0.3758
sanskrit_0049,english_0089,sanskrit,english,Chandogya Upanishad,e.e. cummings,0.3756
urdu_0009,arabic_0059,urdu,arabic,Ghalib,Arabic proverb,0.3754
sanskrit_0047,english_0074,sanskrit,english,Vedic tradition,e.e. cummings,0.3753
hindi_0018,english_0080,hindi,english,Kabir,e.e. cummings,0.3752
hindi_0035,tamil_0091,hindi,tamil,Mirabai,Thiruvalluvar,0.3751
hindi_0034,english_0073,hindi,english,Kabir,Dylan Thomas,0.3751
arabic_0066,english_0085,arabic,english,Al-Hallaj,Dylan Thomas,0.3751
hindi_0035,tamil_0094,hindi,tamil,Mirabai,Thiruvalluvar,0.375
hindi_0028,english_0088,hindi,english,Kabir,Dylan Thomas,0.3749
sanskrit_0040,english_0082,sanskrit,english,Chandogya Upanishad,Dylan Thomas,0.3745
urdu_0010,sanskrit_0050,urdu,sanskrit,Ghalib,Vedic tradition,0.3744
urdu_0015,sanskrit_0038,urdu,sanskrit,Ghalib,Vedic tradition,0.3742
hindi_0025,sanskrit_0047,hindi,sanskrit,Kabir,Vedic tradition,0.3742
hindi_0030,sanskrit_0041,hindi,sanskrit,Kabir,Vedic tradition,0.374
sanskrit_0050,tamil_0091,sanskrit,tamil,Vedic tradition,Thiruvalluvar,0.3739
urdu_0006,english_0075,urdu,english,Ghalib,Keats,0.3738
sanskrit_0045,english_0082,sanskrit,english,Upanishad,Dylan Thomas,0.3737
arabic_0054,english_0088,arabic,english,Al-Hallaj,Dylan Thomas,0.3737
arabic_0054,english_0076,arabic,english,Al-Hallaj,Dylan Thomas,0.3737
sanskrit_0053,english_0074,sanskrit,english,Vedic tradition,e.e. cummings,0.3736
sanskrit_0046,english_0089,sanskrit,english,Chandogya Upanishad,e.e. cummings,0.3735
sanskrit_0043,arabic_0066,sanskrit,arabic,Chandogya Upanishad,Al-Hallaj,0.3735
hindi_0022,arabic_0063,hindi,arabic,Kabir,Al-Hallaj,0.3735
arabic_0070,english_0077,arabic,english,Imru al-Qays,e.e. cummings,0.3734
hindi_0035,tamil_0097,hindi,tamil,Mirabai,Thiruvalluvar,0.3734
hindi_0033,english_0074,hindi,english,Kabir,e.e. cummings,0.3733
sanskrit_0050,tamil_0100,sanskrit,tamil,Vedic tradition,Thiruvalluvar,0.3733
urdu_0015,arabic_0059,urdu,arabic,Ghalib,Arabic proverb,0.3732
urdu_0010,arabic_0066,urdu,arabic,Ghalib,Al-Hallaj,0.3732
hindi_0025,english_0076,hindi,english,Kabir,Dylan Thomas,0.3732
hindi_0033,english_0086,hindi,english,Kabir,e.e. cummings,0.3732
sanskrit_0052,arabic_0071,sanskrit,arabic,Chandogya Upanishad,Arabic proverb,0.3731
hindi_0019,english_0073,hindi,english,Kabir,Dylan Thomas,0.3731
arabic_0066,english_0088,arabic,english,Al-Hallaj,Dylan Thomas,0.3731
arabic_0060,tamil_0095,arabic,tamil,Al-Hallaj,Thiruvalluvar,0.373
urdu_0015,english_0075,urdu,english,Ghalib,Keats,0.373
hindi_0027,english_0084,hindi,english,Kabir,Keats,0.3728
sanskrit_0053,english_0086,sanskrit,english,Vedic tradition,e.e. cummings,0.3727
sanskrit_0043,english_0085,sanskrit,english,Chandogya Upanishad,Dylan Thomas,0.3727
hindi_0030,english_0078,hindi,english,Kabir,Keats,0.3726
sanskrit_0042,arabic_0056,sanskrit,arabic,Upanishad,Arabic proverb,0.3726
urdu_0017,hindi_0034,urdu,hindi,Ghalib,Kabir,0.3725
hindi_0033,sanskrit_0050,hindi,sanskrit,Kabir,Vedic tradition,0.3724
sanskrit_0044,english_0080,sanskrit,english,Vedic tradition,e.e. cummings,0.3723
hindi_0028,sanskrit_0053,hindi,sanskrit,Kabir,Vedic tradition,0.3721
sanskrit_0043,english_0079,sanskrit,english,Chandogya Upanishad,Dylan Thomas,0.3721
sanskrit_0053,tamil_0099,sanskrit,tamil,Vedic tradition,Kaniyan Pungundranar,0.3721
arabic_0054,english_0079,arabic,english,Al-Hallaj,Dylan Thomas,0.372
sanskrit_0048,arabic_0056,sanskrit,arabic,Upanishad,Arabic proverb,0.3717
hindi_0030,english_0080,hindi,english,Kabir,e.e. cummings,0.3715
hindi_0019,arabic_0063,hindi,arabic,Kabir,Al-Hallaj,0.3715
sanskrit_0051,arabic_0056,sanskrit,arabic,Upanishad,Arabic proverb,0.3714
sanskrit_0050,tamil_0097,sanskrit,tamil,Vedic tradition,Thiruvalluvar,0.3712
sanskrit_0039,arabic_0056,sanskrit,arabic,Upanishad,Arabic proverb,0.3711
hindi_0034,english_0088,hindi,english,Kabir,Dylan Thomas,0.3711
urdu_0016,arabic_0068,urdu,arabic,Ghalib,Arabic proverb,0.3711
urdu_0016,sanskrit_0050,urdu,sanskrit,Ghalib,Vedic tradition,0.3709
hindi_0033,sanskrit_0044,hindi,sanskrit,Kabir,Vedic tradition,0.3709
hindi_0028,arabic_0063,hindi,arabic,Kabir,Al-Hallaj,0.3708
sanskrit_0050,arabic_0062,sanskrit,arabic,Vedic tradition,Arabic proverb,0.3705
urdu_0014,hindi_0034,urdu,hindi,Ghalib,Kabir,0.3703
hindi_0034,english_0076,hindi,english,Kabir,Dylan Thomas,0.3702
hindi_0034,sanskrit_0038,hindi,sanskrit,Kabir,Vedic tradition,0.3702
english_0079,tamil_0094,english,tamil,Dylan Thomas,Thiruvalluvar,0.3701
sanskrit_0037,english_0082,sanskrit,english,Chandogya Upanishad,Dylan Thomas,0.3698
urdu_0004,arabic_0068,urdu,arabic,Ghalib,Arabic proverb,0.3698
sanskrit_0050,tamil_0094,sanskrit,tamil,Vedic tradition,Thiruvalluvar,0.3697
hindi_0034,sanskrit_0044,hindi,sanskrit,Kabir,Vedic tradition,0.3697
arabic_0068,tamil_0097,arabic,tamil,Arabic proverb,Thiruvalluvar,0.3695
hindi_0025,english_0073,hindi,english,Kabir,Dylan Thomas,0.3695
urdu_0015,sanskrit_0041,urdu,sanskrit,Ghalib,Vedic tradition,0.3694
urdu_0007,sanskrit_0050,urdu,sanskrit,Ghalib,Vedic tradition,0.3691
urdu_0006,arabic_0059,urdu,arabic,Ghalib,Arabic proverb,0.3691
arabic_0067,english_0077,arabic,english,Imru al-Qays,e.e. cummings,0.369
urdu_0013,arabic_0068,urdu,arabic,Ghalib,Arabic proverb,0.3689
hindi_0019,sanskrit_0047,hindi,sanskrit,Kabir,Vedic tradition,0.3688
hindi_0024,english_0083,hindi,english,Kabir,e.e. cummings,0.3687
hindi_0027,english_0083,hindi,english,Kabir,e.e. cummings,0.3686
arabic_0066,english_0079,arabic,english,Al-Hallaj,Dylan Thomas,0.3685
hindi_0031,sanskrit_0053,hindi,sanskrit,Kabir,Vedic tradition,0.3683
arabic_0066,english_0073,arabic,english,Al-Hallaj,Dylan Thomas,0.3683
urdu_0000,sanskrit_0053,urdu,sanskrit,Ghalib,Vedic tradition,0.3682
sanskrit_0053,tamil_0095,sanskrit,tamil,Vedic tradition,Thiruvalluvar,0.3679
sanskrit_0043,english_0088,sanskrit,english,Chandogya Upanishad,Dylan Thomas,0.3678
arabic_0066,english_0076,arabic,english,Al-Hallaj,Dylan Thomas,0.3678
urdu_0001,sanskrit_0050,urdu,sanskrit,Ghalib,Vedic tradition,0.3678
hindi_0033,sanskrit_0038,hindi,sanskrit,Kabir,Vedic tradition,0.3677
urdu_0004,sanskrit_0050,urdu,sanskrit,Ghalib,Vedic tradition,0.3676
urdu_0003,sanskrit_0053,urdu,sanskrit,Ghalib,Vedic tradition,0.3674
urdu_0009,english_0079,urdu,english,Ghalib,Dylan Thomas,0.3674
sanskrit_0040,english_0089,sanskrit,english,Chandogya Upanishad,e.e. cummings,0.3674
sanskrit_0047,english_0077,sanskrit,english,Vedic tradition,e.e. cummings,0.3672
arabic_0071,english_0077,arabic,english,Arabic proverb,e.e. cummings,0.3671
hindi_0025,arabic_0063,hindi,arabic,Kabir,Al-Hallaj,0.367
english_0076,tamil_0094,english,tamil,Dylan Thomas,Thiruvalluvar,0.3669
hindi_0033,english_0087,hindi,english,Kabir,Keats,0.3668
english_0079,tamil_0091,english,tamil,Dylan Thomas,Thiruvalluvar,0.3668
urdu_0007,arabic_0068,urdu,arabic,Ghalib,Arabic proverb,0.3667
sanskrit_0046,arabic_0056,sanskrit,arabic,Chandogya Upanishad,Arabic proverb,0.3666
sanskrit_0047,english_0089,sanskrit,english,Vedic tradition,e.e. cummings,0.3666
hindi_0034,arabic_0057,hindi,arabic,Kabir,Al-Hallaj,0.3666
arabic_0060,english_0073,arabic,english,Al-Hallaj,Dylan Thomas,0.3665
hindi_0034,sanskrit_0050,hindi,sanskrit,Kabir,Vedic tradition,0.3664
sanskrit_0053,english_0083,sanskrit,english,Vedic tradition,e.e. cummings,0.3663
hindi_0022,sanskrit_0047,hindi,sanskrit,Kabir,Vedic tradition,0.3662
sanskrit_0043,english_0076,sanskrit,english,Chandogya Upanishad,Dylan Thomas,0.366
sanskrit_0050,tamil_0103,sanskrit,tamil,Vedic tradition,Thiruvalluvar,0.3656
urdu_0005,hindi_0034,urdu,hindi,Ghalib,Kabir,0.3655
sanskrit_0046,english_0082,sanskrit,english,Chandogya Upanishad,Dylan Thomas,0.3653
sanskrit_0043,english_0089,sanskrit,english,Chandogya Upanishad,e.e. cummings,0.3653
hindi_0024,english_0077,hindi,english,Kabir,e.e. cummings,0.3652
sanskrit_0052,english_0089,sanskrit,english,Chandogya Upanishad,e.e. cummings,0.3651
urdu_0012,sanskrit_0053,urdu,sanskrit,Ghalib,Vedic tradition,0.3651
urdu_0006,english_0079,urdu,english,Ghalib,Dylan Thomas,0.3651
english_0079,tamil_0100,english,tamil,Dylan Thomas,Thiruvalluvar,0.365
urdu_0009,sanskrit_0053,urdu,sanskrit,Ghalib,Vedic tradition,0.365
arabic_0068,english_0077,arabic,english,Arabic proverb,e.e. cummings,0.3649
urdu_0006,english_0085,urdu,english,Ghalib,Dylan Thomas,0.3649
urdu_0006,sanskrit_0053,urdu,sanskrit,Ghalib,Vedic tradition,0.3648
urdu_0003,english_0079,urdu,english,Ghalib,Dylan Thomas,0.3648
hindi_0024,english_0087,hindi,english,Kabir,Keats,0.3647
hindi_0034,sanskrit_0041,hindi,sanskrit,Kabir,Vedic tradition,0.3647
arabic_0069,english_0082,arabic,english,Al-Hallaj,Dylan Thomas,0.3645
sanskrit_0047,english_0083,sanskrit,english,Vedic tradition,e.e. cummings,0.3645
hindi_0035,tamil_0103,hindi,tamil,Mirabai,Thiruvalluvar,0.3645
arabic_0059,english_0077,arabic,english,Arabic proverb,e.e. cummings,0.3644
arabic_0068,tamil_0103,arabic,tamil,Arabic proverb,Thiruvalluvar,0.3644
sanskrit_0053,tamil_0101,sanskrit,tamil,Vedic tradition,Thiruvalluvar,0.3643
sanskrit_0053,english_0077,sanskrit,english,Vedic tradition,e.e. cummings,0.3642
sanskrit_0040,arabic_0063,sanskrit,arabic,Chandogya Upanishad,Al-Hallaj,0.3641
arabic_0069,english_0073,arabic,english,Al-Hallaj,Dylan Thomas,0.3639
urdu_0013,sanskrit_0050,urdu,sanskrit,Ghalib,Vedic tradition,0.3639
urdu_0001,arabic_0066,urdu,arabic,Ghalib,Al-Hallaj,0.3639
english_0085,tamil_0094,english,tamil,Dylan Thomas,Thiruvalluvar,0.3638
sanskrit_0037,english_0089,sanskrit,english,Chandogya Upanishad,e.e. cummings,0.3638
hindi_0027,english_0077,hindi,english,Kabir,e.e. cummings,0.3638
sanskrit_0049,arabic_0056,sanskrit,arabic,Chandogya Upanishad,Arabic proverb,0.3638
urdu_0011,hindi_0034,urdu,hindi,Ghalib,Kabir,0.3636
sanskrit_0050,arabic_0065,sanskrit,arabic,Vedic tradition,Arabic proverb,0.3636
urdu_0000,english_0079,urdu,english,Ghalib,Dylan Thomas,0.3635
urdu_0016,arabic_0066,urdu,arabic,Ghalib,Al-Hallaj,0.3634
urdu_0009,english_0085,urdu,english,Ghalib,Dylan Thomas,0.3633
hindi_0022,english_0073,hindi,english,Kabir,Dylan Thomas,0.3633
english_0076,tamil_0091,english,tamil,Dylan Thomas,Thiruvalluvar,0.3632
urdu_0012,english_0079,urdu,english,Ghalib,Dylan Thomas,0.3631
sanskrit_0053,arabic_0062,sanskrit,arabic,Vedic tradition,Arabic proverb,0.3629
arabic_0061,english_0077,arabic,english,Imru al-Qays,e.e. cummings,0.3629
sanskrit_0053,tamil_0092,sanskrit,tamil,Vedic tradition,Thiruvalluvar,0.3629
sanskrit_0049,english_0082,sanskrit,english,Chandogya Upanishad,Dylan Thomas,0.3628
sanskrit_0045,arabic_0056,sanskrit,arabic,Upanishad,Arabic proverb,0.3626
urdu_0010,english_0079,urdu,english,Ghalib,Dylan Thomas,0.3624
hindi_0033,sanskrit_0041,hindi,sanskrit,Kabir,Vedic tradition,0.3623
sanskrit_0043,arabic_0063,sanskrit,arabic,Chandogya Upanishad,Al-Hallaj,0.3623
urdu_0017,tamil_0091,urdu,tamil,Ghalib,Thiruvalluvar,0.3622
hindi_0031,english_0073,hindi,english,Kabir,Dylan Thomas,0.3621
urdu_0017,tamil_0097,urdu,tamil,Ghalib,Thiruvalluvar,0.3621
urdu_0000,sanskrit_0047,urdu,sanskrit,Ghalib,Vedic tradition,0.362
english_0076,tamil_0100,english,tamil,Dylan Thomas,Thiruvalluvar,0.3618
arabic_0054,english_0073,arabic,english,Al-Hallaj,Dylan Thomas,0.3618
arabic_0066,english_0082,arabic,english,Al-Hallaj,Dylan Thomas,0.3617
arabic_0055,english_0077,arabic,english,Imru al-Qays,e.e. cummings,0.3616
urdu_0017,tamil_0094,urdu,tamil,Ghalib,Thiruvalluvar,0.3616
urdu_0003,sanskrit_0047,urdu,sanskrit,Ghalib,Vedic tradition,0.3615
sanskrit_0043,english_0082,sanskrit,english,Chandogya Upanishad,Dylan Thomas,0.3615
arabic_0070,english_0080,arabic,english,Imru al-Qays,e.e. cummings,0.3614
urdu_0003,english_0085,urdu,english,Ghalib,Dylan Thomas,0.3611
english_0088,tamil_0094,english,tamil,Dylan Thomas,Thiruvalluvar,0.3604
english_0085,tamil_0091,english,tamil,Dylan Thomas,Thiruvalluvar,0.3604
urdu_0015,english_0079,urdu,english,Ghalib,Dylan Thomas,0.3599
sanskrit_0052,arabic_0063,sanskrit,arabic,Chandogya Upanishad,Al-Hallaj,0.3599
hindi_0026,tamil_0100,hindi,tamil,Mirabai,Thiruvalluvar,0.3599
urdu_0010,arabic_0057,urdu,arabic,Ghalib,Al-Hallaj,0.3596
hindi_0024,sanskrit_0050,hindi,sanskrit,Kabir,Vedic tradition,0.3596
urdu_0005,tamil_0091,urdu,tamil,Ghalib,Thiruvalluvar,0.3595
urdu_0005,tamil_0097,urdu,tamil,Ghalib,Thiruvalluvar,0.3595
english_0085,tamil_0100,english,tamil,Dylan Thomas,Thiruvalluvar,0.3594
sanskrit_0041,tamil_0100,sanskrit,tamil,Vedic tradition,Thiruvalluvar,0.3592
arabic_0070,english_0083,arabic,english,Imru al-Qays,e.e. cummings,0.3591
urdu_0012,sanskrit_0047,urdu,sanskrit,Ghalib,Vedic tradition,0.3591
sanskrit_0046,arabic_0063,sanskrit,arabic,Chandogya Upanishad,Al-Hallaj,0.3591
urdu_0009,sanskrit_0047,urdu,sanskrit,Ghalib,Vedic tradition,0.3591
hindi_0018,english_0089,hindi,english,Kabir,e.e. cummings,0.359
urdu_0005,tamil_0094,urdu,tamil,Ghalib,Thiruvalluvar,0.3589
urdu_0012,english_0085,urdu,english,Ghalib,Dylan Thomas,0.3589
urdu_0014,arabic_0059,urdu,arabic,Ghalib,Arabic proverb,0.3588
arabic_0071,english_0083,arabic,english,Arabic proverb,e.e. cummings,0.3588
urdu_0015,english_0085,urdu,english,Ghalib,Dylan Thomas,0.3588
urdu_0001,english_0079,urdu,english,Ghalib,Dylan Thomas,0.3587
arabic_0071,english_0086,arabic,english,Arabic proverb,e.e. cummings,0.3584
urdu_0016,english_0079,urdu,english,Ghalib,Dylan Thomas,0.3584
hindi_0019,english_0082,hindi,english,Kabir,Dylan Thomas,0.3583
urdu_0006,sanskrit_0047,urdu,sanskrit,Ghalib,Vedic tradition,0.3582
arabic_0064,english_0077,arabic,english,Imru al-Qays,e.e. cummings,0.3581
arabic_0054,english_0082,arabic,english,Al-Hallaj,Dylan Thomas,0.3581
arabic_0060,english_0082,arabic,english,Al-Hallaj,Dylan Thomas,0.3581
sanskrit_0041,tamil_0091,sanskrit,tamil,Vedic tradition,Thiruvalluvar,0.358
urdu_0017,tamil_0103,urdu,tamil,Ghalib,Thiruvalluvar,0.358
urdu_0006,english_0076,urdu,english,Ghalib,Dylan Thomas,0.3579
english_0088,tamil_0091,english,tamil,Dylan Thomas,Thiruvalluvar,0.3579
urdu_0004,arabic_0066,urdu,arabic,Ghalib,Al-Hallaj,0.3579
urdu_0000,english_0085,urdu,english,Ghalib,Dylan Thomas,0.3578
urdu_0011,tamil_0091,urdu,tamil,Ghalib,Thiruvalluvar,0.3578
hindi_0028,sanskrit_0047,hindi,sanskrit,Kabir,Vedic tradition,0.3578
hindi_0026,tamil_0094,hindi,tamil,Mirabai,Thiruvalluvar,0.3577
hindi_0034,arabic_0063,hindi,arabic,Kabir,Al-Hallaj,0.3576
sanskrit_0043,arabic_0060,sanskrit,arabic,Chandogya Upanishad,Al-Hallaj,0.3576
urdu_0011,tamil_0097,urdu,tamil,Ghalib,Thiruvalluvar,0.3575
sanskrit_0040,arabic_0056,sanskrit,arabic,Chandogya Upanishad,Arabic proverb,0.3574
arabic_0065,english_0077,arabic,english,Arabic proverb,e.e. cummings,0.3573
hindi_0028,english_0073,hindi,english,Kabir,Dylan Thomas,0.3571
urdu_0011,tamil_0094,urdu,tamil,Ghalib,Thiruvalluvar,0.3571
urdu_0009,english_0076,urdu,english,Ghalib,Dylan Thomas,0.357
hindi_0026,tamil_0091,hindi,tamil,Mirabai,Thiruvalluvar,0.357
english_0079,tamil_0097,english,tamil,Dylan Thomas,Thiruvalluvar,0.3569
arabic_0067,english_0080,arabic,english,Imru al-Qays,e.e. cummings,0.3568
english_0079,tamil_0103,english,tamil,Dylan Thomas,Thiruvalluvar,0.3567
sanskrit_0053,english_0089,sanskrit,english,Vedic tradition,e.e. cummings,0.3566
sanskrit_0036,arabic_0060,sanskrit,arabic,Upanishad,Al-Hallaj,0.3565
sanskrit_0037,arabic_0063,sanskrit,arabic,Chandogya Upanishad,Al-Hallaj,0.3565
hindi_0018,sanskrit_0047,hindi,sanskrit,Kabir,Vedic tradition,0.3563
english_0088,tamil_0100,english,tamil,Dylan Thomas,Thiruvalluvar,0.3562
sanskrit_0044,tamil_0091,sanskrit,tamil,Vedic tradition,Thiruvalluvar,0.3562
hindi_0021,english_0083,hindi,english,Kabir,e.e. cummings,0.3561
hindi_0033,english_0080,hindi,english,Kabir,e.e. cummings,0.3561
sanskrit_0053,tamil_0104,sanskrit,tamil,Vedic tradition,Thiruvalluvar,0.356
hindi_0033,english_0078,hindi,english,Kabir,Keats,0.3559
hindi_0024,sanskrit_0044,hindi,sanskrit,Kabir,Vedic tradition,0.3558
sanskrit_0044,tamil_0100,sanskrit,tamil,Vedic tradition,Thiruvalluvar,0.3558
sanskrit_0053,tamil_0098,sanskrit,tamil,Vedic tradition,Thiruvalluvar,0.3558
sanskrit_0041,tamil_0097,sanskrit,tamil,Vedic tradition,Thiruvalluvar,0.3557
hindi_0024,english_0078,hindi,english,Kabir,Keats,0.3557
sanskrit_0049,arabic_0063,sanskrit,arabic,Chandogya Upanishad,Al-Hallaj,0.3556
hindi_0026,tamil_0097,hindi,tamil,Mirabai,Thiruvalluvar,0.3555
sanskrit_0038,arabic_0062,sanskrit,arabic,Vedic tradition,Arabic proverb,0.3555
urdu_0006,english_0088,urdu,english,Ghalib,Dylan Thomas,0.3553
hindi_0030,english_0089,hindi,english,Kabir,e.e. cummings,0.3553
hindi_0034,sanskrit_0053,hindi,sanskrit,Kabir,Vedic tradition,0.3551
hindi_0031,sanskrit_0047,hindi,sanskrit,Kabir,Vedic tradition,0.3551
arabic_0056,english_0077,arabic,english,Arabic proverb,e.e. cummings,0.3551
hindi_0024,sanskrit_0038,hindi,sanskrit,Kabir,Vedic tradition,0.3551
urdu_0005,tamil_0103,urdu,tamil,Ghalib,Thiruvalluvar,0.3551
sanskrit_0038,tamil_0091,sanskrit,tamil,Vedic tradition,Thiruvalluvar,0.355
urdu_0007,english_0079,urdu,english,Ghalib,Dylan Thomas,0.3547
sanskrit_0041,tamil_0094,sanskrit,tamil,Vedic tradition,Thiruvalluvar,0.3547
hindi_0021,english_0077,hindi,english,Kabir,e.e. cummings,0.3547
urdu_0003,english_0076,urdu,english,Ghalib,Dylan Thomas,0.3546
hindi_0024,english_0086,hindi,english,Kabir,e.e. cummings,0.3545
sanskrit_0047,tamil_0099,sanskrit,tamil,Vedic tradition,Kaniyan Pungundranar,0.3545
arabic_0056,english_0086,arabic,english,Arabic proverb,e.e. cummings,0.3543
arabic_0071,english_0089,arabic,english,Arabic proverb,e.e. cummings,0.3542
urdu_0013,arabic_0066,urdu,arabic,Ghalib,Al-Hallaj,0.3542
sanskrit_0044,tamil_0094,sanskrit,tamil,Vedic tradition,Thiruvalluvar,0.354
urdu_0000,arabic_0071,urdu,arabic,Ghalib,Arabic proverb,0.3539
urdu_0002,hindi_0034,urdu,hindi,Ghalib,Kabir,0.3539
english_0076,tamil_0097,english,tamil,Dylan Thomas,Thiruvalluvar,0.3538
urdu_0011,tamil_0103,urdu,tamil,Ghalib,Thiruvalluvar,0.3538
hindi_0018,sanskrit_0053,hindi,sanskrit,Kabir,Vedic tradition,0.3537
sanskrit_0038,tamil_0100,sanskrit,tamil,Vedic tradition,Thiruvalluvar,0.3536
urdu_0013,english_0079,urdu,english,Ghalib,Dylan Thomas,0.3536
arabic_0067,english_0083,arabic,english,Imru al-Qays,e.e. cummings,0.3536
sanskrit_0040,arabic_0060,sanskrit,arabic,Chandogya Upanishad,Al-Hallaj,0.3535
urdu_0009,english_0088,urdu,english,Ghalib,Dylan Thomas,0.3535
hindi_0034,sanskrit_0047,hindi,sanskrit,Kabir,Vedic tradition,0.3535
urdu_0012,english_0076,urdu,english,Ghalib,Dylan Thomas,0.3535
hindi_0024,english_0074,hindi,english,Kabir,e.e. cummings,0.3534
hindi_0034,english_0082,hindi,english,Kabir,Dylan Thomas,0.3534
urdu_0010,sanskrit_0044,urdu,sanskrit,Ghalib,Vedic tradition,0.3533
urdu_0007,arabic_0066,urdu,arabic,Ghalib,Al-Hallaj,0.3531
arabic_0068,tamil_0100,arabic,tamil,Arabic proverb,Thiruvalluvar,0.3531
sanskrit_0042,arabic_0060,sanskrit,arabic,Upanishad,Al-Hallaj,0.353
hindi_0027,english_0074,hindi,english,Kabir,e.e. cummings,0.353
hindi_0027,english_0086,hindi,english,Kabir,e.e. cummings,0.353
english_0076,tamil_0103,english,tamil,Dylan Thomas,Thiruvalluvar,0.3529
arabic_0065,english_0080,arabic,english,Arabic proverb,e.e. cummings,0.3528
urdu_0004,english_0079,urdu,english,Ghalib,Dylan Thomas,0.3528
sanskrit_0053,arabic_0065,sanskrit,arabic,Vedic tradition,Arabic proverb,0.3527
urdu_0000,english_0076,urdu,english,Ghalib,Dylan Thomas,0.3525
sanskrit_0044,tamil_0097,sanskrit,tamil,Vedic tradition,Thiruvalluvar,0.3523
sanskrit_0038,tamil_0094,sanskrit,tamil,Vedic tradition,Thiruvalluvar,0.3522
sanskrit_0037,arabic_0056,sanskrit,arabic,Chandogya Upanishad,Arabic proverb,0.3521
arabic_0068,english_0080,arabic,english,Arabic proverb,e.e. cummings,0.3521
hindi_0029,tamil_0100,hindi,tamil,Mirabai,Thiruvalluvar,0.3521
arabic_0068,english_0083,arabic,english,Arabic proverb,e.e. cummings,0.3519
hindi_0029,tamil_0097,hindi,tamil,Mirabai,Thiruvalluvar,0.3519
urdu_0003,english_0088,urdu,english,Ghalib,Dylan Thomas,0.3519
hindi_0029,tamil_0091,hindi,tamil,Mirabai,Thiruvalluvar,0.3518
sanskrit_0039,arabic_0060,sanskrit,arabic,Upanishad,Al-Hallaj,0.3518
arabic_0059,english_0083,arabic,english,Arabic proverb,e.e. cummings,0.3518
english_0085,tamil_0097,english,tamil,Dylan Thomas,Thiruvalluvar,0.3517
urdu_0015,english_0076,urdu,english,Ghalib,Dylan Thomas,0.3517
sanskrit_0038,tamil_0097,sanskrit,tamil,Vedic tradition,Thiruvalluvar,0.3517
english_0085,tamil_0103,english,tamil,Dylan Thomas,Thiruvalluvar,0.3516
urdu_0010,hindi_0035,urdu,hindi,Ghalib,Mirabai,0.3516
sanskrit_0041,arabic_0062,sanskrit,arabic,Vedic tradition,Arabic proverb,0.3513
urdu_0003,hindi_0035,urdu,hindi,Ghalib,Mirabai,0.3513
hindi_0027,sanskrit_0050,hindi,sanskrit,Kabir,Vedic tradition,0.3512
urdu_0015,english_0088,urdu,english,Ghalib,Dylan Thomas,0.3512
hindi_0021,sanskrit_0050,hindi,sanskrit,Kabir,Vedic tradition,0.3511
sanskrit_0041,tamil_0103,sanskrit,tamil,Vedic tradition,Thiruvalluvar,0.3511
arabic_0064,english_0084,arabic,english,Imru al-Qays,Keats,0.3511
hindi_0035,arabic_0061,hindi,arabic,Mirabai,Imru al-Qays,0.3511
urdu_0016,sanskrit_0044,urdu,sanskrit,Ghalib,Vedic tradition,0.351
urdu_0001,arabic_0057,urdu,arabic,Ghalib,Al-Hallaj,0.3509
urdu_0007,sanskrit_0044,urdu,sanskrit,Ghalib,Vedic tradition,0.3509
hindi_0025,english_0082,hindi,english,Kabir,Dylan Thomas,0.3508
urdu_0000,hindi_0035,urdu,hindi,Ghalib,Mirabai,0.3507
arabic_0071,english_0074,arabic,english,Arabic proverb,e.e. cummings,0.3506
hindi_0027,english_0087,hindi,english,Kabir,Keats,0.3506
hindi_0035,arabic_0067,hindi,arabic,Mirabai,Imru al-Qays,0.3505
arabic_0055,english_0083,arabic,english,Imru al-Qays,e.e. cummings,0.3505
urdu_0016,arabic_0057,urdu,arabic,Ghalib,Al-Hallaj,0.3504
urdu_0015,sanskrit_0053,urdu,sanskrit,Ghalib,Vedic tradition,0.3503
hindi_0027,sanskrit_0044,hindi,sanskrit,Kabir,Vedic tradition,0.3503
arabic_0057,english_0088,arabic,english,Al-Hallaj,Dylan Thomas,0.3503
hindi_0029,tamil_0094,hindi,tamil,Mirabai,Thiruvalluvar,0.3502
arabic_0061,english_0080,arabic,english,Imru al-Qays,e.e. cummings,0.3502
urdu_0012,english_0088,urdu,english,Ghalib,Dylan Thomas,0.3501
arabic_0057,english_0082,arabic,english,Al-Hallaj,Dylan Thomas,0.3501
hindi_0024,sanskrit_0041,hindi,sanskrit,Kabir,Vedic tradition,0.3501
sanskrit_0049,english_0084,sanskrit,english,Chandogya Upanishad,Keats,0.35
hindi_0022,english_0082,hindi,english,Kabir,Dylan Thomas,0.3499
arabic_0055,english_0080,arabic,english,Imru al-Qays,e.e. cummings,0.3499
hindi_0021,sanskrit_0044,hindi,sanskrit,Kabir,Vedic tradition,0.3498
arabic_0062,english_0077,arabic,english,Arabic proverb,e.e. cummings,0.3497
arabic_0059,english_0086,arabic,english,Arabic proverb,e.e. cummings,0.3496
urdu_0009,hindi_0035,urdu,hindi,Ghalib,Mirabai,0.3496
sanskrit_0044,tamil_0103,sanskrit,tamil,Vedic tradition,Thiruvalluvar,0.3495
arabic_0059,tamil_0094,arabic,tamil,Arabic proverb,Thiruvalluvar,0.3495
hindi_0021,sanskrit_0038,hindi,sanskrit,Kabir,Vedic tradition,0.3495
arabic_0061,english_0083,arabic,english,Imru al-Qays,e.e. cummings,0.3494
sanskrit_0053,tamil_0100,sanskrit,tamil,Vedic tradition,Thiruvalluvar,0.3494
urdu_0016,hindi_0035,urdu,hindi,Ghalib,Mirabai,0.3493
sanskrit_0048,arabic_0060,sanskrit,arabic,Upanishad,Al-Hallaj,0.349
english_0088,tamil_0097,english,tamil,Dylan Thomas,Thiruvalluvar,0.349
urdu_0000,english_0088,urdu,english,Ghalib,Dylan Thomas,0.349
english_0072,tamil_0094,english,tamil,Keats,Thiruvalluvar,0.3489
hindi_0029,arabic_0065,hindi,arabic,Mirabai,Arabic proverb,0.3488
sanskrit_0053,tamil_0091,sanskrit,tamil,Vedic tradition,Thiruvalluvar,0.3488
arabic_0057,english_0085,arabic,english,Al-Hallaj,Dylan Thomas,0.3488
sanskrit_0046,arabic_0060,sanskrit,arabic,Chandogya Upanishad,Al-Hallaj,0.3487
urdu_0001,sanskrit_0044,urdu,sanskrit,Ghalib,Vedic tradition,0.3487
urdu_0006,hindi_0035,urdu,hindi,Ghalib,Mirabai,0.3485
hindi_0031,english_0082,hindi,english,Kabir,Dylan Thomas,0.3484
arabic_0057,english_0073,arabic,english,Al-Hallaj,Dylan Thomas,0.3482
urdu_0001,hindi_0035,urdu,hindi,Ghalib,Mirabai,0.3482
sanskrit_0038,tamil_0103,sanskrit,tamil,Vedic tradition,Thiruvalluvar,0.3481
sanskrit_0052,arabic_0056,sanskrit,arabic,Chandogya Upanishad,Arabic proverb,0.3481
hindi_0030,sanskrit_0047,hindi,sanskrit,Kabir,Vedic tradition,0.3481
urdu_0004,sanskrit_0044,urdu,sanskrit,Ghalib,Vedic tradition,0.3481
hindi_0023,tamil_0100,hindi,tamil,Mirabai,Thiruvalluvar,0.348
hindi_0033,english_0089,hindi,english,Kabir,e.e. cummings,0.348
urdu_0012,hindi_0035,urdu,hindi,Ghalib,Mirabai,0.348
urdu_0010,sanskrit_0038,urdu,sanskrit,Ghalib,Vedic tradition,0.3479
sanskrit_0051,arabic_0060,sanskrit,arabic,Upanishad,Al-Hallaj,0.3479
sanskrit_0038,arabic_0065,sanskrit,arabic,Vedic tradition,Arabic proverb,0.3478
hindi_0027,sanskrit_0038,hindi,sanskrit,Kabir,Vedic tradition,0.3475
arabic_0070,english_0086,arabic,english,Imru al-Qays,e.e. cummings,0.3474
arabic_0056,english_0089,arabic,english,Arabic proverb,e.e. cummings,0.3473
english_0072,tamil_0091,english,tamil,Keats,Thiruvalluvar,0.3473
urdu_0014,tamil_0094,urdu,tamil,Ghalib,Thiruvalluvar,0.3472
english_0088,tamil_0103,english,tamil,Dylan Thomas,Thiruvalluvar,0.3471
urdu_0010,english_0085,urdu,english,Ghalib,Dylan Thomas,0.3471
hindi_0021,english_0084,hindi,english,Kabir,Keats,0.347
arabic_0056,english_0083,arabic,english,Arabic proverb,e.e. cummings,0.3468
hindi_0034,english_0084,hindi,english,Kabir,Keats,0.3468
hindi_0030,sanskrit_0053,hindi,sanskrit,Kabir,Vedic tradition,0.3467
arabic_0061,english_0087,arabic,english,Imru al-Qays,Keats,0.3466
arabic_0068,english_0086,arabic,english,Arabic proverb,e.e. cummings,0.3465
sanskrit_0041,english_0080,sanskrit,english,Vedic tradition,e.e. cummings,0.3465
arabic_0068,english_0089,arabic,english,Arabic proverb,e.e. cummings,0.3464
arabic_0065,english_0083,arabic,english,Arabic proverb,e.e. cummings,0.3463
arabic_0064,english_0087,arabic,english,Imru al-Qays,Keats,0.3463
hindi_0020,tamil_0099,hindi,tamil,Mirabai,Kaniyan Pungundranar,0.3462
urdu_0002,tamil_0097,urdu,tamil,Ghalib,Thiruvalluvar,0.3461
hindi_0023,tamil_0094,hindi,tamil,Mirabai,Thiruvalluvar,0.3461
hindi_0032,arabic_0065,hindi,arabic,Mirabai,Arabic proverb,0.3461
sanskrit_0052,arabic_0060,sanskrit,arabic,Chandogya Upanishad,Al-Hallaj,0.3461
hindi_0026,tamil_0103,hindi,tamil,Mirabai,Thiruvalluvar,0.346
hindi_0023,tamil_0091,hindi,tamil,Mirabai,Thiruvalluvar,0.3459
urdu_0003,arabic_0071,urdu,arabic,Ghalib,Arabic proverb,0.3459
urdu_0008,hindi_0034,urdu,hindi,Ghalib,Kabir,0.3459
urdu_0002,tamil_0091,urdu,tamil,Ghalib,Thiruvalluvar,0.3458
urdu_0013,sanskrit_0044,urdu,sanskrit,Ghalib,Vedic tradition,0.3458
arabic_0056,english_0074,arabic,english,Arabic proverb,e.e. cummings,0.3457
urdu_0017,sanskrit_0039,urdu,sanskrit,Ghalib,Upanishad,0.3457
arabic_0059,english_0080,arabic,english,Arabic proverb,e.e. cummings,0.3455
urdu_0008,tamil_0091,urdu,tamil,Ghalib,Thiruvalluvar,0.3454
urdu_0015,hindi_0035,urdu,hindi,Ghalib,Mirabai,0.3454
arabic_0059,english_0089,arabic,english,Arabic proverb,e.e. cummings,0.3452
urdu_0017,tamil_0100,urdu,tamil,Ghalib,Thiruvalluvar,0.3452
urdu_0012,arabic_0071,urdu,arabic,Ghalib,Arabic proverb,0.3452
urdu_0015,sanskrit_0047,urdu,sanskrit,Ghalib,Vedic tradition,0.3451
sanskrit_0045,arabic_0060,sanskrit,arabic,Upanishad,Al-Hallaj,0.3451
urdu_0008,tamil_0094,urdu,tamil,Ghalib,Thiruvalluvar,0.345
hindi_0021,sanskrit_0041,hindi,sanskrit,Kabir,Vedic tradition,0.345
urdu_0011,sanskrit_0039,urdu,sanskrit,Ghalib,Upanishad,0.345
urdu_0002,tamil_0094,urdu,tamil,Ghalib,Thiruvalluvar,0.3449
arabic_0064,english_0083,arabic,english,Imru al-Qays,e.e. cummings,0.3449
hindi_0026,arabic_0061,hindi,arabic,Mirabai,Imru al-Qays,0.3448
hindi_0035,arabic_0064,hindi,arabic,Mirabai,Imru al-Qays,0.3448
arabic_0063,english_0073,arabic,english,Al-Hallaj,Dylan Thomas,0.3448
arabic_0070,english_0087,arabic,english,Imru al-Qays,Keats,0.3447
sanskrit_0053,tamil_0097,sanskrit,tamil,Vedic tradition,Thiruvalluvar,0.3446
arabic_0062,english_0080,arabic,english,Arabic proverb,e.e. cummings,0.3446
urdu_0014,tamil_0091,urdu,tamil,Ghalib,Thiruvalluvar,0.3445
urdu_0004,arabic_0057,urdu,arabic,Ghalib,Al-Hallaj,0.3445
urdu_0005,sanskrit_0039,urdu,sanskrit,Ghalib,Upanishad,0.3445
urdu_0016,sanskrit_0038,urdu,sanskrit,Ghalib,Vedic tradition,0.3444
sanskrit_0049,arabic_0060,sanskrit,arabic,Chandogya Upanishad,Al-Hallaj,0.3444
hindi_0023,tamil_0097,hindi,tamil,Mirabai,Thiruvalluvar,0.3443
sanskrit_0046,english_0084,sanskrit,english,Chandogya Upanishad,Keats,0.3443
hindi_0024,english_0080,hindi,english,Kabir,e.e. cummings,0.3443
arabic_0058,english_0077,arabic,english,Imru al-Qays,e.e. cummings,0.3443
urdu_0001,english_0085,urdu,english,Ghalib,Dylan Thomas,0.3442
sanskrit_0040,english_0084,sanskrit,english,Chandogya Upanishad,Keats,0.3442
hindi_0035,arabic_0070,hindi,arabic,Mirabai,Imru al-Qays,0.3441
hindi_0027,sanskrit_0041,hindi,sanskrit,Kabir,Vedic tradition,0.344
urdu_0008,tamil_0097,urdu,tamil,Ghalib,Thiruvalluvar,0.3439
hindi_0032,arabic_0062,hindi,arabic,Mirabai,Arabic proverb,0.3439
hindi_0028,english_0082,hindi,english,Kabir,Dylan Thomas,0.3439
arabic_0057,english_0076,arabic,english,Al-Hallaj,Dylan Thomas,0.3438
sanskrit_0053,tamil_0094,sanskrit,tamil,Vedic tradition,Thiruvalluvar,0.3436
urdu_0015,arabic_0060,urdu,arabic,Ghalib,Al-Hallaj,0.3434
sanskrit_0047,arabic_0062,sanskrit,arabic,Vedic tradition,Arabic proverb,0.3434
hindi_0020,arabic_0056,hindi,arabic,Mirabai,Arabic proverb,0.3434
urdu_0001,english_0075,urdu,english,Ghalib,Keats,0.3434
urdu_0016,english_0085,urdu,english,Ghalib,Dylan Thomas,0.3433
arabic_0067,english_0087,arabic,english,Imru al-Qays,Keats,0.3431
arabic_0067,english_0086,arabic,english,Imru al-Qays,e.e. cummings,0.343
arabic_0064,english_0080,arabic,english,Imru al-Qays,e.e. cummings,0.3428
urdu_0007,sanskrit_0038,urdu,sanskrit,Ghalib,Vedic tradition,0.3428
sanskrit_0037,arabic_0060,sanskrit,arabic,Chandogya Upanishad,Al-Hallaj,0.3427
hindi_0021,english_0086,hindi,english,Kabir,e.e. cummings,0.3426
hindi_0029,arabic_0062,hindi,arabic,Mirabai,Arabic proverb,0.3425
arabic_0056,english_0073,arabic,english,Arabic proverb,Dylan Thomas,0.3425
urdu_0001,sanskrit_0038,urdu,sanskrit,Ghalib,Vedic tradition,0.3424
urdu_0005,tamil_0100,urdu,tamil,Ghalib,Thiruvalluvar,0.3424
sanskrit_0053,tamil_0103,sanskrit,tamil,Vedic tradition,Thiruvalluvar,0.3424
arabic_0070,english_0084,arabic,english,Imru al-Qays,Keats,0.3424
arabic_0071,english_0080,arabic,english,Arabic proverb,e.e. cummings,0.3423
hindi_0021,english_0074,hindi,english,Kabir,e.e. cummings,0.3422
arabic_0059,english_0074,arabic,english,Arabic proverb,e.e. cummings,0.3422
urdu_0007,hindi_0035,urdu,hindi,Ghalib,Mirabai,0.3422
arabic_0065,english_0089,arabic,english,Arabic proverb,e.e. cummings,0.3421
urdu_0002,tamil_0103,urdu,tamil,Ghalib,Thiruvalluvar,0.342
urdu_0010,english_0076,urdu,english,Ghalib,Dylan Thomas,0.3419
sanskrit_0041,arabic_0065,sanskrit,arabic,Vedic tradition,Arabic proverb,0.3417
arabic_0063,english_0082,arabic,english,Al-Hallaj,Dylan Thomas,0.3417
hindi_0032,tamil_0100,hindi,tamil,Mirabai,Thiruvalluvar,0.3416
urdu_0013,arabic_0057,urdu,arabic,Ghalib,Al-Hallaj,0.3416
urdu_0004,sanskrit_0038,urdu,sanskrit,Ghalib,Vedic tradition,0.3416
english_0072,tamil_0103,english,tamil,Keats,Thiruvalluvar,0.3415
arabic_0068,english_0074,arabic,english,Arabic proverb,e.e. cummings,0.3414
urdu_0008,tamil_0103,urdu,tamil,Ghalib,Thiruvalluvar,0.3413
sanskrit_0052,english_0084,sanskrit,english,Chandogya Upanishad,Keats,0.3413
arabic_0061,english_0084,arabic,english,Imru al-Qays,Keats,0.3413
urdu_0004,hindi_0035,urdu,hindi,Ghalib,Mirabai,0.3413
english_0072,tamil_0100,english,tamil,Keats,Thiruvalluvar,0.3413
sanskrit_0037,english_0084,sanskrit,english,Chandogya Upanishad,Keats,0.3412
arabic_0071,english_0073,arabic,english,Arabic proverb,Dylan Thomas,0.3412
arabic_0055,english_0087,arabic,english,Imru al-Qays,Keats,0.3412
urdu_0014,tamil_0097,urdu,tamil,Ghalib,Thiruvalluvar,0.3411
hindi_0032,arabic_0068,hindi,arabic,Mirabai,Arabic proverb,0.3411
sanskrit_0047,tamil_0100,sanskrit,tamil,Vedic tradition,Thiruvalluvar,0.3411
urdu_0013,english_0085,urdu,english,Ghalib,Dylan Thomas,0.3411
urdu_0007,arabic_0057,urdu,arabic,Ghalib,Al-Hallaj,0.341
hindi_0026,arabic_0067,hindi,arabic,Mirabai,Imru al-Qays,0.341
arabic_0057,english_0079,arabic,english,Al-Hallaj,Dylan Thomas,0.341
urdu_0007,english_0085,urdu,english,Ghalib,Dylan Thomas,0.341
hindi_0029,arabic_0061,hindi,arabic,Mirabai,Imru al-Qays,0.3409
hindi_0029,tamil_0103,hindi,tamil,Mirabai,Thiruvalluvar,0.3409
urdu_0014,tamil_0103,urdu,tamil,Ghalib,Thiruvalluvar,0.3408
urdu_0011,tamil_0100,urdu,tamil,Ghalib,Thiruvalluvar,0.3407
hindi_0032,tamil_0094,hindi,tamil,Mirabai,Thiruvalluvar,0.3406
urdu_0010,arabic_0063,urdu,arabic,Ghalib,Al-Hallaj,0.3406
arabic_0063,english_0085,arabic,english,Al-Hallaj,Dylan Thomas,0.3406
sanskrit_0047,tamil_0095,sanskrit,tamil,Vedic tradition,Thiruvalluvar,0.3405
urdu_0010,english_0075,urdu,english,Ghalib,Keats,0.3404
arabic_0063,english_0088,arabic,english,Al-Hallaj,Dylan Thomas,0.3401
arabic_0065,english_0086,arabic,english,Arabic proverb,e.e. cummings,0.34
hindi_0027,english_0078,hindi,english,Kabir,Keats,0.34
urdu_0017,sanskrit_0036,urdu,sanskrit,Ghalib,Upanishad,0.3399
urdu_0004,english_0085,urdu,english,Ghalib,Dylan Thomas,0.3398
hindi_0032,tamil_0091,hindi,tamil,Mirabai,Thiruvalluvar,0.3396
arabic_0067,english_0084,arabic,english,Imru al-Qays,Keats,0.3396
english_0082,tamil_0094,english,tamil,Dylan Thomas,Thiruvalluvar,0.3396
hindi_0027,english_0080,hindi,english,Kabir,e.e. cummings,0.3393
urdu_0016,english_0075,urdu,english,Ghalib,Keats,0.3392
urdu_0003,arabic_0060,urdu,arabic,Ghalib,Al-Hallaj,0.3392
hindi_0026,arabic_0064,hindi,arabic,Mirabai,Imru al-Qays,0.3391
urdu_0013,hindi_0035,urdu,hindi,Ghalib,Mirabai,0.3391
urdu_0000,arabic_0060,urdu,arabic,Ghalib,Al-Hallaj,0.339
hindi_0023,arabic_0061,hindi,arabic,Mirabai,Imru al-Qays,0.3389
sanskrit_0041,english_0081,sanskrit,english,Vedic tradition,Keats,0.3388
hindi_0035,arabic_0055,hindi,arabic,Mirabai,Imru al-Qays,0.3387
urdu_0008,sanskrit_0039,urdu,sanskrit,Ghalib,Upanishad,0.3386
hindi_0026,arabic_0065,hindi,arabic,Mirabai,Arabic proverb,0.3386
arabic_0062,english_0083,arabic,english,Arabic proverb,e.e. cummings,0.3385
arabic_0068,english_0079,arabic,english,Arabic proverb,Dylan Thomas,0.3385
sanskrit_0047,tamil_0101,sanskrit,tamil,Vedic tradition,Thiruvalluvar,0.3383
urdu_0001,english_0076,urdu,english,Ghalib,Dylan Thomas,0.3383
arabic_0070,english_0074,arabic,english,Imru al-Qays,e.e. cummings,0.3383
urdu_0013,sanskrit_0038,urdu,sanskrit,Ghalib,Vedic tradition,0.3382
hindi_0032,tamil_0097,hindi,tamil,Mirabai,Thiruvalluvar,0.3381
arabic_0055,english_0084,arabic,english,Imru al-Qays,Keats,0.338
arabic_0071,tamil_0094,arabic,tamil,Arabic proverb,Thiruvalluvar,0.338
urdu_0015,english_0073,urdu,english,Ghalib,Dylan Thomas,0.3379
urdu_0012,arabic_0060,urdu,arabic,Ghalib,Al-Hallaj,0.3379
urdu_0002,sanskrit_0039,urdu,sanskrit,Ghalib,Upanishad,0.3379
urdu_0011,sanskrit_0036,urdu,sanskrit,Ghalib,Upanishad,0.3377
urdu_0010,english_0088,urdu,english,Ghalib,Dylan Thomas,0.3377
hindi_0035,sanskrit_0049,hindi,sanskrit,Mirabai,Chandogya Upanishad,0.3376
hindi_0035,arabic_0065,hindi,arabic,Mirabai,Arabic proverb,0.3376
english_0082,tamil_0100,english,tamil,Dylan Thomas,Thiruvalluvar,0.3375
arabic_0061,english_0086,arabic,english,Imru al-Qays,e.e. cummings,0.3374
hindi_0023,arabic_0065,hindi,arabic,Mirabai,Arabic proverb,0.3374
urdu_0005,sanskrit_0036,urdu,sanskrit,Ghalib,Upanishad,0.3374
sanskrit_0038,english_0081,sanskrit,english,Vedic tradition,Keats,0.3374
sanskrit_0047,tamil_0091,sanskrit,tamil,Vedic tradition,Thiruvalluvar,0.3373
hindi_0033,sanskrit_0053,hindi,sanskrit,Kabir,Vedic tradition,0.3373
hindi_0033,sanskrit_0047,hindi,sanskrit,Kabir,Vedic tradition,0.3373
english_0082,tamil_0091,english,tamil,Dylan Thomas,Thiruvalluvar,0.3373
arabic_0065,english_0079,arabic,english,Arabic proverb,Dylan Thomas,0.3372
urdu_0003,english_0073,urdu,english,Ghalib,Dylan Thomas,0.3371
urdu_0016,english_0076,urdu,english,Ghalib,Dylan Thomas,0.3371
urdu_0010,hindi_0026,urdu,hindi,Ghalib,Mirabai,0.337
hindi_0035,sanskrit_0046,hindi,sanskrit,Mirabai,Chandogya Upanishad,0.337
arabic_0062,english_0079,arabic,english,Arabic proverb,Dylan Thomas,0.337
urdu_0009,english_0073,urdu,english,Ghalib,Dylan Thomas,0.3369
urdu_0007,english_0075,urdu,english,Ghalib,Keats,0.3369
urdu_0009,arabic_0060,urdu,arabic,Ghalib,Al-Hallaj,0.3369
arabic_0056,english_0082,arabic,english,Arabic proverb,Dylan Thomas,0.3368
hindi_0029,arabic_0067,hindi,arabic,Mirabai,Imru al-Qays,0.3368
hindi_0035,sanskrit_0037,hindi,sanskrit,Mirabai,Chandogya Upanishad,0.3367
arabic_0055,english_0086,arabic,english,Imru al-Qays,e.e. cummings,0.3366
sanskrit_0053,english_0081,sanskrit,english,Vedic tradition,Keats,0.3366
urdu_0010,sanskrit_0041,urdu,sanskrit,Ghalib,Vedic tradition,0.3366
urdu_0003,hindi_0026,urdu,hindi,Ghalib,Mirabai,0.3366
urdu_0000,english_0073,urdu,english,Ghalib,Dylan Thomas,0.3366
urdu_0015,arabic_0071,urdu,arabic,Ghalib,Arabic proverb,0.3366
urdu_0009,arabic_0071,urdu,arabic,Ghalib,Arabic proverb,0.3365
hindi_0035,sanskrit_0052,hindi,sanskrit,Mirabai,Chandogya Upanishad,0.3364
sanskrit_0044,arabic_0062,sanskrit,arabic,Vedic tradition,Arabic proverb,0.3364
hindi_0035,arabic_0058,hindi,arabic,Mirabai,Imru al-Qays,0.3364
arabic_0071,english_0082,arabic,english,Arabic proverb,Dylan Thomas,0.3363
urdu_0003,hindi_0029,urdu,hindi,Ghalib,Mirabai,0.3361
urdu_0012,english_0073,urdu,english,Ghalib,Dylan Thomas,0.336
arabic_0060,english_0088,arabic,english,Al-Hallaj,Dylan Thomas,0.336
urdu_0000,hindi_0026,urdu,hindi,Ghalib,Mirabai,0.3359
sanskrit_0047,tamil_0092,sanskrit,tamil,Vedic tradition,Thiruvalluvar,0.3357
hindi_0023,arabic_0062,hindi,arabic,Mirabai,Arabic proverb,0.3357
hindi_0023,arabic_0068,hindi,arabic,Mirabai,Arabic proverb,0.3356
urdu_0000,hindi_0029,urdu,hindi,Ghalib,Mirabai,0.3355
hindi_0032,arabic_0061,hindi,arabic,Mirabai,Imru al-Qays,0.3355
arabic_0059,english_0073,arabic,english,Arabic proverb,Dylan Thomas,0.3352
hindi_0026,arabic_0062,hindi,arabic,Mirabai,Arabic proverb,0.3352
arabic_0065,english_0074,arabic,english,Arabic proverb,e.e. cummings,0.3352
sanskrit_0038,english_0080,sanskrit,english,Vedic tradition,e.e. cummings,0.3351
urdu_0009,hindi_0026,urdu,hindi,Ghalib,Mirabai,0.3351
arabic_0062,english_0089,arabic,english,Arabic proverb,e.e. cummings,0.3351
hindi_0023,tamil_0103,hindi,tamil,Mirabai,Thiruvalluvar,0.3351
urdu_0013,english_0075,urdu,english,Ghalib,Keats,0.335
hindi_0026,arabic_0070,hindi,arabic,Mirabai,Imru al-Qays,0.335
hindi_0029,arabic_0068,hindi,arabic,Mirabai,Arabic proverb,0.3349
urdu_0009,hindi_0029,urdu,hindi,Ghalib,Mirabai,0.3348
arabic_0069,english_0081,arabic,english,Al-Hallaj,Keats,0.3347
urdu_0011,sanskrit_0045,urdu,sanskrit,Ghalib,Upanishad,0.3347
arabic_0064,english_0086,arabic,english,Imru al-Qays,e.e. cummings,0.3346
urdu_0004,english_0075,urdu,english,Ghalib,Keats,0.3345
urdu_0001,english_0088,urdu,english,Ghalib,Dylan Thomas,0.3345
urdu_0017,sanskrit_0045,urdu,sanskrit,Ghalib,Upanishad,0.3345
hindi_0023,arabic_0067,hindi,arabic,Mirabai,Imru al-Qays,0.3344
urdu_0017,sanskrit_0048,urdu,sanskrit,Ghalib,Upanishad,0.3344
sanskrit_0042,english_0072,sanskrit,english,Upanishad,Keats,0.3343
urdu_0017,sanskrit_0042,urdu,sanskrit,Ghalib,Upanishad,0.3342
english_0072,tamil_0097,english,tamil,Keats,Thiruvalluvar,0.3342
hindi_0020,arabic_0071,hindi,arabic,Mirabai,Arabic proverb,0.334
urdu_0016,sanskrit_0041,urdu,sanskrit,Ghalib,Vedic tradition,0.3339
urdu_0016,hindi_0026,urdu,hindi,Ghalib,Mirabai,0.3339
hindi_0029,arabic_0064,hindi,arabic,Mirabai,Imru al-Qays,0.3339
urdu_0006,arabic_0060,urdu,arabic,Ghalib,Al-Hallaj,0.3339
urdu_0006,hindi_0026,urdu,hindi,Ghalib,Mirabai,0.3338
sanskrit_0047,tamil_0097,sanskrit,tamil,Vedic tradition,Thiruvalluvar,0.3337
arabic_0063,english_0076,arabic,english,Al-Hallaj,Dylan Thomas,0.3337
hindi_0023,arabic_0064,hindi,arabic,Mirabai,Imru al-Qays,0.3337
arabic_0064,english_0078,arabic,english,Imru al-Qays,Keats,0.3336
hindi_0025,arabic_0060,hindi,arabic,Kabir,Al-Hallaj,0.3336
urdu_0001,hindi_0026,urdu,hindi,Ghalib,Mirabai,0.3336
urdu_0007,english_0076,urdu,english,Ghalib,Dylan Thomas,0.3336
urdu_0013,english_0076,urdu,english,Ghalib,Dylan Thomas,0.3335
arabic_0068,english_0085,arabic,english,Arabic proverb,Dylan Thomas,0.3335
sanskrit_0044,english_0081,sanskrit,english,Vedic tradition,Keats,0.3334
arabic_0070,english_0089,arabic,english,Imru al-Qays,e.e. cummings,0.3334
urdu_0004,english_0076,urdu,english,Ghalib,Dylan Thomas,0.3334
sanskrit_0036,english_0072,sanskrit,english,Upanishad,Keats,0.3334
urdu_0005,sanskrit_0045,urdu,sanskrit,Ghalib,Upanishad,0.3334
urdu_0006,english_0073,urdu,english,Ghalib,Dylan Thomas,0.3333
urdu_0006,hindi_0029,urdu,hindi,Ghalib,Mirabai,0.3333
arabic_0058,english_0083,arabic,english,Imru al-Qays,e.e. cummings,0.3332
sanskrit_0047,tamil_0104,sanskrit,tamil,Vedic tradition,Thiruvalluvar,0.3332
hindi_0026,arabic_0058,hindi,arabic,Mirabai,Imru al-Qays,0.3332
urdu_0016,english_0088,urdu,english,Ghalib,Dylan Thomas,0.3331
urdu_0012,hindi_0026,urdu,hindi,Ghalib,Mirabai,0.3331
hindi_0035,arabic_0068,hindi,arabic,Mirabai,Arabic proverb,0.333
urdu_0007,sanskrit_0041,urdu,sanskrit,Ghalib,Vedic tradition,0.333
arabic_0067,english_0074,arabic,english,Imru al-Qays,e.e. cummings,0.3329
hindi_0035,sanskrit_0040,hindi,sanskrit,Mirabai,Chandogya Upanishad,0.3327
arabic_0062,english_0086,arabic,english,Arabic proverb,e.e. cummings,0.3326
urdu_0012,hindi_0029,urdu,hindi,Ghalib,Mirabai,0.3326
urdu_0001,arabic_0063,urdu,arabic,Ghalib,Al-Hallaj,0.3325
arabic_0058,english_0080,arabic,english,Imru al-Qays,e.e. cummings,0.3324
urdu_0006,english_0082,urdu,english,Ghalib,Dylan Thomas,0.3324
hindi_0022,arabic_0060,hindi,arabic,Kabir,Al-Hallaj,0.3324
urdu_0008,sanskrit_0036,urdu,sanskrit,Ghalib,Upanishad,0.3323
sanskrit_0047,arabic_0065,sanskrit,arabic,Vedic tradition,Arabic proverb,0.3322
arabic_0063,english_0079,arabic,english,Al-Hallaj,Dylan Thomas,0.3322
sanskrit_0047,tamil_0094,sanskrit,tamil,Vedic tradition,Thiruvalluvar,0.3322
hindi_0027,english_0089,hindi,english,Kabir,e.e. cummings,0.3322
hindi_0026,arabic_0055,hindi,arabic,Mirabai,Imru al-Qays,0.3321
hindi_0035,arabic_0062,hindi,arabic,Mirabai,Arabic proverb,0.3321
urdu_0001,sanskrit_0041,urdu,sanskrit,Ghalib,Vedic tradition,0.3321
hindi_0024,english_0089,hindi,english,Kabir,e.e. cummings,0.3321
urdu_0011,sanskrit_0042,urdu,sanskrit,Ghalib,Upanishad,0.3319
arabic_0058,english_0087,arabic,english,Imru al-Qays,Keats,0.3319
hindi_0032,arabic_0064,hindi,arabic,Mirabai,Imru al-Qays,0.3319
urdu_0006,arabic_0071,urdu,arabic,Ghalib,Arabic proverb,0.3319
hindi_0026,arabic_0068,hindi,arabic,Mirabai,Arabic proverb,0.3317
hindi_0026,sanskrit_0049,hindi,sanskrit,Mirabai,Chandogya Upanishad,0.3316
urdu_0016,arabic_0063,urdu,arabic,Ghalib,Al-Hallaj,0.3316
sanskrit_0047,tamil_0103,sanskrit,tamil,Vedic tradition,Thiruvalluvar,0.3315
urdu_0004,sanskrit_0041,urdu,sanskrit,Ghalib,Vedic tradition,0.3315
urdu_0005,sanskrit_0048,urdu,sanskrit,Ghalib,Upanishad,0.3315
urdu_0005,sanskrit_0042,urdu,sanskrit,Ghalib,Upanishad,0.3315
urdu_0003,hindi_0023,urdu,hindi,Ghalib,Mirabai,0.3315
sanskrit_0045,english_0072,sanskrit,english,Upanishad,Keats,0.3315
arabic_0060,english_0085,arabic,english,Al-Hallaj,Dylan Thomas,0.3315
hindi_0029,arabic_0070,hindi,arabic,Mirabai,Imru al-Qays,0.3314
hindi_0019,arabic_0060,hindi,arabic,Kabir,Al-Hallaj,0.3313
urdu_0009,english_0082,urdu,english,Ghalib,Dylan Thomas,0.3312
urdu_0000,hindi_0023,urdu,hindi,Ghalib,Mirabai,0.331
arabic_0055,english_0074,arabic,english,Imru al-Qays,e.e. cummings,0.3309
urdu_0011,sanskrit_0048,urdu,sanskrit,Ghalib,Upanishad,0.3309
hindi_0032,arabic_0067,hindi,arabic,Mirabai,Imru al-Qays,0.3309
urdu_0000,arabic_0056,urdu,arabic,Ghalib,Arabic proverb,0.3308
urdu_0010,hindi_0029,urdu,hindi,Ghalib,Mirabai,0.3307
urdu_0002,sanskrit_0036,urdu,sanskrit,Ghalib,Upanishad,0.3306
sanskrit_0049,english_0087,sanskrit,english,Chandogya Upanishad,Keats,0.3306
arabic_0059,tamil_0091,arabic,tamil,Arabic proverb,Thiruvalluvar,0.3305
hindi_0026,sanskrit_0037,hindi,sanskrit,Mirabai,Chandogya Upanishad,0.3304
hindi_0026,sanskrit_0046,hindi,sanskrit,Mirabai,Chandogya Upanishad,0.3303
hindi_0034,english_0087,hindi,english,Kabir,Keats,0.3303
hindi_0021,english_0087,hindi,english,Kabir,Keats,0.3303
urdu_0014,sanskrit_0039,urdu,sanskrit,Ghalib,Upanishad,0.3302
sanskrit_0051,english_0072,sanskrit,english,Upanishad,Keats,0.3301
urdu_0004,english_0088,urdu,english,Ghalib,Dylan Thomas,0.3301
hindi_0026,sanskrit_0052,hindi,sanskrit,Mirabai,Chandogya Upanishad,0.3301
urdu_0009,hindi_0023,urdu,hindi,Ghalib,Mirabai,0.3301
urdu_0008,sanskrit_0045,urdu,sanskrit,Ghalib,Upanishad,0.3301
hindi_0031,arabic_0060,hindi,arabic,Kabir,Al-Hallaj,0.33
urdu_0013,english_0088,urdu,english,Ghalib,Dylan Thomas,0.3299
urdu_0007,english_0088,urdu,english,Ghalib,Dylan Thomas,0.3298
urdu_0015,hindi_0029,urdu,hindi,Ghalib,Mirabai,0.3297
urdu_0015,english_0082,urdu,english,Ghalib,Dylan Thomas,0.3297
urdu_0003,english_0082,urdu,english,Ghalib,Dylan Thomas,0.3296
urdu_0010,hindi_0023,urdu,hindi,Ghalib,Mirabai,0.3295
arabic_0061,english_0074,arabic,english,Imru al-Qays,e.e. cummings,0.3294
urdu_0015,hindi_0026,urdu,hindi,Ghalib,Mirabai,0.3294
urdu_0016,hindi_0029,urdu,hindi,Ghalib,Mirabai,0.3292
english_0082,tamil_0097,english,tamil,Dylan Thomas,Thiruvalluvar,0.3292
hindi_0032,tamil_0103,hindi,tamil,Mirabai,Thiruvalluvar,0.3291
sanskrit_0053,english_0087,sanskrit,english,Vedic tradition,Keats,0.3291
urdu_0017,sanskrit_0051,urdu,sanskrit,Ghalib,Upanishad,0.329
sanskrit_0053,english_0075,sanskrit,english,Vedic tradition,Keats,0.3288
urdu_0006,hindi_0023,urdu,hindi,Ghalib,Mirabai,0.3288
arabic_0067,english_0089,arabic,english,Imru al-Qays,e.e. cummings,0.3288
urdu_0002,tamil_0100,urdu,tamil,Ghalib,Thiruvalluvar,0.3288
hindi_0023,arabic_0070,hindi,arabic,Mirabai,Imru al-Qays,0.3287
arabic_0054,english_0081,arabic,english,Al-Hallaj,Keats,0.3285
urdu_0012,hindi_0023,urdu,hindi,Ghalib,Mirabai,0.3283
sanskrit_0047,tamil_0098,sanskrit,tamil,Vedic tradition,Thiruvalluvar,0.3283
urdu_0012,english_0082,urdu,english,Ghalib,Dylan Thomas,0.3282
english_0082,tamil_0103,english,tamil,Dylan Thomas,Thiruvalluvar,0.3282
urdu_0013,sanskrit_0041,urdu,sanskrit,Ghalib,Vedic tradition,0.3281
urdu_0001,hindi_0029,urdu,hindi,Ghalib,Mirabai,0.328
arabic_0062,english_0074,arabic,english,Arabic proverb,e.e. cummings,0.3279
urdu_0005,sanskrit_0051,urdu,sanskrit,Ghalib,Upanishad,0.3279
hindi_0024,sanskrit_0053,hindi,sanskrit,Kabir,Vedic tradition,0.3278
sanskrit_0039,english_0072,sanskrit,english,Upanishad,Keats,0.3275
urdu_0011,sanskrit_0051,urdu,sanskrit,Ghalib,Upanishad,0.3275
hindi_0028,arabic_0060,hindi,arabic,Kabir,Al-Hallaj,0.3275
urdu_0008,tamil_0100,urdu,tamil,Ghalib,Thiruvalluvar,0.3275
urdu_0000,english_0082,urdu,english,Ghalib,Dylan Thomas,0.3274
arabic_0068,english_0088,arabic,english,Arabic proverb,Dylan Thomas,0.3274
sanskrit_0050,english_0081,sanskrit,english,Vedic tradition,Keats,0.3273
urdu_0007,hindi_0026,urdu,hindi,Ghalib,Mirabai,0.3273
sanskrit_0044,arabic_0065,sanskrit,arabic,Vedic tradition,Arabic proverb,0.3272
urdu_0008,sanskrit_0048,urdu,sanskrit,Ghalib,Upanishad,0.3272
hindi_0026,sanskrit_0040,hindi,sanskrit,Mirabai,Chandogya Upanishad,0.3271
arabic_0064,english_0074,arabic,english,Imru al-Qays,e.e. cummings,0.327
sanskrit_0048,english_0072,sanskrit,english,Upanishad,Keats,0.3269
hindi_0035,sanskrit_0043,hindi,sanskrit,Mirabai,Chandogya Upanishad,0.3269
urdu_0004,arabic_0063,urdu,arabic,Ghalib,Al-Hallaj,0.3269
urdu_0003,hindi_0032,urdu,hindi,Ghalib,Mirabai,0.3268
hindi_0029,arabic_0055,hindi,arabic,Mirabai,Imru al-Qays,0.3268
hindi_0029,arabic_0058,hindi,arabic,Mirabai,Imru al-Qays,0.3267
arabic_0059,english_0082,arabic,english,Arabic proverb,Dylan Thomas,0.3267
hindi_0023,arabic_0058,hindi,arabic,Mirabai,Imru al-Qays,0.3265
urdu_0008,sanskrit_0042,urdu,sanskrit,Ghalib,Upanishad,0.3265
urdu_0007,hindi_0029,urdu,hindi,Ghalib,Mirabai,0.3264
arabic_0058,english_0084,arabic,english,Imru al-Qays,Keats,0.3264
hindi_0021,sanskrit_0053,hindi,sanskrit,Kabir,Vedic tradition,0.3263
urdu_0002,sanskrit_0045,urdu,sanskrit,Ghalib,Upanishad,0.3263
arabic_0068,english_0073,arabic,english,Arabic proverb,Dylan Thomas,0.3263
urdu_0000,hindi_0032,urdu,hindi,Ghalib,Mirabai,0.3262
hindi_0018,english_0072,hindi,english,Kabir,Keats,0.3262
urdu_0004,hindi_0026,urdu,hindi,Ghalib,Mirabai,0.3261
arabic_0068,english_0076,arabic,english,Arabic proverb,Dylan Thomas,0.3259
arabic_0068,english_0082,arabic,english,Arabic proverb,Dylan Thomas,0.3258
urdu_0015,hindi_0023,urdu,hindi,Ghalib,Mirabai,0.3257
sanskrit_0047,english_0081,sanskrit,english,Vedic tradition,Keats,0.3256
hindi_0032,arabic_0070,hindi,arabic,Mirabai,Imru al-Qays,0.3255
urdu_0009,hindi_0032,urdu,hindi,Ghalib,Mirabai,0.3255
arabic_0060,english_0076,arabic,english,Al-Hallaj,Dylan Thomas,0.3253
urdu_0001,hindi_0023,urdu,hindi,Ghalib,Mirabai,0.3252
hindi_0024,sanskrit_0047,hindi,sanskrit,Kabir,Vedic tradition,0.3252
sanskrit_0040,english_0087,sanskrit,english,Chandogya Upanishad,Keats,0.3251
urdu_0002,sanskrit_0042,urdu,sanskrit,Ghalib,Upanishad,0.3251
urdu_0014,sanskrit_0036,urdu,sanskrit,Ghalib,Upanishad,0.3251
urdu_0002,sanskrit_0048,urdu,sanskrit,Ghalib,Upanishad,0.3251
hindi_0023,sanskrit_0049,hindi,sanskrit,Mirabai,Chandogya Upanishad,0.325
sanskrit_0041,english_0075,sanskrit,english,Vedic tradition,Keats,0.3249
hindi_0023,arabic_0055,hindi,arabic,Mirabai,Imru al-Qays,0.3249
urdu_0014,tamil_0100,urdu,tamil,Ghalib,Thiruvalluvar,0.3246
sanskrit_0046,english_0087,sanskrit,english,Chandogya Upanishad,Keats,0.3245
arabic_0056,english_0080,arabic,english,Arabic proverb,e.e. cummings,0.3244
urdu_0006,hindi_0032,urdu,hindi,Ghalib,Mirabai,0.3243
arabic_0068,english_0081,arabic,english,Arabic proverb,Keats,0.3243
urdu_0013,arabic_0063,urdu,arabic,Ghalib,Al-Hallaj,0.3242
urdu_0003,arabic_0056,urdu,arabic,Ghalib,Arabic proverb,0.3242
hindi_0023,sanskrit_0046,hindi,sanskrit,Mirabai,Chandogya Upanishad,0.3242
arabic_0061,english_0078,arabic,english,Imru al-Qays,Keats,0.3241
hindi_0021,english_0080,hindi,english,Kabir,e.e. cummings,0.3241
sanskrit_0038,english_0075,sanskrit,english,Vedic tradition,Keats,0.3241
arabic_0055,english_0089,arabic,english,Imru al-Qays,e.e. cummings,0.3241
hindi_0032,arabic_0058,hindi,arabic,Mirabai,Imru al-Qays,0.3239
urdu_0013,hindi_0026,urdu,hindi,Ghalib,Mirabai,0.3238
urdu_0008,sanskrit_0051,urdu,sanskrit,Ghalib,Upanishad,0.3238
hindi_0032,arabic_0059,hindi,arabic,Mirabai,Arabic proverb,0.3238
urdu_0012,arabic_0056,urdu,arabic,Ghalib,Arabic proverb,0.3237
urdu_0016,hindi_0023,urdu,hindi,Ghalib,Mirabai,0.3237
urdu_0010,hindi_0032,urdu,hindi,Ghalib,Mirabai,0.3237
hindi_0027,sanskrit_0047,hindi,sanskrit,Kabir,Vedic tradition,0.3236
urdu_0014,sanskrit_0048,urdu,sanskrit,Ghalib,Upanishad,0.3235
urdu_0012,hindi_0032,urdu,hindi,Ghalib,Mirabai,0.3235
urdu_0004,hindi_0029,urdu,hindi,Ghalib,Mirabai,0.3234
urdu_0007,arabic_0063,urdu,arabic,Ghalib,Al-Hallaj,0.3234
sanskrit_0047,english_0080,sanskrit,english,Vedic tradition,e.e. cummings,0.3233
sanskrit_0043,english_0084,sanskrit,english,Chandogya Upanishad,Keats,0.3231
arabic_0061,english_0089,arabic,english,Imru al-Qays,e.e. cummings,0.323
arabic_0070,english_0078,arabic,english,Imru al-Qays,Keats,0.3229
arabic_0071,english_0079,arabic,english,Arabic proverb,Dylan Thomas,0.3229
urdu_0014,sanskrit_0045,urdu,sanskrit,Ghalib,Upanishad,0.3227
hindi_0030,english_0072,hindi,english,Kabir,Keats,0.3225
hindi_0020,arabic_0059,hindi,arabic,Mirabai,Arabic proverb,0.3224
hindi_0032,arabic_0055,hindi,arabic,Mirabai,Imru al-Qays,0.3222
hindi_0021,sanskrit_0047,hindi,sanskrit,Kabir,Vedic tradition,0.3222
sanskrit_0052,english_0087,sanskrit,english,Chandogya Upanishad,Keats,0.3221
urdu_0013,hindi_0029,urdu,hindi,Ghalib,Mirabai,0.322
hindi_0023,sanskrit_0037,hindi,sanskrit,Mirabai,Chandogya Upanishad,0.3219
sanskrit_0037,english_0087,sanskrit,english,Chandogya Upanishad,Keats,0.3219
hindi_0023,sanskrit_0052,hindi,sanskrit,Mirabai,Chandogya Upanishad,0.3219
hindi_0027,sanskrit_0053,hindi,sanskrit,Kabir,Vedic tradition,0.3217
hindi_0021,english_0078,hindi,english,Kabir,Keats,0.3217
hindi_0026,sanskrit_0043,hindi,sanskrit,Mirabai,Chandogya Upanishad,0.3215
urdu_0015,hindi_0032,urdu,hindi,Ghalib,Mirabai,0.3213
arabic_0071,english_0088,arabic,english,Arabic proverb,Dylan Thomas,0.3211
arabic_0059,tamil_0097,arabic,tamil,Arabic proverb,Thiruvalluvar,0.3211
urdu_0002,sanskrit_0051,urdu,sanskrit,Ghalib,Upanishad,0.3211
arabic_0058,english_0086,arabic,english,Imru al-Qays,e.e. cummings,0.321
urdu_0001,hindi_0032,urdu,hindi,Ghalib,Mirabai,0.3206
arabic_0064,english_0089,arabic,english,Imru al-Qays,e.e. cummings,0.3206
urdu_0014,sanskrit_0042,urdu,sanskrit,Ghalib,Upanishad,0.3204
arabic_0062,english_0081,arabic,english,Arabic proverb,Keats,0.3204
hindi_0032,arabic_0056,hindi,arabic,Mirabai,Arabic proverb,0.3201
sanskrit_0044,english_0075,sanskrit,english,Vedic tradition,Keats,0.32
hindi_0032,arabic_0071,hindi,arabic,Mirabai,Arabic proverb,0.3198
urdu_0014,sanskrit_0051,urdu,sanskrit,Ghalib,Upanishad,0.3197
arabic_0065,english_0081,arabic,english,Arabic proverb,Keats,0.3197
arabic_0056,tamil_0094,arabic,tamil,Arabic proverb,Thiruvalluvar,0.3196
hindi_0032,sanskrit_0049,hindi,sanskrit,Mirabai,Chandogya Upanishad,0.3194
urdu_0016,hindi_0032,urdu,hindi,Ghalib,Mirabai,0.3193
hindi_0021,english_0089,hindi,english,Kabir,e.e. cummings,0.3192
arabic_0067,english_0078,arabic,english,Imru al-Qays,Keats,0.3191
hindi_0023,sanskrit_0040,hindi,sanskrit,Mirabai,Chandogya Upanishad,0.319
arabic_0055,english_0078,arabic,english,Imru al-Qays,Keats,0.3188
urdu_0007,hindi_0023,urdu,hindi,Ghalib,Mirabai,0.3184
arabic_0060,english_0079,arabic,english,Al-Hallaj,Dylan Thomas,0.3184
hindi_0032,sanskrit_0046,hindi,sanskrit,Mirabai,Chandogya Upanishad,0.3184
arabic_0071,tamil_0091,arabic,tamil,Arabic proverb,Thiruvalluvar,0.3183
sanskrit_0047,english_0075,sanskrit,english,Vedic tradition,Keats,0.3182
urdu_0015,arabic_0056,urdu,arabic,Ghalib,Arabic proverb,0.318
arabic_0056,english_0079,arabic,english,Arabic proverb,Dylan Thomas,0.3179
arabic_0059,english_0079,arabic,english,Arabic proverb,Dylan Thomas,0.3178
urdu_0004,hindi_0023,urdu,hindi,Ghalib,Mirabai,0.3178
hindi_0034,english_0078,hindi,english,Kabir,Keats,0.3176
arabic_0059,tamil_0103,arabic,tamil,Arabic proverb,Thiruvalluvar,0.3175
hindi_0023,arabic_0059,hindi,arabic,Mirabai,Arabic proverb,0.3173
arabic_0056,english_0088,arabic,english,Arabic proverb,Dylan Thomas,0.3172
urdu_0010,arabic_0059,urdu,arabic,Ghalib,Arabic proverb,0.317
arabic_0068,english_0075,arabic,english,Arabic proverb,Keats,0.317
english_0073,tamil_0094,english,tamil,Dylan Thomas,Thiruvalluvar,0.3168
arabic_0069,english_0075,arabic,english,Al-Hallaj,Keats,0.3167
hindi_0023,sanskrit_0043,hindi,sanskrit,Mirabai,Chandogya Upanishad,0.3167
hindi_0026,arabic_0069,hindi,arabic,Mirabai,Al-Hallaj,0.3166
sanskrit_0049,english_0078,sanskrit,english,Chandogya Upanishad,Keats,0.3164
urdu_0010,sanskrit_0053,urdu,sanskrit,Ghalib,Vedic tradition,0.3164
arabic_0071,english_0085,arabic,english,Arabic proverb,Dylan Thomas,0.3164
arabic_0065,english_0085,arabic,english,Arabic proverb,Dylan Thomas,0.3163
hindi_0032,sanskrit_0052,hindi,sanskrit,Mirabai,Chandogya Upanishad,0.3162
hindi_0023,arabic_0069,hindi,arabic,Mirabai,Al-Hallaj,0.3162
hindi_0032,sanskrit_0037,hindi,sanskrit,Mirabai,Chandogya Upanishad,0.3162
hindi_0020,arabic_0068,hindi,arabic,Mirabai,Arabic proverb,0.316
urdu_0009,arabic_0056,urdu,arabic,Ghalib,Arabic proverb,0.3159
arabic_0066,english_0081,arabic,english,Al-Hallaj,Keats,0.3157
hindi_0025,english_0084,hindi,english,Kabir,Keats,0.3157
arabic_0059,english_0088,arabic,english,Arabic proverb,Dylan Thomas,0.3156
arabic_0062,english_0085,arabic,english,Arabic proverb,Dylan Thomas,0.3155
sanskrit_0053,arabic_0064,sanskrit,arabic,Vedic tradition,Imru al-Qays,0.3155
arabic_0058,english_0074,arabic,english,Imru al-Qays,e.e. cummings,0.3151
sanskrit_0053,english_0080,sanskrit,english,Vedic tradition,e.e. cummings,0.3149
urdu_0013,hindi_0023,urdu,hindi,Ghalib,Mirabai,0.3148
hindi_0023,arabic_0071,hindi,arabic,Mirabai,Arabic proverb,0.3147
urdu_0007,hindi_0032,urdu,hindi,Ghalib,Mirabai,0.3145
urdu_0014,hindi_0033,urdu,hindi,Ghalib,Kabir,0.3145
hindi_0023,arabic_0056,hindi,arabic,Mirabai,Arabic proverb,0.3141
urdu_0004,hindi_0032,urdu,hindi,Ghalib,Mirabai,0.314
arabic_0071,english_0076,arabic,english,Arabic proverb,Dylan Thomas,0.3139
sanskrit_0053,english_0084,sanskrit,english,Vedic tradition,Keats,0.3139
hindi_0023,arabic_0054,hindi,arabic,Mirabai,Al-Hallaj,0.3139
hindi_0026,arabic_0054,hindi,arabic,Mirabai,Al-Hallaj,0.3137
hindi_0035,arabic_0069,hindi,arabic,Mirabai,Al-Hallaj,0.3134
english_0073,tamil_0091,english,tamil,Dylan Thomas,Thiruvalluvar,0.3134
hindi_0019,english_0084,hindi,english,Kabir,Keats,0.3133
hindi_0032,sanskrit_0040,hindi,sanskrit,Mirabai,Chandogya Upanishad,0.3133
urdu_0010,english_0073,urdu,english,Ghalib,Dylan Thomas,0.3132
hindi_0029,arabic_0059,hindi,arabic,Mirabai,Arabic proverb,0.3132
urdu_0016,sanskrit_0053,urdu,sanskrit,Ghalib,Vedic tradition,0.313
urdu_0007,english_0073,urdu,english,Ghalib,Dylan Thomas,0.313
english_0073,tamil_0100,english,tamil,Dylan Thomas,Thiruvalluvar,0.3129
sanskrit_0038,arabic_0064,sanskrit,arabic,Vedic tradition,Imru al-Qays,0.3127
urdu_0017,hindi_0033,urdu,hindi,Ghalib,Kabir,0.3127
urdu_0001,english_0073,urdu,english,Ghalib,Dylan Thomas,0.3127
urdu_0013,english_0073,urdu,english,Ghalib,Dylan Thomas,0.3125
sanskrit_0041,arabic_0064,sanskrit,arabic,Vedic tradition,Imru al-Qays,0.3122
urdu_0016,english_0073,urdu,english,Ghalib,Dylan Thomas,0.3122
hindi_0024,english_0072,hindi,english,Kabir,Keats,0.3121
urdu_0001,arabic_0059,urdu,arabic,Ghalib,Arabic proverb,0.312
arabic_0056,english_0085,arabic,english,Arabic proverb,Dylan Thomas,0.3119
urdu_0006,arabic_0056,urdu,arabic,Ghalib,Arabic proverb,0.3118
arabic_0059,english_0085,arabic,english,Arabic proverb,Dylan Thomas,0.3118
hindi_0032,sanskrit_0043,hindi,sanskrit,Mirabai,Chandogya Upanishad,0.3117
hindi_0032,arabic_0069,hindi,arabic,Mirabai,Al-Hallaj,0.3116
arabic_0058,english_0078,arabic,english,Imru al-Qays,Keats,0.3116
hindi_0026,arabic_0059,hindi,arabic,Mirabai,Arabic proverb,0.3116
urdu_0010,english_0082,urdu,english,Ghalib,Dylan Thomas,0.3116
sanskrit_0040,english_0078,sanskrit,english,Chandogya Upanishad,Keats,0.3115
hindi_0035,arabic_0054,hindi,arabic,Mirabai,Al-Hallaj,0.3115
urdu_0007,sanskrit_0053,urdu,sanskrit,Ghalib,Vedic tradition,0.3114
sanskrit_0046,english_0078,sanskrit,english,Chandogya Upanishad,Keats,0.3114
hindi_0035,arabic_0059,hindi,arabic,Mirabai,Arabic proverb,0.3114
arabic_0065,english_0076,arabic,english,Arabic proverb,Dylan Thomas,0.3112
arabic_0054,english_0075,arabic,english,Al-Hallaj,Keats,0.3111
urdu_0001,sanskrit_0053,urdu,sanskrit,Ghalib,Vedic tradition,0.3111
urdu_0004,english_0073,urdu,english,Ghalib,Dylan Thomas,0.311
sanskrit_0050,arabic_0064,sanskrit,arabic,Vedic tradition,Imru al-Qays,0.3109
urdu_0014,arabic_0071,urdu,arabic,Ghalib,Arabic proverb,0.3109
sanskrit_0047,english_0087,sanskrit,english,Vedic tradition,Keats,0.3109
urdu_0004,sanskrit_0053,urdu,sanskrit,Ghalib,Vedic tradition,0.3108
urdu_0013,hindi_0032,urdu,hindi,Ghalib,Mirabai,0.3108
sanskrit_0053,english_0078,sanskrit,english,Vedic tradition,Keats,0.3107
urdu_0005,hindi_0033,urdu,hindi,Ghalib,Kabir,0.3106
arabic_0062,english_0076,arabic,english,Arabic proverb,Dylan Thomas,0.3104
hindi_0035,arabic_0056,hindi,arabic,Mirabai,Arabic proverb,0.3102
arabic_0059,tamil_0100,arabic,tamil,Arabic proverb,Thiruvalluvar,0.31
arabic_0056,english_0076,arabic,english,Arabic proverb,Dylan Thomas,0.3095
hindi_0029,arabic_0071,hindi,arabic,Mirabai,Arabic proverb,0.3094
arabic_0059,english_0076,arabic,english,Arabic proverb,Dylan Thomas,0.3093
hindi_0033,english_0072,hindi,english,Kabir,Keats,0.3093
urdu_0014,hindi_0021,urdu,hindi,Ghalib,Kabir,0.3091
hindi_0034,arabic_0060,hindi,arabic,Kabir,Al-Hallaj,0.309
arabic_0071,tamil_0097,arabic,tamil,Arabic proverb,Thiruvalluvar,0.3089
urdu_0001,english_0082,urdu,english,Ghalib,Dylan Thomas,0.3085
hindi_0032,arabic_0054,hindi,arabic,Mirabai,Al-Hallaj,0.3084
arabic_0065,english_0088,arabic,english,Arabic proverb,Dylan Thomas,0.3083
hindi_0026,arabic_0071,hindi,arabic,Mirabai,Arabic proverb,0.3083
sanskrit_0044,arabic_0064,sanskrit,arabic,Vedic tradition,Imru al-Qays,0.3082
arabic_0058,english_0089,arabic,english,Imru al-Qays,e.e. cummings,0.3081
sanskrit_0037,english_0078,sanskrit,english,Chandogya Upanishad,Keats,0.3079
hindi_0035,arabic_0071,hindi,arabic,Mirabai,Arabic proverb,0.3079
hindi_0026,arabic_0056,hindi,arabic,Mirabai,Arabic proverb,0.3079
sanskrit_0052,english_0078,sanskrit,english,Chandogya Upanishad,Keats,0.3078
urdu_0016,arabic_0059,urdu,arabic,Ghalib,Arabic proverb,0.3075
urdu_0016,english_0082,urdu,english,Ghalib,Dylan Thomas,0.3074
urdu_0014,hindi_0030,urdu,hindi,Ghalib,Kabir,0.3073
urdu_0004,arabic_0059,urdu,arabic,Ghalib,Arabic proverb,0.3071
arabic_0062,english_0088,arabic,english,Arabic proverb,Dylan Thomas,0.3071
urdu_0014,hindi_0018,urdu,hindi,Ghalib,Kabir,0.307
urdu_0017,hindi_0021,urdu,hindi,Ghalib,Kabir,0.307
urdu_0013,sanskrit_0053,urdu,sanskrit,Ghalib,Vedic tradition,0.3069
urdu_0010,sanskrit_0047,urdu,sanskrit,Ghalib,Vedic tradition,0.3067
english_0073,tamil_0103,english,tamil,Dylan Thomas,Thiruvalluvar,0.3065
arabic_0059,english_0075,arabic,english,Arabic proverb,Keats,0.3062
arabic_0071,tamil_0103,arabic,tamil,Arabic proverb,Thiruvalluvar,0.3061
urdu_0007,english_0082,urdu,english,Ghalib,Dylan Thomas,0.3059
hindi_0029,sanskrit_0049,hindi,sanskrit,Mirabai,Chandogya Upanishad,0.3059
urdu_0007,sanskrit_0047,urdu,sanskrit,Ghalib,Vedic tradition,0.3058
english_0073,tamil_0097,english,tamil,Dylan Thomas,Thiruvalluvar,0.3056
urdu_0016,sanskrit_0047,urdu,sanskrit,Ghalib,Vedic tradition,0.3056
urdu_0005,hindi_0021,urdu,hindi,Ghalib,Kabir,0.3056
urdu_0013,arabic_0059,urdu,arabic,Ghalib,Arabic proverb,0.3053
hindi_0029,arabic_0056,hindi,arabic,Mirabai,Arabic proverb,0.3053
urdu_0013,english_0082,urdu,english,Ghalib,Dylan Thomas,0.3052
urdu_0004,english_0082,urdu,english,Ghalib,Dylan Thomas,0.3051
urdu_0017,hindi_0030,urdu,hindi,Ghalib,Kabir,0.3051
hindi_0029,sanskrit_0046,hindi,sanskrit,Mirabai,Chandogya Upanishad,0.3049
sanskrit_0043,english_0087,sanskrit,english,Chandogya Upanishad,Keats,0.3048
sanskrit_0050,arabic_0070,sanskrit,arabic,Vedic tradition,Imru al-Qays,0.3047
sanskrit_0050,arabic_0055,sanskrit,arabic,Vedic tradition,Imru al-Qays,0.3046
sanskrit_0050,english_0075,sanskrit,english,Vedic tradition,Keats,0.3045
arabic_0059,english_0081,arabic,english,Arabic proverb,Keats,0.3043
urdu_0017,arabic_0059,urdu,arabic,Ghalib,Arabic proverb,0.3038
urdu_0004,sanskrit_0047,urdu,sanskrit,Ghalib,Vedic tradition,0.3037
sanskrit_0038,english_0087,sanskrit,english,Vedic tradition,Keats,0.3037
urdu_0001,sanskrit_0047,urdu,sanskrit,Ghalib,Vedic tradition,0.3037
hindi_0029,sanskrit_0052,hindi,sanskrit,Mirabai,Chandogya Upanishad,0.3036
urdu_0014,hindi_0027,urdu,hindi,Ghalib,Kabir,0.3036
sanskrit_0041,english_0087,sanskrit,english,Vedic tradition,Keats,0.3035
urdu_0011,hindi_0033,urdu,hindi,Ghalib,Kabir,0.3035
urdu_0007,arabic_0059,urdu,arabic,Ghalib,Arabic proverb,0.3033
hindi_0029,sanskrit_0037,hindi,sanskrit,Mirabai,Chandogya Upanishad,0.3031
urdu_0005,hindi_0030,urdu,hindi,Ghalib,Kabir,0.3028
arabic_0056,tamil_0091,arabic,tamil,Arabic proverb,Thiruvalluvar,0.3026
sanskrit_0050,arabic_0067,sanskrit,arabic,Vedic tradition,Imru al-Qays,0.3025
urdu_0017,hindi_0018,urdu,hindi,Ghalib,Kabir,0.3025
urdu_0014,hindi_0024,urdu,hindi,Ghalib,Kabir,0.3024
urdu_0000,hindi_0020,urdu,hindi,Ghalib,Mirabai,0.3012
urdu_0005,arabic_0059,urdu,arabic,Ghalib,Arabic proverb,0.3011
sanskrit_0047,english_0084,sanskrit,english,Vedic tradition,Keats,0.301
arabic_0071,tamil_0100,arabic,tamil,Arabic proverb,Thiruvalluvar,0.301
sanskrit_0050,arabic_0061,sanskrit,arabic,Vedic tradition,Imru al-Qays,0.3009
urdu_0013,sanskrit_0047,urdu,sanskrit,Ghalib,Vedic tradition,0.3008
arabic_0065,english_0082,arabic,english,Arabic proverb,Dylan Thomas,0.3006
arabic_0062,english_0075,arabic,english,Arabic proverb,Keats,0.3005
urdu_0005,hindi_0018,urdu,hindi,Ghalib,Kabir,0.3005
arabic_0064,english_0072,arabic,english,Imru al-Qays,Keats,0.3005
hindi_0029,sanskrit_0040,hindi,sanskrit,Mirabai,Chandogya Upanishad,0.3003
hindi_0025,english_0087,hindi,english,Kabir,Keats,0.3003
sanskrit_0038,arabic_0058,sanskrit,arabic,Vedic tradition,Imru al-Qays,0.3003
arabic_0066,english_0075,arabic,english,Al-Hallaj,Keats,0.3002
sanskrit_0050,arabic_0058,sanskrit,arabic,Vedic tradition,Imru al-Qays,0.2998
sanskrit_0053,arabic_0058,sanskrit,arabic,Vedic tradition,Imru al-Qays,0.2996
urdu_0003,hindi_0020,urdu,hindi,Ghalib,Mirabai,0.2994
urdu_0011,arabic_0059,urdu,arabic,Ghalib,Arabic proverb,0.2994
arabic_0065,english_0075,arabic,english,Arabic proverb,Keats,0.2994
urdu_0010,hindi_0020,urdu,hindi,Ghalib,Mirabai,0.2992
hindi_0019,english_0087,hindi,english,Kabir,Keats,0.2988
arabic_0062,english_0082,arabic,english,Arabic proverb,Dylan Thomas,0.2987
sanskrit_0038,arabic_0061,sanskrit,arabic,Vedic tradition,Imru al-Qays,0.2986
sanskrit_0038,arabic_0055,sanskrit,arabic,Vedic tradition,Imru al-Qays,0.2984
urdu_0017,hindi_0027,urdu,hindi,Ghalib,Kabir,0.2982
arabic_0062,english_0073,arabic,english,Arabic proverb,Dylan Thomas,0.2981
sanskrit_0053,arabic_0055,sanskrit,arabic,Vedic tradition,Imru al-Qays,0.2981
sanskrit_0041,arabic_0058,sanskrit,arabic,Vedic tradition,Imru al-Qays,0.2979
hindi_0029,arabic_0069,hindi,arabic,Mirabai,Al-Hallaj,0.2976
urdu_0012,hindi_0020,urdu,hindi,Ghalib,Mirabai,0.2975
urdu_0017,hindi_0024,urdu,hindi,Ghalib,Kabir,0.297
urdu_0011,hindi_0021,urdu,hindi,Ghalib,Kabir,0.297
urdu_0005,hindi_0027,urdu,hindi,Ghalib,Kabir,0.2969
urdu_0009,hindi_0020,urdu,hindi,Ghalib,Mirabai,0.2969
urdu_0002,hindi_0033,urdu,hindi,Ghalib,Kabir,0.2968
sanskrit_0041,arabic_0055,sanskrit,arabic,Vedic tradition,Imru al-Qays,0.2967
sanskrit_0047,english_0078,sanskrit,english,Vedic tradition,Keats,0.2966
hindi_0029,sanskrit_0043,hindi,sanskrit,Mirabai,Chandogya Upanishad,0.2966
sanskrit_0038,arabic_0070,sanskrit,arabic,Vedic tradition,Imru al-Qays,0.2965
urdu_0016,hindi_0020,urdu,hindi,Ghalib,Mirabai,0.2965
hindi_0027,english_0072,hindi,english,Kabir,Keats,0.2963
urdu_0011,hindi_0030,urdu,hindi,Ghalib,Kabir,0.2962
urdu_0001,hindi_0020,urdu,hindi,Ghalib,Mirabai,0.2962
arabic_0055,english_0079,arabic,english,Imru al-Qays,Dylan Thomas,0.2962
arabic_0065,english_0073,arabic,english,Arabic proverb,Dylan Thomas,0.2962
sanskrit_0041,arabic_0061,sanskrit,arabic,Vedic tradition,Imru al-Qays,0.2961
arabic_0061,english_0082,arabic,english,Imru al-Qays,Dylan Thomas,0.2959
sanskrit_0053,arabic_0061,sanskrit,arabic,Vedic tradition,Imru al-Qays,0.2959
urdu_0008,hindi_0033,urdu,hindi,Ghalib,Kabir,0.2955
sanskrit_0041,english_0084,sanskrit,english,Vedic tradition,Keats,0.2954
arabic_0064,english_0082,arabic,english,Imru al-Qays,Dylan Thomas,0.2953
urdu_0011,hindi_0018,urdu,hindi,Ghalib,Kabir,0.2948
urdu_0005,hindi_0024,urdu,hindi,Ghalib,Kabir,0.2948
urdu_0006,hindi_0020,urdu,hindi,Ghalib,Mirabai,0.2946
arabic_0067,english_0082,arabic,english,Imru al-Qays,Dylan Thomas,0.2945
arabic_0055,english_0082,arabic,english,Imru al-Qays,Dylan Thomas,0.2944
hindi_0029,arabic_0054,hindi,arabic,Mirabai,Al-Hallaj,0.2943
arabic_0055,english_0088,arabic,english,Imru al-Qays,Dylan Thomas,0.2943
arabic_0070,english_0082,arabic,english,Imru al-Qays,Dylan Thomas,0.294
sanskrit_0041,arabic_0070,sanskrit,arabic,Vedic tradition,Imru al-Qays,0.294
hindi_0023,arabic_0066,hindi,arabic,Mirabai,Al-Hallaj,0.2939
sanskrit_0038,arabic_0067,sanskrit,arabic,Vedic tradition,Imru al-Qays,0.2939
hindi_0026,arabic_0066,hindi,arabic,Mirabai,Al-Hallaj,0.2939
arabic_0070,english_0079,arabic,english,Imru al-Qays,Dylan Thomas,0.2938
hindi_0022,english_0084,hindi,english,Kabir,Keats,0.2937
sanskrit_0038,english_0084,sanskrit,english,Vedic tradition,Keats,0.2936
sanskrit_0043,english_0078,sanskrit,english,Chandogya Upanishad,Keats,0.2933
sanskrit_0044,arabic_0058,sanskrit,arabic,Vedic tradition,Imru al-Qays,0.2932
arabic_0071,english_0075,arabic,english,Arabic proverb,Keats,0.2926
urdu_0007,hindi_0020,urdu,hindi,Ghalib,Mirabai,0.2925
arabic_0067,english_0079,arabic,english,Imru al-Qays,Dylan Thomas,0.2923
sanskrit_0041,arabic_0067,sanskrit,arabic,Vedic tradition,Imru al-Qays,0.292
sanskrit_0044,arabic_0055,sanskrit,arabic,Vedic tradition,Imru al-Qays,0.292
hindi_0035,arabic_0057,hindi,arabic,Mirabai,Al-Hallaj,0.2918
sanskrit_0044,arabic_0061,sanskrit,arabic,Vedic tradition,Imru al-Qays,0.2918
hindi_0026,arabic_0057,hindi,arabic,Mirabai,Al-Hallaj,0.2916
urdu_0013,hindi_0020,urdu,hindi,Ghalib,Mirabai,0.2913
urdu_0010,arabic_0060,urdu,arabic,Ghalib,Al-Hallaj,0.2913
urdu_0008,hindi_0021,urdu,hindi,Ghalib,Kabir,0.2913
hindi_0023,arabic_0057,hindi,arabic,Mirabai,Al-Hallaj,0.2912
hindi_0035,arabic_0066,hindi,arabic,Mirabai,Al-Hallaj,0.2912
urdu_0002,hindi_0021,urdu,hindi,Ghalib,Kabir,0.2911
urdu_0004,hindi_0020,urdu,hindi,Ghalib,Mirabai,0.291
urdu_0002,hindi_0030,urdu,hindi,Ghalib,Kabir,0.2906
arabic_0055,english_0085,arabic,english,Imru al-Qays,Dylan Thomas,0.2904
sanskrit_0044,arabic_0070,sanskrit,arabic,Vedic tradition,Imru al-Qays,0.2902
arabic_0070,english_0088,arabic,english,Imru al-Qays,Dylan Thomas,0.2898
arabic_0061,english_0088,arabic,english,Imru al-Qays,Dylan Thomas,0.2897
urdu_0008,arabic_0059,urdu,arabic,Ghalib,Arabic proverb,0.2896
arabic_0064,english_0088,arabic,english,Imru al-Qays,Dylan Thomas,0.2896
arabic_0056,tamil_0097,arabic,tamil,Arabic proverb,Thiruvalluvar,0.2894
sanskrit_0053,arabic_0070,sanskrit,arabic,Vedic tradition,Imru al-Qays,0.2893
arabic_0061,english_0072,arabic,english,Imru al-Qays,Keats,0.2891
urdu_0008,hindi_0030,urdu,hindi,Ghalib,Kabir,0.289
urdu_0002,hindi_0018,urdu,hindi,Ghalib,Kabir,0.2889
arabic_0067,english_0088,arabic,english,Imru al-Qays,Dylan Thomas,0.2886
arabic_0070,english_0072,arabic,english,Imru al-Qays,Keats,0.2885
hindi_0032,arabic_0066,hindi,arabic,Mirabai,Al-Hallaj,0.2883
arabic_0064,english_0073,arabic,english,Imru al-Qays,Dylan Thomas,0.2883
sanskrit_0044,english_0087,sanskrit,english,Vedic tradition,Keats,0.2882
arabic_0070,english_0085,arabic,english,Imru al-Qays,Dylan Thomas,0.2881
urdu_0008,hindi_0018,urdu,hindi,Ghalib,Kabir,0.2881
arabic_0058,english_0082,arabic,english,Imru al-Qays,Dylan Thomas,0.2878
hindi_0020,arabic_0065,hindi,arabic,Mirabai,Arabic proverb,0.2877
arabic_0059,english_0084,arabic,english,Arabic proverb,Keats,0.2876
arabic_0055,english_0076,arabic,english,Imru al-Qays,Dylan Thomas,0.2876
sanskrit_0044,arabic_0067,sanskrit,arabic,Vedic tradition,Imru al-Qays,0.2876
arabic_0071,english_0081,arabic,english,Arabic proverb,Keats,0.2876
hindi_0032,arabic_0057,hindi,arabic,Mirabai,Al-Hallaj,0.2876
arabic_0067,english_0085,arabic,english,Imru al-Qays,Dylan Thomas,0.2872
arabic_0057,english_0081,arabic,english,Al-Hallaj,Keats,0.2872
arabic_0061,english_0079,arabic,english,Imru al-Qays,Dylan Thomas,0.2872
sanskrit_0047,arabic_0064,sanskrit,arabic,Vedic tradition,Imru al-Qays,0.287
hindi_0020,arabic_0062,hindi,arabic,Mirabai,Arabic proverb,0.287
urdu_0001,arabic_0060,urdu,arabic,Ghalib,Al-Hallaj,0.2868
urdu_0015,hindi_0020,urdu,hindi,Ghalib,Mirabai,0.2867
arabic_0058,english_0088,arabic,english,Imru al-Qays,Dylan Thomas,0.2863
arabic_0061,english_0085,arabic,english,Imru al-Qays,Dylan Thomas,0.2863
arabic_0055,english_0072,arabic,english,Imru al-Qays,Keats,0.2862
sanskrit_0041,english_0078,sanskrit,english,Vedic tradition,Keats,0.2861
sanskrit_0053,arabic_0067,sanskrit,arabic,Vedic tradition,Imru al-Qays,0.2861
urdu_0011,hindi_0027,urdu,hindi,Ghalib,Kabir,0.2861
arabic_0064,english_0079,arabic,english,Imru al-Qays,Dylan Thomas,0.286
arabic_0056,tamil_0103,arabic,tamil,Arabic proverb,Thiruvalluvar,0.286
urdu_0000,english_0084,urdu,english,Ghalib,Keats,0.2859
urdu_0016,arabic_0060,urdu,arabic,Ghalib,Al-Hallaj,0.2859
arabic_0056,tamil_0100,arabic,tamil,Arabic proverb,Thiruvalluvar,0.2858
hindi_0021,english_0072,hindi,english,Kabir,Keats,0.2858
urdu_0010,arabic_0071,urdu,arabic,Ghalib,Arabic proverb,0.2855
arabic_0059,english_0078,arabic,english,Arabic proverb,Keats,0.2854
urdu_0003,english_0084,urdu,english,Ghalib,Keats,0.2853
urdu_0011,hindi_0024,urdu,hindi,Ghalib,Kabir,0.2852
hindi_0022,english_0087,hindi,english,Kabir,Keats,0.2846
arabic_0070,english_0076,arabic,english,Imru al-Qays,Dylan Thomas,0.2846
urdu_0009,english_0084,urdu,english,Ghalib,Keats,0.2846
arabic_0061,english_0076,arabic,english,Imru al-Qays,Dylan Thomas,0.2845
hindi_0035,english_0085,hindi,english,Mirabai,Dylan Thomas,0.2845
urdu_0012,english_0084,urdu,english,Ghalib,Keats,0.2844
sanskrit_0038,english_0078,sanskrit,english,Vedic tradition,Keats,0.2841
hindi_0035,english_0079,hindi,english,Mirabai,Dylan Thomas,0.284
arabic_0064,english_0085,arabic,english,Imru al-Qays,Dylan Thomas,0.2835
urdu_0008,hindi_0027,urdu,hindi,Ghalib,Kabir,0.2834
arabic_0067,english_0076,arabic,english,Imru al-Qays,Dylan Thomas,0.2834
arabic_0067,english_0072,arabic,english,Imru al-Qays,Keats,0.2832
arabic_0055,english_0073,arabic,english,Imru al-Qays,Dylan Thomas,0.283
arabic_0058,english_0079,arabic,english,Imru al-Qays,Dylan Thomas,0.283
urdu_0002,hindi_0027,urdu,hindi,Ghalib,Kabir,0.2828
sanskrit_0053,english_0072,sanskrit,english,Vedic tradition,Keats,0.2828
urdu_0004,arabic_0060,urdu,arabic,Ghalib,Al-Hallaj,0.2827
arabic_0068,english_0087,arabic,english,Arabic proverb,Keats,0.2826
urdu_0006,english_0084,urdu,english,Ghalib,Keats,0.2823
arabic_0069,english_0083,arabic,english,Al-Hallaj,e.e. cummings,0.2823
urdu_0002,hindi_0024,urdu,hindi,Ghalib,Kabir,0.282
arabic_0056,english_0072,arabic,english,Arabic proverb,Keats,0.2813
hindi_0031,english_0084,hindi,english,Kabir,Keats,0.2813
hindi_0028,english_0084,hindi,english,Kabir,Keats,0.2812
arabic_0071,english_0072,arabic,english,Arabic proverb,Keats,0.2812
urdu_0001,arabic_0071,urdu,arabic,Ghalib,Arabic proverb,0.2812
arabic_0071,english_0084,arabic,english,Arabic proverb,Keats,0.281
urdu_0008,hindi_0024,urdu,hindi,Ghalib,Kabir,0.2809
urdu_0007,arabic_0060,urdu,arabic,Ghalib,Al-Hallaj,0.2808
urdu_0013,arabic_0060,urdu,arabic,Ghalib,Al-Hallaj,0.2808
arabic_0064,english_0076,arabic,english,Imru al-Qays,Dylan Thomas,0.2804
arabic_0058,english_0085,arabic,english,Imru al-Qays,Dylan Thomas,0.2804
sanskrit_0044,english_0084,sanskrit,english,Vedic tradition,Keats,0.2801
arabic_0058,english_0073,arabic,english,Imru al-Qays,Dylan Thomas,0.2797
arabic_0058,english_0072,arabic,english,Imru al-Qays,Keats,0.2796
arabic_0059,english_0072,arabic,english,Arabic proverb,Keats,0.2794
arabic_0071,english_0078,arabic,english,Arabic proverb,Keats,0.2793
arabic_0061,english_0073,arabic,english,Imru al-Qays,Dylan Thomas,0.2792
urdu_0006,english_0087,urdu,english,Ghalib,Keats,0.2791
hindi_0026,english_0085,hindi,english,Mirabai,Dylan Thomas,0.279
urdu_0003,english_0087,urdu,english,Ghalib,Keats,0.2788
arabic_0059,english_0087,arabic,english,Arabic proverb,Keats,0.2787
urdu_0012,english_0087,urdu,english,Ghalib,Keats,0.2787
arabic_0058,english_0076,arabic,english,Imru al-Qays,Dylan Thomas,0.2786
urdu_0009,english_0087,urdu,english,Ghalib,Keats,0.2785
arabic_0063,english_0081,arabic,english,Al-Hallaj,Keats,0.2784
urdu_0000,english_0087,urdu,english,Ghalib,Keats,0.2783
hindi_0026,english_0079,hindi,english,Mirabai,Dylan Thomas,0.2782
arabic_0070,english_0073,arabic,english,Imru al-Qays,Dylan Thomas,0.2779
hindi_0025,english_0078,hindi,english,Kabir,Keats,0.2777
urdu_0002,arabic_0059,urdu,arabic,Ghalib,Arabic proverb,0.2775
arabic_0067,english_0073,arabic,english,Imru al-Qays,Dylan Thomas,0.2772
arabic_0054,english_0083,arabic,english,Al-Hallaj,e.e. cummings,0.2771
arabic_0056,english_0084,arabic,english,Arabic proverb,Keats,0.2771
arabic_0069,english_0077,arabic,english,Al-Hallaj,e.e. cummings,0.2767
arabic_0056,english_0075,arabic,english,Arabic proverb,Keats,0.2764
arabic_0068,english_0084,arabic,english,Arabic proverb,Keats,0.2762
urdu_0004,arabic_0071,urdu,arabic,Ghalib,Arabic proverb,0.2761
sanskrit_0050,english_0087,sanskrit,english,Vedic tradition,Keats,0.2758
urdu_0015,english_0084,urdu,english,Ghalib,Keats,0.2757
urdu_0016,arabic_0071,urdu,arabic,Ghalib,Arabic proverb,0.2757
hindi_0023,english_0085,hindi,english,Mirabai,Dylan Thomas,0.2755
hindi_0019,english_0078,hindi,english,Kabir,Keats,0.2753
arabic_0056,english_0078,arabic,english,Arabic proverb,Keats,0.2751
hindi_0029,arabic_0057,hindi,arabic,Mirabai,Al-Hallaj,0.2751
hindi_0023,arabic_0063,hindi,arabic,Mirabai,Al-Hallaj,0.2748
hindi_0031,english_0087,hindi,english,Kabir,Keats,0.2748
hindi_0026,arabic_0063,hindi,arabic,Mirabai,Al-Hallaj,0.2748
hindi_0023,english_0079,hindi,english,Mirabai,Dylan Thomas,0.2747
hindi_0028,english_0087,hindi,english,Kabir,Keats,0.2743
arabic_0057,english_0075,arabic,english,Al-Hallaj,Keats,0.274
hindi_0029,arabic_0066,hindi,arabic,Mirabai,Al-Hallaj,0.2734
urdu_0013,arabic_0071,urdu,arabic,Ghalib,Arabic proverb,0.2733
sanskrit_0047,english_0072,sanskrit,english,Vedic tradition,Keats,0.2731
urdu_0015,english_0087,urdu,english,Ghalib,Keats,0.273
hindi_0035,english_0081,hindi,english,Mirabai,Keats,0.2721
urdu_0017,sanskrit_0052,urdu,sanskrit,Ghalib,Chandogya Upanishad,0.272
arabic_0068,english_0078,arabic,english,Arabic proverb,Keats,0.272
sanskrit_0044,english_0078,sanskrit,english,Vedic tradition,Keats,0.2719
urdu_0007,arabic_0071,urdu,arabic,Ghalib,Arabic proverb,0.2719
urdu_0014,sanskrit_0052,urdu,sanskrit,Ghalib,Chandogya Upanishad,0.2715
hindi_0035,arabic_0063,hindi,arabic,Mirabai,Al-Hallaj,0.2714
arabic_0054,english_0077,arabic,english,Al-Hallaj,e.e. cummings,0.2714
hindi_0035,english_0076,hindi,english,Mirabai,Dylan Thomas,0.271
arabic_0071,english_0087,arabic,english,Arabic proverb,Keats,0.2709
sanskrit_0049,english_0072,sanskrit,english,Chandogya Upanishad,Keats,0.2709
sanskrit_0047,arabic_0058,sanskrit,arabic,Vedic tradition,Imru al-Qays,0.2708
hindi_0034,english_0072,hindi,english,Kabir,Keats,0.2707
hindi_0035,english_0088,hindi,english,Mirabai,Dylan Thomas,0.2704
arabic_0069,english_0080,arabic,english,Al-Hallaj,e.e. cummings,0.2702
sanskrit_0047,arabic_0055,sanskrit,arabic,Vedic tradition,Imru al-Qays,0.27
hindi_0032,arabic_0063,hindi,arabic,Mirabai,Al-Hallaj,0.2699
arabic_0056,english_0081,arabic,english,Arabic proverb,Keats,0.2697
hindi_0035,sanskrit_0036,hindi,sanskrit,Mirabai,Upanishad,0.2692
urdu_0017,sanskrit_0049,urdu,sanskrit,Ghalib,Chandogya Upanishad,0.2691
hindi_0032,english_0085,hindi,english,Mirabai,Dylan Thomas,0.2685
hindi_0032,english_0079,hindi,english,Mirabai,Dylan Thomas,0.2684
urdu_0014,sanskrit_0040,urdu,sanskrit,Ghalib,Chandogya Upanishad,0.2682
urdu_0014,sanskrit_0049,urdu,sanskrit,Ghalib,Chandogya Upanishad,0.268
arabic_0066,english_0083,arabic,english,Al-Hallaj,e.e. cummings,0.268
sanskrit_0047,arabic_0061,sanskrit,arabic,Vedic tradition,Imru al-Qays,0.2679
urdu_0017,sanskrit_0040,urdu,sanskrit,Ghalib,Chandogya Upanishad,0.2679
arabic_0056,english_0087,arabic,english,Arabic proverb,Keats,0.2678
urdu_0005,sanskrit_0052,urdu,sanskrit,Ghalib,Chandogya Upanishad,0.2678
urdu_0017,sanskrit_0046,urdu,sanskrit,Ghalib,Chandogya Upanishad,0.2677
urdu_0014,sanskrit_0046,urdu,sanskrit,Ghalib,Chandogya Upanishad,0.2675
sanskrit_0046,english_0072,sanskrit,english,Chandogya Upanishad,Keats,0.2674
arabic_0069,english_0084,arabic,english,Al-Hallaj,Keats,0.2674
arabic_0063,english_0075,arabic,english,Al-Hallaj,Keats,0.267
sanskrit_0050,english_0084,sanskrit,english,Vedic tradition,Keats,0.2664
arabic_0062,english_0087,arabic,english,Arabic proverb,Keats,0.2658
sanskrit_0040,english_0072,sanskrit,english,Chandogya Upanishad,Keats,0.2655
arabic_0054,english_0084,arabic,english,Al-Hallaj,Keats,0.2653
urdu_0005,sanskrit_0049,urdu,sanskrit,Ghalib,Chandogya Upanishad,0.2652
sanskrit_0047,arabic_0070,sanskrit,arabic,Vedic tradition,Imru al-Qays,0.265
urdu_0017,sanskrit_0037,urdu,sanskrit,Ghalib,Chandogya Upanishad,0.2648
arabic_0054,english_0080,arabic,english,Al-Hallaj,e.e. cummings,0.2647
urdu_0011,sanskrit_0052,urdu,sanskrit,Ghalib,Chandogya Upanishad,0.2646
hindi_0026,english_0088,hindi,english,Mirabai,Dylan Thomas,0.2646
urdu_0014,sanskrit_0037,urdu,sanskrit,Ghalib,Chandogya Upanishad,0.2645
hindi_0035,sanskrit_0042,hindi,sanskrit,Mirabai,Upanishad,0.2644
hindi_0026,english_0076,hindi,english,Mirabai,Dylan Thomas,0.2643
urdu_0014,hindi_0035,urdu,hindi,Ghalib,Mirabai,0.2642
arabic_0065,english_0087,arabic,english,Arabic proverb,Keats,0.2641
hindi_0035,sanskrit_0039,hindi,sanskrit,Mirabai,Upanishad,0.264
arabic_0069,english_0074,arabic,english,Al-Hallaj,e.e. cummings,0.2638
urdu_0005,sanskrit_0040,urdu,sanskrit,Ghalib,Chandogya Upanishad,0.2637
urdu_0005,sanskrit_0046,urdu,sanskrit,Ghalib,Chandogya Upanishad,0.2636
hindi_0023,english_0088,hindi,english,Mirabai,Dylan Thomas,0.2629
sanskrit_0047,arabic_0067,sanskrit,arabic,Vedic tradition,Imru al-Qays,0.2628
arabic_0066,english_0077,arabic,english,Al-Hallaj,e.e. cummings,0.2627
urdu_0017,arabic_0071,urdu,arabic,Ghalib,Arabic proverb,0.2625
urdu_0011,sanskrit_0049,urdu,sanskrit,Ghalib,Chandogya Upanishad,0.2624
hindi_0023,english_0076,hindi,english,Mirabai,Dylan Thomas,0.2623
urdu_0008,sanskrit_0052,urdu,sanskrit,Ghalib,Chandogya Upanishad,0.2622
arabic_0060,english_0081,arabic,english,Al-Hallaj,Keats,0.262
hindi_0020,tamil_0094,hindi,tamil,Mirabai,Thiruvalluvar,0.262
sanskrit_0037,english_0072,sanskrit,english,Chandogya Upanishad,Keats,0.262
hindi_0035,sanskrit_0048,hindi,sanskrit,Mirabai,Upanishad,0.262
hindi_0035,english_0073,hindi,english,Mirabai,Dylan Thomas,0.2612
hindi_0035,arabic_0060,hindi,arabic,Mirabai,Al-Hallaj,0.2611
urdu_0005,arabic_0071,urdu,arabic,Ghalib,Arabic proverb,0.261
hindi_0026,arabic_0060,hindi,arabic,Mirabai,Al-Hallaj,0.261
hindi_0029,english_0085,hindi,english,Mirabai,Dylan Thomas,0.2608
arabic_0069,english_0086,arabic,english,Al-Hallaj,e.e. cummings,0.2608
hindi_0023,arabic_0060,hindi,arabic,Mirabai,Al-Hallaj,0.2608
hindi_0035,english_0082,hindi,english,Mirabai,Dylan Thomas,0.2608
urdu_0005,sanskrit_0037,urdu,sanskrit,Ghalib,Chandogya Upanishad,0.2607
hindi_0032,arabic_0060,hindi,arabic,Mirabai,Al-Hallaj,0.2606
hindi_0020,sanskrit_0049,hindi,sanskrit,Mirabai,Chandogya Upanishad,0.2605
urdu_0011,arabic_0071,urdu,arabic,Ghalib,Arabic proverb,0.2605
urdu_0012,english_0078,urdu,english,Ghalib,Keats,0.2602
hindi_0029,english_0079,hindi,english,Mirabai,Dylan Thomas,0.26
hindi_0020,sanskrit_0052,hindi,sanskrit,Mirabai,Chandogya Upanishad,0.26
urdu_0011,sanskrit_0046,urdu,sanskrit,Ghalib,Chandogya Upanishad,0.2598
arabic_0062,english_0084,arabic,english,Arabic proverb,Keats,0.2598
urdu_0003,english_0078,urdu,english,Ghalib,Keats,0.2597
sanskrit_0052,english_0072,sanskrit,english,Chandogya Upanishad,Keats,0.2595
arabic_0054,english_0074,arabic,english,Al-Hallaj,e.e. cummings,0.2594
urdu_0009,english_0078,urdu,english,Ghalib,Keats,0.2594
urdu_0011,sanskrit_0040,urdu,sanskrit,Ghalib,Chandogya Upanishad,0.2594
sanskrit_0041,english_0072,sanskrit,english,Vedic tradition,Keats,0.2592
urdu_0008,sanskrit_0049,urdu,sanskrit,Ghalib,Chandogya Upanishad,0.2589
urdu_0000,english_0078,urdu,english,Ghalib,Keats,0.2588
urdu_0002,sanskrit_0052,urdu,sanskrit,Ghalib,Chandogya Upanishad,0.2586
urdu_0008,sanskrit_0040,urdu,sanskrit,Ghalib,Chandogya Upanishad,0.2586
hindi_0020,sanskrit_0046,hindi,sanskrit,Mirabai,Chandogya Upanishad,0.2586
urdu_0014,sanskrit_0043,urdu,sanskrit,Ghalib,Chandogya Upanishad,0.2585
arabic_0066,english_0084,arabic,english,Al-Hallaj,Keats,0.2584
arabic_0065,english_0084,arabic,english,Arabic proverb,Keats,0.2583
urdu_0006,english_0078,urdu,english,Ghalib,Keats,0.2582
arabic_0060,english_0075,arabic,english,Al-Hallaj,Keats,0.2581
hindi_0020,english_0079,hindi,english,Mirabai,Dylan Thomas,0.258
arabic_0068,english_0072,arabic,english,Arabic proverb,Keats,0.2578
urdu_0008,sanskrit_0046,urdu,sanskrit,Ghalib,Chandogya Upanishad,0.2578
urdu_0010,arabic_0056,urdu,arabic,Ghalib,Arabic proverb,0.2578
urdu_0014,english_0079,urdu,english,Ghalib,Dylan Thomas,0.2577
sanskrit_0041,english_0079,sanskrit,english,Vedic tradition,Dylan Thomas,0.2577
hindi_0022,english_0078,hindi,english,Kabir,Keats,0.2575
arabic_0057,english_0083,arabic,english,Al-Hallaj,e.e. cummings,0.2574
hindi_0020,arabic_0069,hindi,arabic,Mirabai,Al-Hallaj,0.2573
sanskrit_0050,english_0078,sanskrit,english,Vedic tradition,Keats,0.2572
hindi_0032,english_0088,hindi,english,Mirabai,Dylan Thomas,0.2571
hindi_0032,english_0076,hindi,english,Mirabai,Dylan Thomas,0.2571
sanskrit_0038,english_0072,sanskrit,english,Vedic tradition,Keats,0.2569
arabic_0069,english_0087,arabic,english,Al-Hallaj,Keats,0.2568
hindi_0020,sanskrit_0037,hindi,sanskrit,Mirabai,Chandogya Upanishad,0.2566
hindi_0020,sanskrit_0040,hindi,sanskrit,Mirabai,Chandogya Upanishad,0.2565
sanskrit_0043,english_0072,sanskrit,english,Chandogya Upanishad,Keats,0.2564
arabic_0054,english_0086,arabic,english,Al-Hallaj,e.e. cummings,0.2563
hindi_0029,arabic_0063,hindi,arabic,Mirabai,Al-Hallaj,0.2562
hindi_0020,tamil_0091,hindi,tamil,Mirabai,Thiruvalluvar,0.2562
urdu_0017,hindi_0035,urdu,hindi,Ghalib,Mirabai,0.256
hindi_0026,english_0082,hindi,english,Mirabai,Dylan Thomas,0.256
hindi_0035,sanskrit_0045,hindi,sanskrit,Mirabai,Upanishad,0.2559
urdu_0005,hindi_0035,urdu,hindi,Ghalib,Mirabai,0.2559
urdu_0011,sanskrit_0037,urdu,sanskrit,Ghalib,Chandogya Upanishad,0.2558
urdu_0008,hindi_0035,urdu,hindi,Ghalib,Mirabai,0.2557
urdu_0017,english_0079,urdu,english,Ghalib,Dylan Thomas,0.2555
urdu_0008,sanskrit_0037,urdu,sanskrit,Ghalib,Chandogya Upanishad,0.2555
urdu_0002,sanskrit_0049,urdu,sanskrit,Ghalib,Chandogya Upanishad,0.2553
hindi_0023,english_0073,hindi,english,Mirabai,Dylan Thomas,0.2551
hindi_0020,tamil_0097,hindi,tamil,Mirabai,Thiruvalluvar,0.255
urdu_0002,sanskrit_0040,urdu,sanskrit,Ghalib,Chandogya Upanishad,0.2547
hindi_0020,arabic_0054,hindi,arabic,Mirabai,Al-Hallaj,0.2547
hindi_0035,sanskrit_0051,hindi,sanskrit,Mirabai,Upanishad,0.2543
urdu_0005,english_0079,urdu,english,Ghalib,Dylan Thomas,0.2541
urdu_0002,sanskrit_0046,urdu,sanskrit,Ghalib,Chandogya Upanishad,0.2541
arabic_0066,english_0080,arabic,english,Al-Hallaj,e.e. cummings,0.254
hindi_0035,sanskrit_0050,hindi,sanskrit,Mirabai,Vedic tradition,0.254
urdu_0001,arabic_0056,urdu,arabic,Ghalib,Arabic proverb,0.2538
hindi_0023,english_0082,hindi,english,Mirabai,Dylan Thomas,0.2536
hindi_0026,english_0073,hindi,english,Mirabai,Dylan Thomas,0.2536
urdu_0014,arabic_0069,urdu,arabic,Ghalib,Al-Hallaj,0.2535
urdu_0008,english_0079,urdu,english,Ghalib,Dylan Thomas,0.2532
sanskrit_0038,english_0079,sanskrit,english,Vedic tradition,Dylan Thomas,0.2531
urdu_0017,sanskrit_0043,urdu,sanskrit,Ghalib,Chandogya Upanishad,0.253
urdu_0011,hindi_0035,urdu,hindi,Ghalib,Mirabai,0.2529
arabic_0054,english_0087,arabic,english,Al-Hallaj,Keats,0.2527
arabic_0062,english_0078,arabic,english,Arabic proverb,Keats,0.2523
hindi_0020,english_0085,hindi,english,Mirabai,Dylan Thomas,0.2521
arabic_0057,english_0077,arabic,english,Al-Hallaj,e.e. cummings,0.252
urdu_0002,sanskrit_0037,urdu,sanskrit,Ghalib,Chandogya Upanishad,0.252
sanskrit_0053,english_0079,sanskrit,english,Vedic tradition,Dylan Thomas,0.252
hindi_0026,sanskrit_0036,hindi,sanskrit,Mirabai,Upanishad,0.2517
urdu_0015,english_0078,urdu,english,Ghalib,Keats,0.2517
arabic_0066,english_0074,arabic,english,Al-Hallaj,e.e. cummings,0.2516
hindi_0035,sanskrit_0044,hindi,sanskrit,Mirabai,Vedic tradition,0.2514
sanskrit_0047,english_0079,sanskrit,english,Vedic tradition,Dylan Thomas,0.2511
arabic_0065,english_0078,arabic,english,Arabic proverb,Keats,0.2511
hindi_0029,english_0076,hindi,english,Mirabai,Dylan Thomas,0.251
hindi_0035,english_0075,hindi,english,Mirabai,Keats,0.2508
sanskrit_0044,english_0079,sanskrit,english,Vedic tradition,Dylan Thomas,0.2503
hindi_0020,tamil_0100,hindi,tamil,Mirabai,Thiruvalluvar,0.2501
urdu_0010,english_0084,urdu,english,Ghalib,Keats,0.25
hindi_0032,english_0073,hindi,english,Mirabai,Dylan Thomas,0.25
urdu_0011,english_0079,urdu,english,Ghalib,Dylan Thomas,0.2497
sanskrit_0050,english_0079,sanskrit,english,Vedic tradition,Dylan Thomas,0.2496
urdu_0014,hindi_0026,urdu,hindi,Ghalib,Mirabai,0.2495
urdu_0001,english_0084,urdu,english,Ghalib,Keats,0.2493
hindi_0029,english_0088,hindi,english,Mirabai,Dylan Thomas,0.2493
urdu_0005,sanskrit_0043,urdu,sanskrit,Ghalib,Chandogya Upanishad,0.2491
urdu_0004,arabic_0056,urdu,arabic,Ghalib,Arabic proverb,0.2489
urdu_0010,english_0087,urdu,english,Ghalib,Keats,0.2488
arabic_0066,english_0086,arabic,english,Al-Hallaj,e.e. cummings,0.2488
urdu_0014,hindi_0029,urdu,hindi,Ghalib,Mirabai,0.2487
hindi_0020,sanskrit_0043,hindi,sanskrit,Mirabai,Chandogya Upanishad,0.2485
urdu_0002,hindi_0035,urdu,hindi,Ghalib,Mirabai,0.2483
arabic_0069,english_0089,arabic,english,Al-Hallaj,e.e. cummings,0.2482
urdu_0016,arabic_0056,urdu,arabic,Ghalib,Arabic proverb,0.2481
urdu_0001,english_0087,urdu,english,Ghalib,Keats,0.2481
hindi_0032,english_0082,hindi,english,Mirabai,Dylan Thomas,0.248
urdu_0008,arabic_0071,urdu,arabic,Ghalib,Arabic proverb,0.248
hindi_0031,english_0078,hindi,english,Kabir,Keats,0.2478
hindi_0028,english_0078,hindi,english,Kabir,Keats,0.2478
urdu_0017,arabic_0069,urdu,arabic,Ghalib,Al-Hallaj,0.2478
hindi_0026,sanskrit_0042,hindi,sanskrit,Mirabai,Upanishad,0.2475
hindi_0035,sanskrit_0041,hindi,sanskrit,Mirabai,Vedic tradition,0.2475
arabic_0063,english_0083,arabic,english,Al-Hallaj,e.e. cummings,0.2474
hindi_0026,english_0081,hindi,english,Mirabai,Keats,0.2472
urdu_0016,english_0084,urdu,english,Ghalib,Keats,0.2471
urdu_0008,sanskrit_0043,urdu,sanskrit,Ghalib,Chandogya Upanishad,0.2468
hindi_0026,sanskrit_0039,hindi,sanskrit,Mirabai,Upanishad,0.2467
hindi_0029,arabic_0060,hindi,arabic,Mirabai,Al-Hallaj,0.2465
urdu_0016,english_0087,urdu,english,Ghalib,Keats,0.2465
hindi_0020,tamil_0103,hindi,tamil,Mirabai,Thiruvalluvar,0.2464
sanskrit_0041,english_0085,sanskrit,english,Vedic tradition,Dylan Thomas,0.2464
urdu_0013,arabic_0056,urdu,arabic,Ghalib,Arabic proverb,0.246
hindi_0035,sanskrit_0038,hindi,sanskrit,Mirabai,Vedic tradition,0.2459
hindi_0026,sanskrit_0048,hindi,sanskrit,Mirabai,Upanishad,0.2458
hindi_0029,sanskrit_0036,hindi,sanskrit,Mirabai,Upanishad,0.2457
arabic_0069,english_0078,arabic,english,Al-Hallaj,Keats,0.2455
hindi_0023,english_0081,hindi,english,Mirabai,Keats,0.2455
urdu_0007,arabic_0056,urdu,arabic,Ghalib,Arabic proverb,0.2454
urdu_0005,arabic_0069,urdu,arabic,Ghalib,Al-Hallaj,0.245
hindi_0023,sanskrit_0036,hindi,sanskrit,Mirabai,Upanishad,0.245
arabic_0054,english_0078,arabic,english,Al-Hallaj,Keats,0.2447
hindi_0029,sanskrit_0050,hindi,sanskrit,Mirabai,Vedic tradition,0.2446
urdu_0014,arabic_0054,urdu,arabic,Ghalib,Al-Hallaj,0.2445
arabic_0066,english_0087,arabic,english,Al-Hallaj,Keats,0.2444
arabic_0054,english_0089,arabic,english,Al-Hallaj,e.e. cummings,0.2443
urdu_0008,arabic_0069,urdu,arabic,Ghalib,Al-Hallaj,0.2441
hindi_0020,english_0076,hindi,english,Mirabai,Dylan Thomas,0.2437
sanskrit_0044,english_0072,sanskrit,english,Vedic tradition,Keats,0.2437
hindi_0035,english_0083,hindi,english,Mirabai,e.e. cummings,0.2436
urdu_0002,english_0079,urdu,english,Ghalib,Dylan Thomas,0.2436
urdu_0007,english_0087,urdu,english,Ghalib,Keats,0.2433
urdu_0007,english_0084,urdu,english,Ghalib,Keats,0.2431
urdu_0014,hindi_0032,urdu,hindi,Ghalib,Mirabai,0.243
urdu_0017,hindi_0029,urdu,hindi,Ghalib,Mirabai,0.243
urdu_0014,hindi_0023,urdu,hindi,Ghalib,Mirabai,0.2428
urdu_0004,english_0084,urdu,english,Ghalib,Keats,0.2428
arabic_0057,english_0074,arabic,english,Al-Hallaj,e.e. cummings,0.2427
urdu_0008,hindi_0029,urdu,hindi,Ghalib,Mirabai,0.2427
urdu_0011,sanskrit_0043,urdu,sanskrit,Ghalib,Chandogya Upanishad,0.2427
arabic_0057,english_0080,arabic,english,Al-Hallaj,e.e. cummings,0.2427
hindi_0029,sanskrit_0039,hindi,sanskrit,Mirabai,Upanishad,0.2426
sanskrit_0041,english_0076,sanskrit,english,Vedic tradition,Dylan Thomas,0.2425
urdu_0004,english_0087,urdu,english,Ghalib,Keats,0.2425
sanskrit_0038,english_0085,sanskrit,english,Vedic tradition,Dylan Thomas,0.2424
hindi_0029,sanskrit_0044,hindi,sanskrit,Mirabai,Vedic tradition,0.2423
urdu_0005,hindi_0029,urdu,hindi,Ghalib,Mirabai,0.2423
hindi_0020,arabic_0057,hindi,arabic,Mirabai,Al-Hallaj,0.2423
hindi_0029,sanskrit_0042,hindi,sanskrit,Mirabai,Upanishad,0.2421
urdu_0008,hindi_0026,urdu,hindi,Ghalib,Mirabai,0.2419
urdu_0013,english_0084,urdu,english,Ghalib,Keats,0.2417
urdu_0002,sanskrit_0043,urdu,sanskrit,Ghalib,Chandogya Upanishad,0.2417
urdu_0017,hindi_0026,urdu,hindi,Ghalib,Mirabai,0.2415
hindi_0023,sanskrit_0042,hindi,sanskrit,Mirabai,Upanishad,0.2413
sanskrit_0053,english_0085,sanskrit,english,Vedic tradition,Dylan Thomas,0.2413
hindi_0029,sanskrit_0048,hindi,sanskrit,Mirabai,Upanishad,0.2411
urdu_0013,english_0087,urdu,english,Ghalib,Keats,0.2411
sanskrit_0041,english_0088,sanskrit,english,Vedic tradition,Dylan Thomas,0.2408
hindi_0023,sanskrit_0039,hindi,sanskrit,Mirabai,Upanishad,0.2408
hindi_0020,arabic_0066,hindi,arabic,Mirabai,Al-Hallaj,0.2406
hindi_0032,sanskrit_0036,hindi,sanskrit,Mirabai,Upanishad,0.2405
arabic_0063,english_0077,arabic,english,Al-Hallaj,e.e. cummings,0.2405
urdu_0005,hindi_0026,urdu,hindi,Ghalib,Mirabai,0.2404
hindi_0023,sanskrit_0048,hindi,sanskrit,Mirabai,Upanishad,0.24
hindi_0026,sanskrit_0045,hindi,sanskrit,Mirabai,Upanishad,0.2399
arabic_0057,english_0086,arabic,english,Al-Hallaj,e.e. cummings,0.2397
hindi_0029,english_0073,hindi,english,Mirabai,Dylan Thomas,0.2395
urdu_0011,hindi_0029,urdu,hindi,Ghalib,Mirabai,0.2392
hindi_0035,sanskrit_0047,hindi,sanskrit,Mirabai,Vedic tradition,0.2392
urdu_0002,arabic_0071,urdu,arabic,Ghalib,Arabic proverb,0.2391
hindi_0029,sanskrit_0041,hindi,sanskrit,Mirabai,Vedic tradition,0.2391
sanskrit_0047,english_0085,sanskrit,english,Vedic tradition,Dylan Thomas,0.2391
urdu_0014,english_0085,urdu,english,Ghalib,Dylan Thomas,0.2388
urdu_0017,arabic_0054,urdu,arabic,Ghalib,Al-Hallaj,0.2386
hindi_0026,sanskrit_0051,hindi,sanskrit,Mirabai,Upanishad,0.2383
hindi_0023,sanskrit_0050,hindi,sanskrit,Mirabai,Vedic tradition,0.2383
sanskrit_0038,english_0076,sanskrit,english,Vedic tradition,Dylan Thomas,0.2382
hindi_0026,sanskrit_0050,hindi,sanskrit,Mirabai,Vedic tradition,0.2382
urdu_0002,arabic_0069,urdu,arabic,Ghalib,Al-Hallaj,0.2382
hindi_0029,english_0082,hindi,english,Mirabai,Dylan Thomas,0.2381
arabic_0066,english_0078,arabic,english,Al-Hallaj,Keats,0.238
hindi_0032,english_0081,hindi,english,Mirabai,Keats,0.2379
arabic_0057,english_0084,arabic,english,Al-Hallaj,Keats,0.2379
sanskrit_0053,english_0076,sanskrit,english,Vedic tradition,Dylan Thomas,0.2378
sanskrit_0041,arabic_0069,sanskrit,arabic,Vedic tradition,Al-Hallaj,0.2378
sanskrit_0044,english_0085,sanskrit,english,Vedic tradition,Dylan Thomas,0.2378
urdu_0011,arabic_0069,urdu,arabic,Ghalib,Al-Hallaj,0.2377
hindi_0035,english_0077,hindi,english,Mirabai,e.e. cummings,0.2377
urdu_0017,english_0085,urdu,english,Ghalib,Dylan Thomas,0.2375
arabic_0066,english_0089,arabic,english,Al-Hallaj,e.e. cummings,0.2374
hindi_0029,sanskrit_0038,hindi,sanskrit,Mirabai,Vedic tradition,0.2372
urdu_0011,hindi_0026,urdu,hindi,Ghalib,Mirabai,0.2372
hindi_0032,sanskrit_0042,hindi,sanskrit,Mirabai,Upanishad,0.2371
hindi_0020,english_0088,hindi,english,Mirabai,Dylan Thomas,0.2371
hindi_0029,sanskrit_0045,hindi,sanskrit,Mirabai,Upanishad,0.237
sanskrit_0053,english_0088,sanskrit,english,Vedic tradition,Dylan Thomas,0.2369
urdu_0008,hindi_0032,urdu,hindi,Ghalib,Mirabai,0.2367
hindi_0032,sanskrit_0039,hindi,sanskrit,Mirabai,Upanishad,0.2367
sanskrit_0047,english_0076,sanskrit,english,Vedic tradition,Dylan Thomas,0.2366
arabic_0060,english_0083,arabic,english,Al-Hallaj,e.e. cummings,0.2366
arabic_0060,english_0084,arabic,english,Al-Hallaj,Keats,0.2365
urdu_0005,english_0085,urdu,english,Ghalib,Dylan Thomas,0.2364
sanskrit_0038,english_0088,sanskrit,english,Vedic tradition,Dylan Thomas,0.2362
urdu_0014,arabic_0066,urdu,arabic,Ghalib,Al-Hallaj,0.2362
hindi_0032,sanskrit_0048,hindi,sanskrit,Mirabai,Upanishad,0.2361
urdu_0008,hindi_0023,urdu,hindi,Ghalib,Mirabai,0.236
urdu_0005,arabic_0054,urdu,arabic,Ghalib,Al-Hallaj,0.236
arabic_0063,english_0074,arabic,english,Al-Hallaj,e.e. cummings,0.2359
hindi_0023,sanskrit_0044,hindi,sanskrit,Mirabai,Vedic tradition,0.2359
urdu_0017,hindi_0032,urdu,hindi,Ghalib,Mirabai,0.2359
hindi_0026,sanskrit_0044,hindi,sanskrit,Mirabai,Vedic tradition,0.2358
urdu_0002,hindi_0029,urdu,hindi,Ghalib,Mirabai,0.2357
urdu_0017,hindi_0023,urdu,hindi,Ghalib,Mirabai,0.2354
sanskrit_0044,arabic_0069,sanskrit,arabic,Vedic tradition,Al-Hallaj,0.2353
sanskrit_0041,arabic_0054,sanskrit,arabic,Vedic tradition,Al-Hallaj,0.2353
hindi_0032,sanskrit_0050,hindi,sanskrit,Mirabai,Vedic tradition,0.2352
urdu_0008,english_0085,urdu,english,Ghalib,Dylan Thomas,0.2352
sanskrit_0047,english_0088,sanskrit,english,Vedic tradition,Dylan Thomas,0.2352
urdu_0005,hindi_0032,urdu,hindi,Ghalib,Mirabai,0.2352
hindi_0029,sanskrit_0051,hindi,sanskrit,Mirabai,Upanishad,0.2351
urdu_0008,arabic_0054,urdu,arabic,Ghalib,Al-Hallaj,0.2351
hindi_0029,english_0081,hindi,english,Mirabai,Keats,0.235
hindi_0023,sanskrit_0045,hindi,sanskrit,Mirabai,Upanishad,0.235
urdu_0002,hindi_0026,urdu,hindi,Ghalib,Mirabai,0.2347
sanskrit_0044,english_0076,sanskrit,english,Vedic tradition,Dylan Thomas,0.2346
sanskrit_0038,arabic_0069,sanskrit,arabic,Vedic tradition,Al-Hallaj,0.2346
urdu_0005,hindi_0023,urdu,hindi,Ghalib,Mirabai,0.2346
sanskrit_0041,english_0073,sanskrit,english,Vedic tradition,Dylan Thomas,0.2344
sanskrit_0050,english_0085,sanskrit,english,Vedic tradition,Dylan Thomas,0.2343
hindi_0020,arabic_0061,hindi,arabic,Mirabai,Imru al-Qays,0.2341
urdu_0014,english_0088,urdu,english,Ghalib,Dylan Thomas,0.2339
sanskrit_0053,arabic_0069,sanskrit,arabic,Vedic tradition,Al-Hallaj,0.2338
hindi_0029,english_0083,hindi,english,Mirabai,e.e. cummings,0.2336
arabic_0063,english_0084,arabic,english,Al-Hallaj,Keats,0.2336
hindi_0023,sanskrit_0041,hindi,sanskrit,Mirabai,Vedic tradition,0.2335
sanskrit_0044,english_0088,sanskrit,english,Vedic tradition,Dylan Thomas,0.2333
hindi_0020,arabic_0060,hindi,arabic,Mirabai,Al-Hallaj,0.2332
hindi_0023,sanskrit_0051,hindi,sanskrit,Mirabai,Upanishad,0.2331
hindi_0020,arabic_0067,hindi,arabic,Mirabai,Imru al-Qays,0.233
hindi_0020,arabic_0064,hindi,arabic,Mirabai,Imru al-Qays,0.2329
urdu_0011,english_0085,urdu,english,Ghalib,Dylan Thomas,0.2329
sanskrit_0044,arabic_0054,sanskrit,arabic,Vedic tradition,Al-Hallaj,0.2328
hindi_0026,sanskrit_0041,hindi,sanskrit,Mirabai,Vedic tradition,0.2328
arabic_0063,english_0086,arabic,english,Al-Hallaj,e.e. cummings,0.2328
hindi_0020,sanskrit_0044,hindi,sanskrit,Mirabai,Vedic tradition,0.2326
urdu_0014,english_0076,urdu,english,Ghalib,Dylan Thomas,0.2325
hindi_0020,sanskrit_0050,hindi,sanskrit,Mirabai,Vedic tradition,0.2323
urdu_0011,hindi_0032,urdu,hindi,Ghalib,Mirabai,0.2322
hindi_0032,sanskrit_0044,hindi,sanskrit,Mirabai,Vedic tradition,0.2321
hindi_0032,sanskrit_0045,hindi,sanskrit,Mirabai,Upanishad,0.2319
sanskrit_0038,arabic_0054,sanskrit,arabic,Vedic tradition,Al-Hallaj,0.2319
arabic_0063,english_0080,arabic,english,Al-Hallaj,e.e. cummings,0.2319
urdu_0017,english_0088,urdu,english,Ghalib,Dylan Thomas,0.2318
hindi_0023,sanskrit_0038,hindi,sanskrit,Mirabai,Vedic tradition,0.2317
urdu_0011,hindi_0023,urdu,hindi,Ghalib,Mirabai,0.2316
arabic_0057,english_0089,arabic,english,Al-Hallaj,e.e. cummings,0.2315
sanskrit_0053,arabic_0054,sanskrit,arabic,Vedic tradition,Al-Hallaj,0.2314
hindi_0026,sanskrit_0038,hindi,sanskrit,Mirabai,Vedic tradition,0.2313
hindi_0035,sanskrit_0053,hindi,sanskrit,Mirabai,Vedic tradition,0.2312
sanskrit_0047,english_0073,sanskrit,english,Vedic tradition,Dylan Thomas,0.2312
hindi_0029,sanskrit_0047,hindi,sanskrit,Mirabai,Vedic tradition,0.2308
urdu_0017,english_0076,urdu,english,Ghalib,Dylan Thomas,0.2307
sanskrit_0047,arabic_0069,sanskrit,arabic,Vedic tradition,Al-Hallaj,0.2307
hindi_0032,sanskrit_0041,hindi,sanskrit,Mirabai,Vedic tradition,0.2306
hindi_0020,sanskrit_0041,hindi,sanskrit,Mirabai,Vedic tradition,0.2305
urdu_0005,english_0088,urdu,english,Ghalib,Dylan Thomas,0.2305
sanskrit_0053,english_0073,sanskrit,english,Vedic tradition,Dylan Thomas,0.2303
hindi_0023,english_0083,hindi,english,Mirabai,e.e. cummings,0.2303
urdu_0017,arabic_0066,urdu,arabic,Ghalib,Al-Hallaj,0.2301
sanskrit_0050,english_0076,sanskrit,english,Vedic tradition,Dylan Thomas,0.23
arabic_0062,english_0072,arabic,english,Arabic proverb,Keats,0.23
arabic_0060,english_0074,arabic,english,Al-Hallaj,e.e. cummings,0.2299
sanskrit_0050,english_0072,sanskrit,english,Vedic tradition,Keats,0.2299
urdu_0014,arabic_0056,urdu,arabic,Ghalib,Arabic proverb,0.2298
urdu_0008,english_0088,urdu,english,Ghalib,Dylan Thomas,0.2297
sanskrit_0050,arabic_0069,sanskrit,arabic,Vedic tradition,Al-Hallaj,0.2295
urdu_0005,english_0076,urdu,english,Ghalib,Dylan Thomas,0.2295
urdu_0002,hindi_0032,urdu,hindi,Ghalib,Mirabai,0.2295
hindi_0025,english_0072,hindi,english,Kabir,Keats,0.2295
urdu_0002,arabic_0054,urdu,arabic,Ghalib,Al-Hallaj,0.2295
hindi_0032,sanskrit_0051,hindi,sanskrit,Mirabai,Upanishad,0.2294
hindi_0026,english_0083,hindi,english,Mirabai,e.e. cummings,0.2293
urdu_0014,arabic_0057,urdu,arabic,Ghalib,Al-Hallaj,0.2292
arabic_0060,english_0077,arabic,english,Al-Hallaj,e.e. cummings,0.2292
hindi_0035,english_0080,hindi,english,Mirabai,e.e. cummings,0.2291
hindi_0020,arabic_0070,hindi,arabic,Mirabai,Imru al-Qays,0.2291
sanskrit_0047,arabic_0054,sanskrit,arabic,Vedic tradition,Al-Hallaj,0.229
urdu_0002,hindi_0023,urdu,hindi,Ghalib,Mirabai,0.229
hindi_0032,sanskrit_0038,hindi,sanskrit,Mirabai,Vedic tradition,0.2289
urdu_0011,arabic_0054,urdu,arabic,Ghalib,Al-Hallaj,0.2289
hindi_0035,english_0074,hindi,english,Mirabai,e.e. cummings,0.2286
urdu_0012,english_0072,urdu,english,Ghalib,Keats,0.2285
sanskrit_0038,english_0073,sanskrit,english,Vedic tradition,Dylan Thomas,0.2284
hindi_0020,sanskrit_0038,hindi,sanskrit,Mirabai,Vedic tradition,0.2283
hindi_0020,arabic_0063,hindi,arabic,Mirabai,Al-Hallaj,0.2283
urdu_0008,english_0076,urdu,english,Ghalib,Dylan Thomas,0.2282
hindi_0029,english_0077,hindi,english,Mirabai,e.e. cummings,0.2282
hindi_0019,english_0072,hindi,english,Kabir,Keats,0.2279
hindi_0020,arabic_0058,hindi,arabic,Mirabai,Imru al-Qays,0.2279
sanskrit_0053,english_0082,sanskrit,english,Vedic tradition,Dylan Thomas,0.2279
hindi_0026,english_0075,hindi,english,Mirabai,Keats,0.2278
urdu_0006,english_0072,urdu,english,Ghalib,Keats,0.2278
urdu_0005,arabic_0066,urdu,arabic,Ghalib,Al-Hallaj,0.2278
hindi_0023,sanskrit_0047,hindi,sanskrit,Mirabai,Vedic tradition,0.2278
arabic_0065,english_0072,arabic,english,Arabic proverb,Keats,0.2277
urdu_0003,english_0072,urdu,english,Ghalib,Keats,0.2274
sanskrit_0041,english_0082,sanskrit,english,Vedic tradition,Dylan Thomas,0.2274
urdu_0014,english_0073,urdu,english,Ghalib,Dylan Thomas,0.2274
arabic_0057,english_0087,arabic,english,Al-Hallaj,Keats,0.2273
urdu_0002,english_0085,urdu,english,Ghalib,Dylan Thomas,0.2272
urdu_0014,english_0082,urdu,english,Ghalib,Dylan Thomas,0.2272
urdu_0008,arabic_0066,urdu,arabic,Ghalib,Al-Hallaj,0.2272
urdu_0000,english_0072,urdu,english,Ghalib,Keats,0.2271
hindi_0020,sanskrit_0047,hindi,sanskrit,Mirabai,Vedic tradition,0.2271
sanskrit_0050,english_0088,sanskrit,english,Vedic tradition,Dylan Thomas,0.227
hindi_0026,sanskrit_0047,hindi,sanskrit,Mirabai,Vedic tradition,0.2269
urdu_0009,english_0072,urdu,english,Ghalib,Keats,0.2269
hindi_0023,english_0075,hindi,english,Mirabai,Keats,0.2267
urdu_0011,english_0088,urdu,english,Ghalib,Dylan Thomas,0.2266
sanskrit_0050,arabic_0054,sanskrit,arabic,Vedic tradition,Al-Hallaj,0.2266
urdu_0011,english_0080,urdu,english,Ghalib,e.e. cummings,0.2265
sanskrit_0047,english_0082,sanskrit,english,Vedic tradition,Dylan Thomas,0.2263
arabic_0060,english_0086,arabic,english,Al-Hallaj,e.e. cummings,0.2261
urdu_0011,english_0076,urdu,english,Ghalib,Dylan Thomas,0.2258
sanskrit_0041,arabic_0066,sanskrit,arabic,Vedic tradition,Al-Hallaj,0.2256
urdu_0010,english_0078,urdu,english,Ghalib,Keats,0.2254
hindi_0032,english_0083,hindi,english,Mirabai,e.e. cummings,0.2252
hindi_0023,english_0077,hindi,english,Mirabai,e.e. cummings,0.2247
hindi_0032,sanskrit_0047,hindi,sanskrit,Mirabai,Vedic tradition,0.2245
urdu_0001,english_0078,urdu,english,Ghalib,Keats,0.2245
arabic_0063,english_0089,arabic,english,Al-Hallaj,e.e. cummings,0.2244
hindi_0029,sanskrit_0053,hindi,sanskrit,Mirabai,Vedic tradition,0.2243
arabic_0060,english_0087,arabic,english,Al-Hallaj,Keats,0.2241
urdu_0017,english_0082,urdu,english,Ghalib,Dylan Thomas,0.2241
sanskrit_0044,english_0073,sanskrit,english,Vedic tradition,Dylan Thomas,0.2238
urdu_0014,english_0081,urdu,english,Ghalib,Keats,0.2237
hindi_0026,english_0077,hindi,english,Mirabai,e.e. cummings,0.2235
urdu_0015,english_0072,urdu,english,Ghalib,Keats,0.2234
arabic_0060,english_0078,arabic,english,Al-Hallaj,Keats,0.2234
sanskrit_0044,arabic_0066,sanskrit,arabic,Vedic tradition,Al-Hallaj,0.2229
urdu_0016,english_0078,urdu,english,Ghalib,Keats,0.2228
urdu_0005,english_0082,urdu,english,Ghalib,Dylan Thomas,0.2228
sanskrit_0038,english_0082,sanskrit,english,Vedic tradition,Dylan Thomas,0.2226
arabic_0063,english_0087,arabic,english,Al-Hallaj,Keats,0.2225
urdu_0017,english_0073,urdu,english,Ghalib,Dylan Thomas,0.2224
sanskrit_0038,arabic_0066,sanskrit,arabic,Vedic tradition,Al-Hallaj,0.2223
sanskrit_0053,arabic_0066,sanskrit,arabic,Vedic tradition,Al-Hallaj,0.2223
urdu_0008,english_0082,urdu,english,Ghalib,Dylan Thomas,0.2223
urdu_0017,arabic_0057,urdu,arabic,Ghalib,Al-Hallaj,0.2222
urdu_0011,english_0081,urdu,english,Ghalib,Keats,0.2217
urdu_0002,english_0088,urdu,english,Ghalib,Dylan Thomas,0.2217
hindi_0035,english_0086,hindi,english,Mirabai,e.e. cummings,0.2217
hindi_0020,arabic_0055,hindi,arabic,Mirabai,Imru al-Qays,0.2215
urdu_0017,english_0080,urdu,english,Ghalib,e.e. cummings,0.2215
arabic_0057,english_0078,arabic,english,Al-Hallaj,Keats,0.2214
urdu_0002,arabic_0066,urdu,arabic,Ghalib,Al-Hallaj,0.2214
arabic_0060,english_0089,arabic,english,Al-Hallaj,e.e. cummings,0.2209
urdu_0011,arabic_0066,urdu,arabic,Ghalib,Al-Hallaj,0.2208
urdu_0005,english_0073,urdu,english,Ghalib,Dylan Thomas,0.2208
urdu_0002,english_0076,urdu,english,Ghalib,Dylan Thomas,0.2207
urdu_0014,english_0080,urdu,english,Ghalib,e.e. cummings,0.2207
urdu_0008,english_0073,urdu,english,Ghalib,Dylan Thomas,0.2207
urdu_0017,english_0081,urdu,english,Ghalib,Keats,0.2206
hindi_0023,sanskrit_0053,hindi,sanskrit,Mirabai,Vedic tradition,0.2206
urdu_0005,english_0080,urdu,english,Ghalib,e.e. cummings,0.2206
urdu_0008,arabic_0057,urdu,arabic,Ghalib,Al-Hallaj,0.2205
hindi_0029,english_0080,hindi,english,Mirabai,e.e. cummings,0.2204
sanskrit_0047,arabic_0066,sanskrit,arabic,Vedic tradition,Al-Hallaj,0.2201
hindi_0032,english_0077,hindi,english,Mirabai,e.e. cummings,0.22
urdu_0005,arabic_0057,urdu,arabic,Ghalib,Al-Hallaj,0.2199
hindi_0020,english_0082,hindi,english,Mirabai,Dylan Thomas,0.2199
urdu_0014,arabic_0063,urdu,arabic,Ghalib,Al-Hallaj,0.2197
hindi_0026,sanskrit_0053,hindi,sanskrit,Mirabai,Vedic tradition,0.2197
hindi_0029,english_0074,hindi,english,Mirabai,e.e. cummings,0.2193
urdu_0007,english_0078,urdu,english,Ghalib,Keats,0.2193
hindi_0020,sanskrit_0053,hindi,sanskrit,Mirabai,Vedic tradition,0.2193
sanskrit_0041,arabic_0057,sanskrit,arabic,Vedic tradition,Al-Hallaj,0.2192
urdu_0004,english_0078,urdu,english,Ghalib,Keats,0.2191
arabic_0063,english_0078,arabic,english,Al-Hallaj,Keats,0.2188
hindi_0032,english_0075,hindi,english,Mirabai,Keats,0.2188
urdu_0011,english_0077,urdu,english,Ghalib,e.e. cummings,0.2184
hindi_0032,sanskrit_0053,hindi,sanskrit,Mirabai,Vedic tradition,0.218
arabic_0060,english_0080,arabic,english,Al-Hallaj,e.e. cummings,0.218
sanskrit_0044,english_0082,sanskrit,english,Vedic tradition,Dylan Thomas,0.2178
urdu_0011,english_0082,urdu,english,Ghalib,Dylan Thomas,0.2177
urdu_0013,english_0078,urdu,english,Ghalib,Keats,0.2175
urdu_0005,english_0081,urdu,english,Ghalib,Keats,0.2172
sanskrit_0050,english_0073,sanskrit,english,Vedic tradition,Dylan Thomas,0.217
sanskrit_0053,arabic_0057,sanskrit,arabic,Vedic tradition,Al-Hallaj,0.2169
hindi_0023,english_0074,hindi,english,Mirabai,e.e. cummings,0.2168
hindi_0023,english_0080,hindi,english,Mirabai,e.e. cummings,0.2167
sanskrit_0050,arabic_0066,sanskrit,arabic,Vedic tradition,Al-Hallaj,0.2165
urdu_0011,english_0073,urdu,english,Ghalib,Dylan Thomas,0.2162
sanskrit_0044,arabic_0057,sanskrit,arabic,Vedic tradition,Al-Hallaj,0.2161
hindi_0020,english_0073,hindi,english,Mirabai,Dylan Thomas,0.2161
hindi_0026,english_0074,hindi,english,Mirabai,e.e. cummings,0.2159
hindi_0026,english_0080,hindi,english,Mirabai,e.e. cummings,0.2157
sanskrit_0047,arabic_0057,sanskrit,arabic,Vedic tradition,Al-Hallaj,0.2157
hindi_0035,english_0089,hindi,english,Mirabai,e.e. cummings,0.2152
hindi_0022,english_0072,hindi,english,Kabir,Keats,0.2151
urdu_0008,english_0081,urdu,english,Ghalib,Keats,0.215
sanskrit_0038,arabic_0057,sanskrit,arabic,Vedic tradition,Al-Hallaj,0.2146
urdu_0002,english_0082,urdu,english,Ghalib,Dylan Thomas,0.2142
urdu_0002,arabic_0057,urdu,arabic,Ghalib,Al-Hallaj,0.2141
hindi_0029,english_0075,hindi,english,Mirabai,Keats,0.2138
hindi_0020,english_0083,hindi,english,Mirabai,e.e. cummings,0.2137
urdu_0017,english_0077,urdu,english,Ghalib,e.e. cummings,0.2135
urdu_0014,english_0077,urdu,english,Ghalib,e.e. cummings,0.2135
hindi_0029,english_0086,hindi,english,Mirabai,e.e. cummings,0.213
urdu_0011,arabic_0057,urdu,arabic,Ghalib,Al-Hallaj,0.2129
urdu_0005,english_0077,urdu,english,Ghalib,e.e. cummings,0.2129
urdu_0017,arabic_0063,urdu,arabic,Ghalib,Al-Hallaj,0.2128
urdu_0002,english_0080,urdu,english,Ghalib,e.e. cummings,0.2128
urdu_0002,english_0081,urdu,english,Ghalib,Keats,0.2126
urdu_0002,english_0073,urdu,english,Ghalib,Dylan Thomas,0.2126
urdu_0008,english_0080,urdu,english,Ghalib,e.e. cummings,0.2123
hindi_0032,english_0074,hindi,english,Mirabai,e.e. cummings,0.2121
hindi_0032,english_0080,hindi,english,Mirabai,e.e. cummings,0.2118
arabic_0060,english_0072,arabic,english,Al-Hallaj,Keats,0.2114
sanskrit_0050,english_0082,sanskrit,english,Vedic tradition,Dylan Thomas,0.2114
urdu_0008,arabic_0063,urdu,arabic,Ghalib,Al-Hallaj,0.2114
sanskrit_0041,arabic_0063,sanskrit,arabic,Vedic tradition,Al-Hallaj,0.2113
urdu_0005,arabic_0063,urdu,arabic,Ghalib,Al-Hallaj,0.2108
hindi_0023,english_0086,hindi,english,Mirabai,e.e. cummings,0.2106
sanskrit_0047,arabic_0060,sanskrit,arabic,Vedic tradition,Al-Hallaj,0.2104
urdu_0011,english_0083,urdu,english,Ghalib,e.e. cummings,0.2101
arabic_0066,english_0072,arabic,english,Al-Hallaj,Keats,0.2098
hindi_0020,english_0077,hindi,english,Mirabai,e.e. cummings,0.2098
hindi_0031,english_0072,hindi,english,Kabir,Keats,0.2098
sanskrit_0053,arabic_0063,sanskrit,arabic,Vedic tradition,Al-Hallaj,0.2096
hindi_0026,english_0086,hindi,english,Mirabai,e.e. cummings,0.2096
sanskrit_0041,arabic_0060,sanskrit,arabic,Vedic tradition,Al-Hallaj,0.2094
hindi_0028,english_0072,hindi,english,Kabir,Keats,0.2093
sanskrit_0047,arabic_0063,sanskrit,arabic,Vedic tradition,Al-Hallaj,0.2091
sanskrit_0053,arabic_0060,sanskrit,arabic,Vedic tradition,Al-Hallaj,0.2089
sanskrit_0044,arabic_0063,sanskrit,arabic,Vedic tradition,Al-Hallaj,0.2087
sanskrit_0050,arabic_0057,sanskrit,arabic,Vedic tradition,Al-Hallaj,0.2085
arabic_0054,english_0072,arabic,english,Al-Hallaj,Keats,0.2084
sanskrit_0038,arabic_0063,sanskrit,arabic,Vedic tradition,Al-Hallaj,0.2075
hindi_0029,english_0089,hindi,english,Mirabai,e.e. cummings,0.2075
hindi_0020,sanskrit_0048,hindi,sanskrit,Mirabai,Upanishad,0.2074
arabic_0069,english_0072,arabic,english,Al-Hallaj,Keats,0.2067
hindi_0020,sanskrit_0036,hindi,sanskrit,Mirabai,Upanishad,0.2066
hindi_0032,english_0086,hindi,english,Mirabai,e.e. cummings,0.2061
sanskrit_0044,arabic_0060,sanskrit,arabic,Vedic tradition,Al-Hallaj,0.2058
urdu_0002,english_0077,urdu,english,Ghalib,e.e. cummings,0.2055
urdu_0017,english_0083,urdu,english,Ghalib,e.e. cummings,0.2055
hindi_0020,sanskrit_0042,hindi,sanskrit,Mirabai,Upanishad,0.2054
hindi_0023,english_0089,hindi,english,Mirabai,e.e. cummings,0.2053
urdu_0011,english_0089,urdu,english,Ghalib,e.e. cummings,0.2052
urdu_0002,arabic_0063,urdu,arabic,Ghalib,Al-Hallaj,0.2052
urdu_0005,english_0083,urdu,english,Ghalib,e.e. cummings,0.205
urdu_0014,english_0083,urdu,english,Ghalib,e.e. cummings,0.2049
urdu_0008,english_0077,urdu,english,Ghalib,e.e. cummings,0.2048
sanskrit_0038,arabic_0060,sanskrit,arabic,Vedic tradition,Al-Hallaj,0.2045
urdu_0011,arabic_0063,urdu,arabic,Ghalib,Al-Hallaj,0.2042
hindi_0026,english_0089,hindi,english,Mirabai,e.e. cummings,0.2042
hindi_0020,sanskrit_0039,hindi,sanskrit,Mirabai,Upanishad,0.2034
hindi_0020,english_0080,hindi,english,Mirabai,e.e. cummings,0.2021
urdu_0014,arabic_0060,urdu,arabic,Ghalib,Al-Hallaj,0.2021
hindi_0020,english_0074,hindi,english,Mirabai,e.e. cummings,0.202
urdu_0011,english_0086,urdu,english,Ghalib,e.e. cummings,0.202
urdu_0014,english_0089,urdu,english,Ghalib,e.e. cummings,0.2018
hindi_0020,sanskrit_0051,hindi,sanskrit,Mirabai,Upanishad,0.2018
sanskrit_0050,arabic_0063,sanskrit,arabic,Vedic tradition,Al-Hallaj,0.2013
hindi_0032,english_0089,hindi,english,Mirabai,e.e. cummings,0.2009
urdu_0017,english_0089,urdu,english,Ghalib,e.e. cummings,0.2004
urdu_0005,english_0089,urdu,english,Ghalib,e.e. cummings,0.2003
hindi_0020,sanskrit_0045,hindi,sanskrit,Mirabai,Upanishad,0.2003
urdu_0011,english_0074,urdu,english,Ghalib,e.e. cummings,0.1993
arabic_0057,english_0072,arabic,english,Al-Hallaj,Keats,0.199
urdu_0014,english_0086,urdu,english,Ghalib,e.e. cummings,0.1987
arabic_0063,english_0072,arabic,english,Al-Hallaj,Keats,0.1985
urdu_0002,english_0083,urdu,english,Ghalib,e.e. cummings,0.1979
urdu_0008,english_0083,urdu,english,Ghalib,e.e. cummings,0.1977
urdu_0017,english_0086,urdu,english,Ghalib,e.e. cummings,0.1974
urdu_0005,english_0086,urdu,english,Ghalib,e.e. cummings,0.1973
urdu_0011,arabic_0056,urdu,arabic,Ghalib,Arabic proverb,0.1972
urdu_0014,english_0075,urdu,english,Ghalib,Keats,0.1972
hindi_0020,english_0086,hindi,english,Mirabai,e.e. cummings,0.1968
urdu_0017,arabic_0056,urdu,arabic,Ghalib,Arabic proverb,0.1965
urdu_0011,sanskrit_0050,urdu,sanskrit,Ghalib,Vedic tradition,0.1957
urdu_0005,arabic_0056,urdu,arabic,Ghalib,Arabic proverb,0.1957
urdu_0014,english_0074,urdu,english,Ghalib,e.e. cummings,0.1957
hindi_0020,english_0089,hindi,english,Mirabai,e.e. cummings,0.1953
sanskrit_0050,arabic_0060,sanskrit,arabic,Vedic tradition,Al-Hallaj,0.1948
urdu_0017,english_0074,urdu,english,Ghalib,e.e. cummings,0.1947
urdu_0005,english_0074,urdu,english,Ghalib,e.e. cummings,0.1946
urdu_0010,english_0072,urdu,english,Ghalib,Keats,0.1938
urdu_0008,english_0089,urdu,english,Ghalib,e.e. cummings,0.1937
urdu_0011,english_0075,urdu,english,Ghalib,Keats,0.1934
urdu_0001,english_0072,urdu,english,Ghalib,Keats,0.1931
hindi_0035,english_0084,hindi,english,Mirabai,Keats,0.193
urdu_0002,english_0089,urdu,english,Ghalib,e.e. cummings,0.1925
urdu_0014,sanskrit_0050,urdu,sanskrit,Ghalib,Vedic tradition,0.1924
urdu_0016,english_0072,urdu,english,Ghalib,Keats,0.1923
urdu_0017,english_0075,urdu,english,Ghalib,Keats,0.1922
urdu_0008,arabic_0060,urdu,arabic,Ghalib,Al-Hallaj,0.192
urdu_0005,sanskrit_0050,urdu,sanskrit,Ghalib,Vedic tradition,0.1914
urdu_0008,english_0086,urdu,english,Ghalib,e.e. cummings,0.1911
urdu_0017,sanskrit_0050,urdu,sanskrit,Ghalib,Vedic tradition,0.191
urdu_0017,arabic_0060,urdu,arabic,Ghalib,Al-Hallaj,0.1907
urdu_0002,english_0086,urdu,english,Ghalib,e.e. cummings,0.19
urdu_0005,arabic_0060,urdu,arabic,Ghalib,Al-Hallaj,0.1897
urdu_0007,english_0072,urdu,english,Ghalib,Keats,0.1895
urdu_0005,english_0075,urdu,english,Ghalib,Keats,0.1892
urdu_0004,english_0072,urdu,english,Ghalib,Keats,0.189
urdu_0008,english_0074,urdu,english,Ghalib,e.e. cummings,0.1889
urdu_0008,english_0075,urdu,english,Ghalib,Keats,0.1879
urdu_0013,english_0072,urdu,english,Ghalib,Keats,0.1879
urdu_0002,english_0074,urdu,english,Ghalib,e.e. cummings,0.1876
urdu_0008,sanskrit_0050,urdu,sanskrit,Ghalib,Vedic tradition,0.1859
urdu_0002,arabic_0060,urdu,arabic,Ghalib,Al-Hallaj,0.1848
urdu_0002,sanskrit_0050,urdu,sanskrit,Ghalib,Vedic tradition,0.1847
hindi_0035,english_0087,hindi,english,Mirabai,Keats,0.1839
urdu_0002,english_0075,urdu,english,Ghalib,Keats,0.1839
urdu_0008,arabic_0056,urdu,arabic,Ghalib,Arabic proverb,0.1833
urdu_0011,arabic_0060,urdu,arabic,Ghalib,Al-Hallaj,0.1825
urdu_0002,arabic_0056,urdu,arabic,Ghalib,Arabic proverb,0.182
hindi_0020,english_0081,hindi,english,Mirabai,Keats,0.1816
hindi_0026,english_0084,hindi,english,Mirabai,Keats,0.1791
hindi_0023,english_0084,hindi,english,Mirabai,Keats,0.1783
urdu_0011,sanskrit_0041,urdu,sanskrit,Ghalib,Vedic tradition,0.1779
urdu_0011,sanskrit_0044,urdu,sanskrit,Ghalib,Vedic tradition,0.1776
urdu_0011,sanskrit_0038,urdu,sanskrit,Ghalib,Vedic tradition,0.1772
urdu_0014,sanskrit_0038,urdu,sanskrit,Ghalib,Vedic tradition,0.1759
urdu_0014,sanskrit_0041,urdu,sanskrit,Ghalib,Vedic tradition,0.1757
urdu_0005,sanskrit_0041,urdu,sanskrit,Ghalib,Vedic tradition,0.174
hindi_0035,english_0078,hindi,english,Mirabai,Keats,0.1736
urdu_0005,sanskrit_0038,urdu,sanskrit,Ghalib,Vedic tradition,0.1735
urdu_0005,sanskrit_0044,urdu,sanskrit,Ghalib,Vedic tradition,0.1735
urdu_0017,sanskrit_0041,urdu,sanskrit,Ghalib,Vedic tradition,0.1733
urdu_0017,sanskrit_0044,urdu,sanskrit,Ghalib,Vedic tradition,0.1732
urdu_0014,sanskrit_0044,urdu,sanskrit,Ghalib,Vedic tradition,0.1731
urdu_0017,sanskrit_0038,urdu,sanskrit,Ghalib,Vedic tradition,0.1728
hindi_0020,english_0075,hindi,english,Mirabai,Keats,0.1728
hindi_0032,english_0084,hindi,english,Mirabai,Keats,0.1728
hindi_0023,english_0087,hindi,english,Mirabai,Keats,0.1727
hindi_0026,english_0087,hindi,english,Mirabai,Keats,0.1725
urdu_0011,sanskrit_0047,urdu,sanskrit,Ghalib,Vedic tradition,0.172
urdu_0011,sanskrit_0053,urdu,sanskrit,Ghalib,Vedic tradition,0.1718
urdu_0014,sanskrit_0047,urdu,sanskrit,Ghalib,Vedic tradition,0.1706
urdu_0014,sanskrit_0053,urdu,sanskrit,Ghalib,Vedic tradition,0.1704
urdu_0008,sanskrit_0041,urdu,sanskrit,Ghalib,Vedic tradition,0.17
urdu_0008,sanskrit_0038,urdu,sanskrit,Ghalib,Vedic tradition,0.1695
hindi_0029,english_0084,hindi,english,Mirabai,Keats,0.1693
urdu_0005,sanskrit_0047,urdu,sanskrit,Ghalib,Vedic tradition,0.1688
urdu_0005,sanskrit_0053,urdu,sanskrit,Ghalib,Vedic tradition,0.1687
urdu_0008,sanskrit_0044,urdu,sanskrit,Ghalib,Vedic tradition,0.1684
hindi_0032,english_0087,hindi,english,Mirabai,Keats,0.1682
urdu_0017,sanskrit_0047,urdu,sanskrit,Ghalib,Vedic tradition,0.1681
urdu_0017,sanskrit_0053,urdu,sanskrit,Ghalib,Vedic tradition,0.1679
urdu_0014,english_0087,urdu,english,Ghalib,Keats,0.1676
urdu_0002,sanskrit_0044,urdu,sanskrit,Ghalib,Vedic tradition,0.1672
urdu_0002,sanskrit_0041,urdu,sanskrit,Ghalib,Vedic tradition,0.1671
urdu_0002,sanskrit_0038,urdu,sanskrit,Ghalib,Vedic tradition,0.1666
urdu_0014,hindi_0020,urdu,hindi,Ghalib,Mirabai,0.1648
hindi_0029,english_0087,hindi,english,Mirabai,Keats,0.1648
urdu_0008,sanskrit_0053,urdu,sanskrit,Ghalib,Vedic tradition,0.1643
urdu_0008,sanskrit_0047,urdu,sanskrit,Ghalib,Vedic tradition,0.1639
hindi_0026,english_0078,hindi,english,Mirabai,Keats,0.1636
hindi_0023,english_0078,hindi,english,Mirabai,Keats,0.1634
urdu_0002,sanskrit_0047,urdu,sanskrit,Ghalib,Vedic tradition,0.1621
urdu_0002,sanskrit_0053,urdu,sanskrit,Ghalib,Vedic tradition,0.1613
urdu_0008,hindi_0020,urdu,hindi,Ghalib,Mirabai,0.1609
urdu_0014,english_0084,urdu,english,Ghalib,Keats,0.1598
urdu_0017,hindi_0020,urdu,hindi,Ghalib,Mirabai,0.1584
hindi_0032,english_0078,hindi,english,Mirabai,Keats,0.158
urdu_0005,hindi_0020,urdu,hindi,Ghalib,Mirabai,0.1574
urdu_0011,hindi_0020,urdu,hindi,Ghalib,Mirabai,0.1568
urdu_0017,english_0087,urdu,english,Ghalib,Keats,0.1565
urdu_0008,english_0087,urdu,english,Ghalib,Keats,0.1559
urdu_0011,english_0087,urdu,english,Ghalib,Keats,0.1558
urdu_0005,english_0087,urdu,english,Ghalib,Keats,0.1554
urdu_0002,hindi_0020,urdu,hindi,Ghalib,Mirabai,0.1551
hindi_0020,english_0084,hindi,english,Mirabai,Keats,0.155
hindi_0029,english_0078,hindi,english,Mirabai,Keats,0.1544
hindi_0020,english_0087,hindi,english,Mirabai,Keats,0.1518
urdu_0017,english_0084,urdu,english,Ghalib,Keats,0.1511
urdu_0011,english_0084,urdu,english,Ghalib,Keats,0.151
urdu_0002,english_0087,urdu,english,Ghalib,Keats,0.1506
hindi_0020,english_0078,hindi,english,Mirabai,Keats,0.1503
urdu_0008,english_0084,urdu,english,Ghalib,Keats,0.1503
urdu_0014,english_0078,urdu,english,Ghalib,Keats,0.15
urdu_0005,english_0084,urdu,english,Ghalib,Keats,0.1486
hindi_0035,english_0072,hindi,english,Mirabai,Keats,0.1454
urdu_0002,english_0084,urdu,english,Ghalib,Keats,0.1447
hindi_0020,english_0072,hindi,english,Mirabai,Keats,0.1412
urdu_0011,english_0078,urdu,english,Ghalib,Keats,0.1405
urdu_0017,english_0078,urdu,english,Ghalib,Keats,0.1405
urdu_0008,english_0078,urdu,english,Ghalib,Keats,0.1399
urdu_0005,english_0078,urdu,english,Ghalib,Keats,0.1396
hindi_0026,english_0072,hindi,english,Mirabai,Keats,0.1369
hindi_0023,english_0072,hindi,english,Mirabai,Keats,0.1367
urdu_0002,english_0078,urdu,english,Ghalib,Keats,0.1344
hindi_0032,english_0072,hindi,english,Mirabai,Keats,0.133
hindi_0029,english_0072,hindi,english,Mirabai,Keats,0.1309
urdu_0014,english_0072,urdu,english,Ghalib,Keats,0.1265
urdu_0011,english_0072,urdu,english,Ghalib,Keats,0.1159
urdu_0017,english_0072,urdu,english,Ghalib,Keats,0.1155
urdu_0005,english_0072,urdu,english,Ghalib,Keats,0.1152
urdu_0008,english_0072,urdu,english,Ghalib,Keats,0.1151
urdu_0002,english_0072,urdu,english,Ghalib,Keats,0.1112
